Date,Open,High,Low,Close,Volume
2016-06-17 00:00:00+09:00,1507.2811985320945,1540.852852868332,1343.7269850991431,1345.4486083984375,885500
2016-06-20 00:00:00+09:00,1339.422945450663,1372.9946002530899,1336.8405104658611,1338.5621337890625,129000
2016-06-21 00:00:00+09:00,1337.7013032384073,1368.6905226184476,1334.258056640625,1334.258056640625,97100
2016-06-22 00:00:00+09:00,1309.2945296963778,1420.3392333984375,1257.6458303000709,1420.3392333984375,146300
2016-06-23 00:00:00+09:00,1378.1593273956764,1408.2877324293108,1342.005241355315,1356.6390380859375,13500
2016-06-24 00:00:00+09:00,1334.2578851410203,1334.2578851410203,1180.1726196957025,1258.5064697265625,54200
2016-06-27 00:00:00+09:00,1232.6822543718959,1342.0053314006882,1218.0484566593802,1299.8255615234375,34100
2016-06-28 00:00:00+09:00,1304.1727793763114,1381.5536976193057,1262.4392504362693,1346.7757568359375,30900
2016-06-29 00:00:00+09:00,1311.9974885442928,1365.033834999695,1305.9113504264599,1336.342041015625,11600
2016-06-30 00:00:00+09:00,1325.9091898600261,1346.7759574381512,1298.9562817382812,1304.1729736328125,11900
2016-07-01 00:00:00+09:00,1269.3948309581328,1338.9507121065237,1269.3948309581328,1310.2589111328125,22800
2016-07-04 00:00:00+09:00,1287.6533290882803,1348.5147288426217,1286.7838805203612,1342.4285888671875,17400
2016-07-05 00:00:00+09:00,1325.0398122915637,1359.8177601207387,1312.8675305513525,1319.8231201171875,7400
2016-07-06 00:00:00+09:00,1315.4756748687244,1334.603543240907,1315.4756748687244,1325.9090576171875,9800
2016-07-07 00:00:00+09:00,1351.9923676290869,1434.5899720823109,1347.6451252894435,1372.859130859375,28600
2016-07-08 00:00:00+09:00,1407.6370117918461,1467.628953616205,1391.1174915793413,1451.9788818359375,46700
2016-07-11 00:00:00+09:00,1451.9788818359375,1451.9788818359375,1451.9788818359375,1451.9788818359375,0
2016-07-12 00:00:00+09:00,1511.970992647059,1515.448786764706,1478.0625,1478.0625,57400
2016-07-13 00:00:00+09:00,1478.0625055329322,1558.9212190709102,1478.0625055329322,1534.57666015625,81700
2016-07-14 00:00:00+09:00,1556.3127225365095,1558.9210678815427,1482.409604427234,1503.2763671875,42300
2016-07-15 00:00:00+09:00,1482.4095937271563,1491.1040781478434,1436.3288262975145,1486.7568359375,25600
2016-07-19 00:00:00+09:00,1438.9373782889293,1477.193115234375,1403.289987044309,1477.193115234375,16500
2016-07-20 00:00:00+09:00,1442.4150176800576,1468.4984718876537,1425.8954966819135,1449.37060546875,4200
2016-07-21 00:00:00+09:00,1449.3705267021076,1477.1928763448595,1449.3705267021076,1475.4539794921875,4400
2016-07-22 00:00:00+09:00,1475.4541411985833,1475.4541411985833,1443.2845458984375,1443.2845458984375,3100
2016-07-25 00:00:00+09:00,1469.3678504806794,1469.3678504806794,1451.9788818359375,1451.9788818359375,5500
2016-07-26 00:00:00+09:00,1451.9789508895096,1464.151229519721,1427.6343936290866,1449.37060546875,4200
2016-07-27 00:00:00+09:00,1449.3704716210227,1463.281645913726,1426.7648133953799,1432.8509521484375,9000
2016-07-28 00:00:00+09:00,1432.8512926220965,1460.673647818642,1425.89570382296,1459.80419921875,4800
2016-07-29 00:00:00+09:00,1434.5902043451122,1474.5848403450364,1434.5902043451122,1436.3291015625,3100
2016-08-01 00:00:00+09:00,1443.2845676992438,1495.4514797847585,1443.2845676992438,1494.58203125,22100
2016-08-02 00:00:00+09:00,1462.4123678351389,1505.0153440681484,1462.4123678351389,1497.1903076171875,7200
2016-08-03 00:00:00+09:00,1502.4070846103327,1504.145981699002,1478.0625253689616,1489.3653564453125,5100
2016-08-04 00:00:00+09:00,1489.365370698609,1504.14599609375,1478.0625395140896,1504.14599609375,7500
2016-08-05 00:00:00+09:00,1504.14599609375,1508.4932388570267,1482.4097822773663,1504.14599609375,10500
2016-08-08 00:00:00+09:00,1504.146034934304,1505.884932084517,1482.4098205566406,1491.9737548828125,6200
2016-08-09 00:00:00+09:00,1479.8013278784224,1491.1041582323703,1478.931879389657,1480.6707763671875,5900
2016-08-10 00:00:00+09:00,1491.1043285932697,1491.1043285932697,1478.9320483598551,1485.0181884765625,6300
2016-08-12 00:00:00+09:00,1485.0178047960712,1491.1039433403173,1434.5897997151742,1470.2371826171875,19200
2016-08-15 00:00:00+09:00,1471.1067021247836,1508.492983561761,1427.6342818492287,1507.62353515625,21500
2016-08-16 00:00:00+09:00,1486.7568465274214,1487.626294975683,1480.67070738959,1483.279052734375,4900
2016-08-17 00:00:00+09:00,1478.0623348030501,1478.0623348030501,1448.501088106989,1451.9788818359375,3700
2016-08-18 00:00:00+09:00,1451.9791765189923,1465.8903542580963,1434.5902043451122,1436.3291015625,3000
2016-08-19 00:00:00+09:00,1436.3289865541065,1472.8458251953125,1436.3289865541065,1472.8458251953125,5300
2016-08-22 00:00:00+09:00,1494.5821006081321,1498.9293434836648,1465.8902976296165,1491.9737548828125,4300
2016-08-23 00:00:00+09:00,1478.0623619002527,1478.0623619002527,1456.326150695837,1463.28173828125,3600
2016-08-24 00:00:00+09:00,1460.6732815415112,1460.6732815415112,1390.2479626100455,1398.072998046875,12400
2016-08-25 00:00:00+09:00,1381.5538981777308,1415.4623953639684,1381.5538981777308,1398.94287109375,3600
2016-08-26 00:00:00+09:00,1380.6843995491126,1414.5928955078125,1365.0343244912513,1414.5928955078125,3200
2016-08-29 00:00:00+09:00,1417.2008834838866,1417.2008834838866,1383.2923960876465,1391.117431640625,2300
2016-08-30 00:00:00+09:00,1391.1174808827984,1435.4593505859375,1391.1174808827984,1435.4593505859375,2900
2016-08-31 00:00:00+09:00,1417.2007572115385,1417.2007572115385,1412.853515625,1412.853515625,1400
2016-09-01 00:00:00+09:00,1417.2010290187209,1417.2010290187209,1404.1593017578125,1404.1593017578125,600
2016-09-02 00:00:00+09:00,1382.4230896562983,1425.8955138593265,1382.4230896562983,1404.1593017578125,1600
2016-09-05 00:00:00+09:00,1408.5066282156424,1416.3316650390625,1406.7677311437712,1416.3316650390625,6600
2016-09-06 00:00:00+09:00,1413.7233501155201,1425.8956298828125,1385.0315478069026,1425.8956298828125,3300
2016-09-07 00:00:00+09:00,1391.117484794136,1425.8954219139894,1387.6396910821506,1393.725830078125,7400
2016-09-08 00:00:00+09:00,1408.506342538629,1412.8535843365876,1384.16178847006,1410.2452392578125,2200
2016-09-09 00:00:00+09:00,1391.9872352048346,1408.5067589205696,1382.4233004220407,1394.5955810546875,4900
2016-09-12 00:00:00+09:00,1411.984172156794,1411.984172156794,1391.1174109919154,1398.072998046875,4900
2016-09-13 00:00:00+09:00,1398.0732919369104,1398.0732919369104,1372.8592835624263,1382.4232177734375,2300
2016-09-14 00:00:00+09:00,1376.3369034476902,1399.81201171875,1373.7285580842392,1399.81201171875,1300
2016-09-15 00:00:00+09:00,1369.3814005688569,1371.98974609375,1369.3814005688569,1371.98974609375,300
2016-09-16 00:00:00+09:00,1398.9424671936035,1398.9424671936035,1391.117431640625,1391.117431640625,2300
2016-09-20 00:00:00+09:00,1391.1174483998145,1405.8980712890625,1378.0757223210662,1405.8980712890625,1300
2016-09-21 00:00:00+09:00,1407.6373291015625,1413.7234694991603,1391.9872537934536,1407.6373291015625,4000
2016-09-23 00:00:00+09:00,1391.117559058198,1391.117559058198,1389.378662109375,1389.378662109375,300
2016-09-26 00:00:00+09:00,1383.2925549732029,1398.0731793820933,1375.4675185214376,1378.9453125,6500
2016-09-27 00:00:00+09:00,1375.4674339366184,1386.770263671875,1375.4674339366184,1386.770263671875,3300
2016-09-28 00:00:00+09:00,1365.0339717914023,1380.6840428055712,1328.517139425008,1352.8616943359375,4400
2016-09-29 00:00:00+09:00,1331.9949956667,1373.7285203351084,1331.9949956667,1351.9923095703125,3200
2016-09-30 00:00:00+09:00,1317.2145803975318,1343.2980374351066,1306.7811975825018,1342.4285888671875,5400
2016-10-03 00:00:00+09:00,1316.3452730185127,1329.3870029361335,1304.1729917620669,1317.2147216796875,3100
2016-10-04 00:00:00+09:00,1304.1728794174708,1314.6062624528104,1295.4783935546875,1295.4783935546875,8800
2016-10-05 00:00:00+09:00,1295.4782681957586,1355.47021484375,1286.7837831743104,1355.47021484375,11300
2016-10-06 00:00:00+09:00,1338.0812896728514,1347.6452235171669,1321.561767578125,1321.561767578125,1100
2016-10-07 00:00:00+09:00,1321.5614979064544,1337.2115682763992,1321.5614979064544,1330.2559814453125,2400
2016-10-11 00:00:00+09:00,1330.256300429047,1338.0813374903944,1325.9090576171875,1325.9090576171875,5400
2016-10-12 00:00:00+09:00,1317.2144240255686,1354.6007080078125,1317.2144240255686,1354.6007080078125,1000
2016-10-13 00:00:00+09:00,1354.6005043989644,1366.7727810752067,1325.9087093763933,1340.6893310546875,1700
2016-10-14 00:00:00+09:00,1329.386649826488,1331.9949951171875,1329.386649826488,1331.9949951171875,1200
2016-10-17 00:00:00+09:00,1304.1728327210392,1329.3868408203125,1304.1728327210392,1329.3868408203125,1700
2016-10-18 00:00:00+09:00,1308.5199080333164,1314.606047140448,1305.0421142578125,1305.0421142578125,1900
2016-10-19 00:00:00+09:00,1308.5200032929095,1330.2562159721936,1308.5200032929095,1313.7366943359375,4500
2016-10-20 00:00:00+09:00,1311.1281176598245,1330.2559814453125,1308.5197725981668,1330.2559814453125,2700
2016-10-21 00:00:00+09:00,1309.3892209520527,1334.6032232147418,1309.3892209520527,1330.2559814453125,5300
2016-10-24 00:00:00+09:00,1330.2562474013941,1335.4729385676742,1315.4756224302675,1323.3006591796875,2900
2016-10-25 00:00:00+09:00,1323.3006756060356,1330.256263914083,1315.4756387594823,1318.083984375,2500
2016-10-26 00:00:00+09:00,1318.9532950293285,1343.2978515625,1316.3449496864887,1343.2978515625,3200
2016-10-27 00:00:00+09:00,1346.7756718254823,1354.6007080078125,1317.2144240255686,1354.6007080078125,2300
2016-10-28 00:00:00+09:00,1356.339599609375,1356.339599609375,1356.339599609375,1356.339599609375,100
2016-10-31 00:00:00+09:00,1357.208984375,1357.208984375,1356.3395359545164,1357.208984375,1300
2016-11-01 00:00:00+09:00,1357.2089909918955,1411.9842417494158,1351.1228520188376,1395.4647216796875,5100
2016-11-02 00:00:00+09:00,1360.6870036575028,1408.506674712559,1347.6452751879422,1382.4232177734375,3600
2016-11-04 00:00:00+09:00,1382.4231099321798,1417.2010498046875,1382.4231099321798,1417.2010498046875,300
2016-11-07 00:00:00+09:00,1408.506615680197,1447.6317994490914,1408.506615680197,1439.8067626953125,4900
2016-11-08 00:00:00+09:00,1452.848256252915,1469.367775623834,1452.848256252915,1456.3260498046875,4700
2016-11-09 00:00:00+09:00,1460.673544034091,1461.5429925722065,1393.7260065991952,1434.590087890625,10700
2016-11-10 00:00:00+09:00,1476.3235030886904,1477.1929515592963,1384.161965204473,1431.1121826171875,7700
2016-11-11 00:00:00+09:00,1425.8953995788727,1425.8953995788727,1379.8146336168725,1380.68408203125,7900
2016-11-14 00:00:00+09:00,1380.6840202388337,1419.8091971347706,1371.9895364841811,1401.55078125,1000
2016-11-15 00:00:00+09:00,1366.7729041512264,1422.4176025390625,1356.339523203507,1422.4176025390625,4000
2016-11-16 00:00:00+09:00,1399.8120442708334,1423.2871530877976,1369.38134765625,1369.38134765625,6100
2016-11-17 00:00:00+09:00,1322.4310888197815,1356.339578276699,1322.4310888197815,1343.2978515625,16700
2016-11-18 00:00:00+09:00,1363.295306408382,1363.295306408382,1333.7340561418737,1338.081298828125,2000
2016-11-21 00:00:00+09:00,1365.034020159353,1389.3785759328955,1356.3395359545164,1357.208984375,2000
2016-11-22 00:00:00+09:00,1341.5589496199493,1365.0340576171875,1330.2561198435012,1365.0340576171875,12500
2016-11-24 00:00:00+09:00,1357.2091281397145,1358.0785766522959,1342.428503425829,1350.2535400390625,1000
2016-11-25 00:00:00+09:00,1372.8590401051222,1372.8590401051222,1347.6450362019882,1362.4256591796875,900
2016-11-28 00:00:00+09:00,1381.5534911952473,1381.5534911952473,1352.8616943359375,1352.8616943359375,2400
2016-11-29 00:00:00+09:00,1355.4703122696787,1391.1177034198113,1304.172846956073,1382.4232177734375,14700
2016-11-30 00:00:00+09:00,1391.1176447451228,1391.1176447451228,1365.0341889061517,1381.5537109375,2800
2016-12-01 00:00:00+09:00,1373.728542060609,1390.24806250311,1364.1646091728453,1365.0340576171875,9200
2016-12-02 00:00:00+09:00,1390.24806250311,1391.1175109474523,1365.0340576171875,1365.0340576171875,2900
2016-12-05 00:00:00+09:00,1365.0340576171875,1371.9896451719246,1365.0340576171875,1365.0340576171875,1400
2016-12-06 00:00:00+09:00,1365.0340576171875,1385.0313718370571,1365.0340576171875,1365.0340576171875,3900
2016-12-07 00:00:00+09:00,1382.4230265040305,1382.4230265040305,1365.0340576171875,1365.0340576171875,1100
2016-12-08 00:00:00+09:00,1338.9503859232677,1338.9503859232677,1326.7781096876017,1336.342041015625,2000
2016-12-09 00:00:00+09:00,1337.2117962987093,1356.339663345895,1326.7784142729715,1355.47021484375,1000
2016-12-12 00:00:00+09:00,1365.0341213364902,1365.0341213364902,1364.1646728515625,1364.1646728515625,400
2016-12-13 00:00:00+09:00,1331.9950426933092,1360.6868419158152,1331.9950426933092,1356.339599609375,6200
2016-12-14 00:00:00+09:00,1343.297872690054,1356.339599609375,1338.9506303836138,1356.339599609375,3200
2016-12-15 00:00:00+09:00,1365.033834999695,1365.033834999695,1336.342041015625,1336.342041015625,3300
2016-12-16 00:00:00+09:00,1351.1230009586438,1351.1230009586438,1326.7784423828125,1326.7784423828125,2300
2016-12-19 00:00:00+09:00,1330.2562364650742,1350.2535524380785,1318.9534056977238,1326.7784423828125,2400
2016-12-20 00:00:00+09:00,1345.0368393720207,1365.0341550187927,1324.1700752188672,1333.7340087890625,3400
2016-12-21 00:00:00+09:00,1339.8201701912935,1343.2979642735552,1326.7784423828125,1326.7784423828125,4600
2016-12-22 00:00:00+09:00,1327.6479349098458,1327.6479349098458,1309.3895153727753,1312.8673095703125,18400
2016-12-26 00:00:00+09:00,1312.8670967214098,1312.8670967214098,1283.3058508349675,1302.4337158203125,6700
2016-12-27 00:00:00+09:00,1304.1729019721026,1304.1729019721026,1288.5228271484375,1288.5228271484375,11500
2016-12-28 00:00:00+09:00,1278.0185210932177,1302.5284653333617,1277.143165941784,1285.0213623046875,6000
2016-12-29 00:00:00+09:00,1278.0185527252177,1323.5370217263899,1274.51713203282,1306.9052734375,4700
2016-12-30 00:00:00+09:00,1306.905184659091,1339.2933238636365,1306.905184659091,1319.16015625,2900
2017-01-04 00:00:00+09:00,1321.7860591126473,1443.4604049514937,1320.9107041066125,1354.1741943359375,43700
2017-01-05 00:00:00+09:00,1319.1601454605593,1356.8004150390625,1319.1601454605593,1356.8004150390625,4000
2017-01-06 00:00:00+09:00,1340.1686462832997,1364.6785888671875,1340.1686462832997,1364.6785888671875,6300
2017-01-10 00:00:00+09:00,1369.0552429587979,1374.307373046875,1341.9192375037321,1374.307373046875,8000
2017-01-11 00:00:00+09:00,1374.3074393470447,1374.3074393470447,1365.5538887779553,1369.9306640625,800
2017-01-12 00:00:00+09:00,1369.9307416362146,1371.6814518491683,1356.8004150390625,1356.8004150390625,3500
2017-01-13 00:00:00+09:00,1357.6758032601201,1369.055419921875,1357.6758032601201,1369.055419921875,3100
2017-01-16 00:00:00+09:00,1387.4377632639116,1387.4377632639116,1341.0439453125,1341.0439453125,1600
2017-01-17 00:00:00+09:00,1339.293011633293,1382.1854022019409,1339.293011633293,1380.4346923828125,4300
2017-01-18 00:00:00+09:00,1377.808837890625,1377.808837890625,1377.808837890625,1377.808837890625,100
2017-01-19 00:00:00+09:00,1375.1828947558845,1375.1828947558845,1358.5511474609375,1358.5511474609375,600
2017-01-20 00:00:00+09:00,1359.4265025817242,1359.4265025817242,1358.5511474609375,1358.5511474609375,600
2017-01-23 00:00:00+09:00,1358.5509411405856,1390.063720703125,1358.5509411405856,1390.063720703125,2900
2017-01-24 00:00:00+09:00,1396.1912841796875,1396.1912841796875,1396.1912841796875,1396.1912841796875,200
2017-01-25 00:00:00+09:00,1374.3073972465104,1396.1912729988433,1374.3073972465104,1395.31591796875,6300
2017-01-26 00:00:00+09:00,1376.0582611025031,1376.0582611025031,1358.5511585439472,1359.426513671875,2200
2017-01-27 00:00:00+09:00,1357.6757370602334,1376.058193848283,1357.6757370602334,1363.80322265625,1000
2017-01-30 00:00:00+09:00,1369.0553195965635,1388.313130997538,1361.1771240234375,1361.1771240234375,600
2017-01-31 00:00:00+09:00,1357.675706415591,1409.3216552734375,1350.6728658924933,1409.3216552734375,8900
2017-02-01 00:00:00+09:00,1374.3075506888385,1413.6985314410665,1365.5539994105657,1369.055419921875,5400
2017-02-02 00:00:00+09:00,1363.8030781488492,1364.6784331412425,1348.0466882857688,1362.0523681640625,11300
2017-02-03 00:00:00+09:00,1355.9250710227273,1362.0525568181818,1348.046875,1348.046875,7500
2017-02-06 00:00:00+09:00,1348.9222633623874,1350.6729736328125,1348.9222633623874,1350.6729736328125,200
2017-02-07 00:00:00+09:00,1348.046689596462,1371.6812744140625,1348.046689596462,1371.6812744140625,1300
2017-02-08 00:00:00+09:00,1376.93359375,1376.93359375,1354.1743607954545,1376.93359375,700
2017-02-09 00:00:00+09:00,1349.7974227712123,1383.0609130859375,1349.7974227712123,1383.0609130859375,1100
2017-02-10 00:00:00+09:00,1383.0608808003385,1400.5679805573047,1349.7973912621023,1390.063720703125,6800
2017-02-13 00:00:00+09:00,1404.0694131469727,1404.0694131469727,1362.0523733520508,1400.5679931640625,2300
2017-02-14 00:00:00+09:00,1370.8061735333138,1391.814697265625,1370.8061735333138,1391.814697265625,1500
2017-02-15 00:00:00+09:00,1368.1799520387974,1368.1799520387974,1337.542525089752,1341.0439453125,3500
2017-02-16 00:00:00+09:00,1355.9250599325856,1385.6871335527974,1348.0468639742942,1356.8004150390625,1800
2017-02-17 00:00:00+09:00,1391.8145635916708,1396.1913389488773,1374.3074621628446,1381.310302734375,9300
2017-02-20 00:00:00+09:00,1396.1913389488773,1396.1913389488773,1371.6813969485206,1381.310302734375,4400
2017-02-21 00:00:00+09:00,1400.5683243900555,1417.2000732421875,1369.9308922940231,1417.2000732421875,13300
2017-02-22 00:00:00+09:00,1411.0723206554521,1411.0723206554521,1387.437734639511,1405.8201904296875,4200
2017-02-23 00:00:00+09:00,1405.8202232771432,1407.5709333933041,1387.4377670574547,1398.8173828125,3600
2017-02-24 00:00:00+09:00,1398.8175385097288,1398.8175385097288,1391.814697265625,1391.814697265625,700
2017-02-27 00:00:00+09:00,1419.8258830708244,1419.8258830708244,1396.1912968544789,1416.324462890625,10400
2017-02-28 00:00:00+09:00,1404.9449683201688,1425.9534912109375,1398.8174824770279,1425.9534912109375,5300
2017-03-01 00:00:00+09:00,1403.1940496257616,1422.4518594147614,1401.4433396449433,1418.950439453125,5900
2017-03-02 00:00:00+09:00,1416.324629591238,1423.3274707758671,1407.5710781104515,1410.1971435546875,4300
2017-03-03 00:00:00+09:00,1410.1970770052162,1422.4520484999855,1404.944946364601,1414.5738525390625,5400
2017-03-06 00:00:00+09:00,1433.8316537779635,1435.5823639779367,1416.3245517782325,1423.327392578125,4300
2017-03-07 00:00:00+09:00,1424.2027698863637,1444.3359375,1422.452059659091,1444.3359375,6900
2017-03-08 00:00:00+09:00,1444.3358927035551,1448.71266813599,1428.579501146789,1431.20556640625,3300
2017-03-09 00:00:00+09:00,1430.3302338216733,1452.214111328125,1430.3302338216733,1452.214111328125,3000
2017-03-10 00:00:00+09:00,1461.8430397727273,1512.6136363636365,1461.8430397727273,1511.73828125,16000
2017-03-13 00:00:00+09:00,1511.7382027507176,1514.3642679552643,1488.1036159097973,1495.9818115234375,16400
2017-03-14 00:00:00+09:00,1481.1009185431985,1505.6108628216912,1470.5966567095588,1488.103759765625,16200
2017-03-15 00:00:00+09:00,1492.4803585525717,1502.984619140625,1483.7268080625272,1502.984619140625,13600
2017-03-16 00:00:00+09:00,1505.610972908193,1512.6138146426497,1501.2341968241576,1506.486328125,14400
2017-03-17 00:00:00+09:00,1497.7326664464613,1501.2340870576745,1486.3530494600184,1488.103759765625,10300
2017-03-21 00:00:00+09:00,1478.4747211657073,1496.857177734375,1453.0894239994518,1496.857177734375,4600
2017-03-22 00:00:00+09:00,1501.2340762603906,1504.7354968464206,1458.3416740815221,1477.5994873046875,5100
2017-03-23 00:00:00+09:00,1505.6109210292689,1505.6109210292689,1457.466385763798,1463.5938720703125,5000
2017-03-24 00:00:00+09:00,1461.84283398317,1461.84283398317,1409.3215345586252,1418.950439453125,7600
2017-03-27 00:00:00+09:00,1402.3187918570463,1469.7211307914986,1397.9420166015625,1397.9420166015625,5900
2017-03-28 00:00:00+09:00,1407.5709146445336,1445.211181640625,1401.4434293195884,1445.211181640625,7700
2017-03-29 00:00:00+09:00,1459.217219454348,1459.217219454348,1423.327653768908,1453.965087890625,900
2017-03-30 00:00:00+09:00,1473.22265625,1473.22265625,1444.3359375,1444.3359375,1400
2017-03-31 00:00:00+09:00,1438.2081711989183,1438.2081711989183,1418.950362454928,1422.4517822265625,2300
2017-04-03 00:00:00+09:00,1437.3330853150621,1437.3330853150621,1410.1970770052162,1414.5738525390625,3900
2017-04-04 00:00:00+09:00,1431.2056107954545,1444.3359375,1426.8288352272727,1434.70703125,4100
2017-04-05 00:00:00+09:00,1438.2083325354881,1476.7239543441074,1438.2083325354881,1473.2225341796875,3700
2017-04-06 00:00:00+09:00,1447.8373468973552,1469.7212245711362,1447.8373468973552,1453.0894775390625,4300
2017-04-07 00:00:00+09:00,1426.828857421875,1461.8430625119825,1419.8260164038536,1426.828857421875,3200
2017-04-10 00:00:00+09:00,1453.0896457016975,1453.0896457016975,1432.0811207036008,1437.333251953125,1600
2017-04-11 00:00:00+09:00,1453.089510501669,1474.973388671875,1453.089510501669,1474.973388671875,3600
2017-04-12 00:00:00+09:00,1439.959150934794,1469.7212245711362,1424.2027590096716,1453.0894775390625,3000
2017-04-13 00:00:00+09:00,1442.585406460502,1442.585406460502,1429.455078125,1429.455078125,800
2017-04-14 00:00:00+09:00,1420.7012138414564,1430.3301191724827,1392.68985287847,1395.31591796875,4100
2017-04-17 00:00:00+09:00,1409.3217548768214,1426.828857421875,1409.3217548768214,1426.828857421875,3300
2017-04-18 00:00:00+09:00,1426.8288913681815,1441.7099288855184,1405.8203678142943,1410.1971435546875,3600
2017-04-19 00:00:00+09:00,1416.324465108741,1455.7154421976736,1416.324465108741,1445.211181640625,6400
2017-04-20 00:00:00+09:00,1455.715721342555,1455.715721342555,1446.9621691997856,1447.8375244140625,300
2017-04-21 00:00:00+09:00,1455.7155766212136,1455.7155766212136,1426.828857421875,1426.828857421875,1600
2017-04-24 00:00:00+09:00,1460.092284260321,1460.092284260321,1431.20556640625,1431.20556640625,1600
2017-04-25 00:00:00+09:00,1416.3243049086748,1482.8512809118015,1416.3243049086748,1460.9674072265625,5500
2017-04-26 00:00:00+09:00,1487.228601457909,1504.7357068311628,1453.089745980064,1503.8603515625,8700
2017-04-27 00:00:00+09:00,1503.8601525160846,1503.8601525160846,1460.0923948759191,1488.103759765625,4300
2017-04-28 00:00:00+09:00,1501.2337646484375,1502.9844745780567,1484.6020203170553,1501.2337646484375,5200
2017-05-01 00:00:00+09:00,1505.6105132641558,1505.6105132641558,1480.2252197265625,1480.2252197265625,6300
2017-05-02 00:00:00+09:00,1500.3587646484375,1505.610895679879,1495.981988788903,1500.3587646484375,9600
2017-05-08 00:00:00+09:00,1508.2366606956305,1509.9873706906342,1504.7352407056233,1505.610595703125,4500
2017-05-09 00:00:00+09:00,1505.610595703125,1509.9873706906342,1505.610595703125,1505.610595703125,2800
2017-05-10 00:00:00+09:00,1509.9874750418915,1597.5229808414215,1509.9874750418915,1571.2623291015625,26600
2017-05-11 00:00:00+09:00,1571.2625497024578,1589.6450085012052,1528.3701458387138,1588.7696533203125,20400
2017-05-12 00:00:00+09:00,1593.146472368084,1617.6564180968237,1580.8914995037142,1601.9000244140625,18300
2017-05-15 00:00:00+09:00,1601.8996457140831,1604.525710707057,1576.5143507820019,1591.3953857421875,9100
2017-05-16 00:00:00+09:00,1588.7694636229103,1588.7694636229103,1531.8713836584534,1564.259521484375,27900
2017-05-17 00:00:00+09:00,1579.1405586002281,1606.2765659819393,1558.1320367563226,1583.517333984375,17200
2017-05-18 00:00:00+09:00,1573.8885398468697,1575.639250124786,1530.1207828989589,1534.49755859375,9400
2017-05-19 00:00:00+09:00,1569.512000903445,1570.3873561744451,1540.6252769604366,1543.2513427734375,6000
2017-05-22 00:00:00+09:00,1549.3784851859787,1574.76378240089,1537.9988691930873,1564.259521484375,5900
2017-05-23 00:00:00+09:00,1564.259743604473,1564.259743604473,1536.2483771829045,1562.509033203125,4600
2017-05-24 00:00:00+09:00,1557.2568138178374,1557.2568138178374,1536.2482901912897,1555.506103515625,3000
2017-05-25 00:00:00+09:00,1561.633678002451,1573.8886508118874,1558.132257199755,1562.509033203125,5600
2017-05-26 00:00:00+09:00,1574.763982970579,1574.763982970579,1566.8857862797868,1570.38720703125,4400
2017-05-29 00:00:00+09:00,1585.268362283966,1610.6536646065697,1585.268362283966,1608.9029541015625,5900
2017-05-30 00:00:00+09:00,1610.6534307786776,1671.9282895583012,1610.6534307786776,1648.293701171875,22900
2017-05-31 00:00:00+09:00,1663.1746610005698,1682.4324728647869,1657.922530492147,1680.6817626953125,17000
2017-06-01 00:00:00+09:00,1646.5430234513194,1680.6818740172957,1646.5430234513194,1670.1776123046875,14300
2017-06-02 00:00:00+09:00,1664.0502469140827,1680.6819958311619,1663.1748917079208,1679.806640625,13000
2017-06-05 00:00:00+09:00,1680.6817088039013,1706.0670054472937,1680.6817088039013,1705.191650390625,6800
2017-06-06 00:00:00+09:00,1705.19175025493,1705.19175025493,1664.9254152899778,1703.4410400390625,8100
2017-06-07 00:00:00+09:00,1703.4410400390625,1705.19175025493,1677.1803868010502,1703.4410400390625,7700
2017-06-08 00:00:00+09:00,1704.3162506480276,1723.5740613898133,1683.307729838807,1701.690185546875,17600
2017-06-09 00:00:00+09:00,1698.1888067262612,1701.6902269463153,1647.418213535476,1657.047119140625,14600
2017-06-12 00:00:00+09:00,1713.0697021484375,1725.3246719134238,1680.6815677695454,1713.0697021484375,25400
2017-06-13 00:00:00+09:00,1713.0697219368103,1713.9450769301352,1695.5626220703125,1695.5626220703125,13400
2017-06-14 00:00:00+09:00,1713.069978258462,1829.4922097905906,1712.1946231341603,1821.614013671875,74600
2017-06-15 00:00:00+09:00,1805.8573893975774,1821.6137796104501,1734.078278427824,1812.8602294921875,38900
2017-06-16 00:00:00+09:00,1824.2399562669837,1824.2399562669837,1762.0897466244905,1811.9849853515625,28500
2017-06-19 00:00:00+09:00,1812.8602327992255,1855.7526284569572,1769.9678371414939,1841.7469482421875,86100
2017-06-20 00:00:00+09:00,1864.5065276968257,1889.8918278391768,1818.988058476058,1830.36767578125,57700
2017-06-21 00:00:00+09:00,1839.121171989697,1839.121171989697,1820.7387138213087,1825.9908447265625,22100
2017-06-22 00:00:00+09:00,1832.993429631295,1833.8687846597722,1820.7384592326139,1825.115234375,10300
2017-06-23 00:00:00+09:00,1818.9880271299041,1818.9880271299041,1785.7245309648722,1798.8548583984375,18900
2017-06-26 00:00:00+09:00,1785.7243874724536,1801.4807791266223,1776.970836553471,1787.47509765625,8700
2017-06-27 00:00:00+09:00,1801.4807669954946,1801.4807669954946,1734.078425373214,1757.7130126953125,25100
2017-06-28 00:00:00+09:00,1750.6751936149988,1751.5549298931974,1705.8086434268757,1720.76416015625,17300
2017-06-29 00:00:00+09:00,1713.726142619114,1713.726142619114,1671.4988044026265,1676.7772216796875,17600
2017-06-30 00:00:00+09:00,1692.6124500244778,1692.6124500244778,1673.2582536104765,1684.69482421875,10200
2017-07-03 00:00:00+09:00,1719.8843971888225,1719.8843971888225,1682.055737813314,1689.0936279296875,3900
2017-07-04 00:00:00+09:00,1704.0490442778357,1704.9287804906792,1676.7772216796875,1676.7772216796875,5300
2017-07-05 00:00:00+09:00,1678.5366413630088,1678.5366413630088,1650.385083436585,1653.0242919921875,8400
2017-07-06 00:00:00+09:00,1658.3029063077151,1706.6884022477282,1655.66369743826,1682.0557861328125,9000
2017-07-07 00:00:00+09:00,1684.6948475952788,1693.4922097237138,1676.7772216796875,1676.7772216796875,3300
2017-07-10 00:00:00+09:00,1676.777118259006,1676.777118259006,1646.8660888671875,1646.8660888671875,6700
2017-07-11 00:00:00+09:00,1646.8662367998543,1660.9420166015625,1642.4675556118204,1660.9420166015625,2800
2017-07-12 00:00:00+09:00,1650.3853021283055,1660.9421377495953,1630.1513671875,1630.1513671875,8200
2017-07-13 00:00:00+09:00,1633.670361328125,1650.3853515625,1618.71484375,1618.71484375,8400
2017-07-14 00:00:00+09:00,1618.71484375,1627.51220703125,1609.0377441406251,1618.71484375,6200
2017-07-17 00:00:00+09:00,1618.71484375,1618.71484375,1618.71484375,1618.71484375,0
2017-07-18 00:00:00+09:00,1605.5185055379611,1648.6255777414463,1603.759033203125,1603.759033203125,4400
2017-07-19 00:00:00+09:00,1601.999731041774,1603.7592035635114,1596.7213134765625,1596.7213134765625,3200
2017-07-20 00:00:00+09:00,1601.1200674854936,1616.9553209001851,1566.8103517536615,1572.968505859375,23300
2017-07-21 00:00:00+09:00,1540.4181378733817,1553.6141813160434,1524.5828857421875,1524.5828857421875,38300
2017-07-24 00:00:00+09:00,1524.583056640625,1552.734619140625,1517.545166015625,1548.3359375,14400
2017-07-25 00:00:00+09:00,1548.3358197773973,1605.5186767578125,1548.3358197773973,1605.5186767578125,9700
2017-07-26 00:00:00+09:00,1606.39853515625,1643.3474609375,1606.39853515625,1627.51220703125,7300
2017-07-27 00:00:00+09:00,1648.6257572255236,1657.4231198574635,1628.391823172062,1653.9041748046875,11600
2017-07-28 00:00:00+09:00,1653.9041711258562,1653.9041711258562,1597.601050406678,1605.5186767578125,11000
2017-07-31 00:00:00+09:00,1606.3984120068628,1632.790499827348,1586.1644780111576,1592.3226318359375,6600
2017-08-01 00:00:00+09:00,1584.4050777699856,1587.9240229732504,1567.6900880544777,1572.968505859375,5800
2017-08-02 00:00:00+09:00,1570.3294677734375,1574.7281497559964,1548.3360578606444,1570.3294677734375,5000
2017-08-03 00:00:00+09:00,1568.5698489170118,1601.1200925569049,1568.5698489170118,1587.0443115234375,3600
2017-08-04 00:00:00+09:00,1583.5251710204402,1589.6833244632974,1574.7278089592155,1584.4049072265625,5500
2017-08-07 00:00:00+09:00,1565.9304212857892,1602.8793413386,1559.772267943654,1574.727783203125,32500
2017-08-08 00:00:00+09:00,1574.7278795382083,1579.1265607659686,1559.772363363823,1560.652099609375,8700
2017-08-09 00:00:00+09:00,1563.291405581503,1563.291405581503,1540.418261774458,1542.177734375,12800
2017-08-10 00:00:00+09:00,1538.658714479656,1538.658714479656,1509.6274179800398,1521.9437255859375,8900
2017-08-11 00:00:00+09:00,1521.9437255859375,1521.9437255859375,1521.9437255859375,1521.9437255859375,0
2017-08-14 00:00:00+09:00,1543.936990927685,1568.5696038883545,1530.7409482701835,1565.0506591796875,2700
2017-08-15 00:00:00+09:00,1539.5385989722895,1543.9372806836388,1496.4315182010655,1518.4249267578125,24200
2017-08-16 00:00:00+09:00,1522.8237033650028,1571.209205205023,1522.8237033650028,1557.1334228515625,7400
2017-08-17 00:00:00+09:00,1565.930393837885,1566.8101300141986,1544.816725606363,1556.2532958984375,4200
2017-08-18 00:00:00+09:00,1556.2534900757255,1556.2534900757255,1513.1464120577998,1532.5006103515625,5600
2017-08-21 00:00:00+09:00,1518.4247816025697,1570.329220834639,1517.545045344399,1535.1397705078125,6300
2017-08-22 00:00:00+09:00,1535.139892578125,1549.215673828125,1532.50068359375,1543.937255859375,3600
2017-08-23 00:00:00+09:00,1572.9685792665225,1579.126733659624,1562.4117431640625,1562.4117431640625,1500
2017-08-24 00:00:00+09:00,1577.367359984662,1577.367359984662,1557.1334228515625,1557.1334228515625,1600
2017-08-25 00:00:00+09:00,1552.7346918472958,1572.9686283416233,1552.7346918472958,1564.1712646484375,1600
2017-08-28 00:00:00+09:00,1553.61435546875,1563.291455078125,1542.177783203125,1552.734619140625,1800
2017-08-29 00:00:00+09:00,1546.5763925879894,1572.9684811987058,1546.5763925879894,1567.6900634765625,2000
2017-08-30 00:00:00+09:00,1574.7279291940097,1574.7279291940097,1566.810302734375,1566.810302734375,2000
2017-08-31 00:00:00+09:00,1564.1708256067855,1570.328978463505,1562.4113533620084,1565.9302978515625,2600
2017-09-01 00:00:00+09:00,1558.8928464325259,1569.449682864349,1558.0131100632075,1564.1712646484375,1900
2017-09-04 00:00:00+09:00,1580.886256295311,1580.886256295311,1549.2157469872245,1550.9752197265625,3000
2017-09-05 00:00:00+09:00,1550.9752452045407,1550.9752452045407,1534.26025390625,1534.26025390625,2500
2017-09-06 00:00:00+09:00,1499.0708968458964,1521.0643078911708,1495.5519510786526,1511.38720703125,11400
2017-09-07 00:00:00+09:00,1504.3488059226645,1516.6651119360663,1504.3488059226645,1514.9056396484375,2200
2017-09-08 00:00:00+09:00,1513.146484375,1514.90595703125,1513.146484375,1513.146484375,1600
2017-09-11 00:00:00+09:00,1547.4562261250046,1547.4562261250046,1512.2667724325656,1514.0262451171875,1400
2017-09-12 00:00:00+09:00,1514.9058362237338,1530.7410888671875,1514.9058362237338,1530.7410888671875,600
2017-09-13 00:00:00+09:00,1522.8234618435017,1522.8234618435017,1521.9437255859375,1521.9437255859375,1500
2017-09-14 00:00:00+09:00,1521.9437259377253,1547.4560774129818,1509.6274183289806,1526.3424072265625,5300
2017-09-15 00:00:00+09:00,1513.1463859173505,1535.139792689405,1500.830078125,1500.830078125,4000
2017-09-18 00:00:00+09:00,1500.830078125,1500.830078125,1500.830078125,1500.830078125,0
2017-09-19 00:00:00+09:00,1505.228542066479,1539.5382516752413,1505.228542066479,1514.9056396484375,4800
2017-09-20 00:00:00+09:00,1521.94384765625,1521.94384765625,1504.34912109375,1504.34912109375,6700
2017-09-21 00:00:00+09:00,1504.349193572998,1520.1844482421875,1488.5139389038086,1520.1844482421875,12400
2017-09-22 00:00:00+09:00,1513.1463593982514,1513.1463593982514,1477.9569091796875,1477.9569091796875,17300
2017-09-25 00:00:00+09:00,1482.3555680395853,1499.070556640625,1482.3555680395853,1499.070556640625,2600
2017-09-26 00:00:00+09:00,1501.7094438531426,1501.7094438531426,1487.6336669921875,1487.6336669921875,800
2017-09-27 00:00:00+09:00,1495.5518798828125,1512.266871481503,1487.634252283433,1495.5518798828125,6100
2017-09-28 00:00:00+09:00,1501.7098630224436,1501.7098630224436,1491.1530274300187,1493.792236328125,1100
2017-09-29 00:00:00+09:00,1493.79228515625,1494.6720214843751,1486.75439453125,1486.75439453125,3300
2017-10-02 00:00:00+09:00,1482.3555183861554,1490.273144300384,1473.5581562592347,1488.513671875,5300
2017-10-03 00:00:00+09:00,1482.3552479196487,1502.589177119739,1474.4376234500482,1478.8363037109375,5800
2017-10-04 00:00:00+09:00,1478.836573535387,1488.513671875,1470.9189476211584,1488.513671875,6200
2017-10-05 00:00:00+09:00,1495.5515851878156,1495.5515851878156,1469.1594983903835,1480.5960693359375,7600
2017-10-06 00:00:00+09:00,1480.5961179460799,1482.355590457008,1470.9190191359748,1477.9569091796875,8100
2017-10-09 00:00:00+09:00,1477.9569091796875,1477.9569091796875,1477.9569091796875,1477.9569091796875,0
2017-10-10 00:00:00+09:00,1494.6721200104848,1495.5518563966004,1470.0395011992466,1481.47607421875,18500
2017-10-11 00:00:00+09:00,1471.7986563033417,1471.7986563033417,1465.6405029296875,1465.6405029296875,5900
2017-10-12 00:00:00+09:00,1477.95673528638,1478.8364714383363,1462.1214845511688,1463.001220703125,12100
2017-10-13 00:00:00+09:00,1472.6784898095261,1472.6784898095261,1455.9635009765625,1455.9635009765625,6100
2017-10-16 00:00:00+09:00,1452.4447770142203,1467.4002956146091,1428.69189453125,1428.69189453125,8800
2017-10-17 00:00:00+09:00,1433.090626636697,1433.090626636697,1417.25537109375,1417.25537109375,9400
2017-10-18 00:00:00+09:00,1417.25537109375,1417.25537109375,1417.25537109375,1417.25537109375,0
2017-10-19 00:00:00+09:00,1423.4132080078125,1424.292944230314,1409.3374284477845,1423.4132080078125,3700
2017-10-20 00:00:00+09:00,1423.413330526638,1436.609375,1420.7741216319657,1436.609375,1800
2017-10-23 00:00:00+09:00,1436.609301907134,1446.286400695241,1436.609301907134,1438.3687744140625,2700
2017-10-24 00:00:00+09:00,1449.805345709098,1449.805345709098,1438.3687744140625,1438.3687744140625,2500
2017-10-25 00:00:00+09:00,1450.685132626795,1466.5203857421875,1444.5269786374756,1466.5203857421875,4700
2017-10-26 00:00:00+09:00,1472.6786132812501,1514.026220703125,1472.6786132812501,1508.747802734375,8000
2017-10-27 00:00:00+09:00,1512.2667480468751,1535.139892578125,1509.6275390625,1517.545166015625,10500
2017-10-30 00:00:00+09:00,1530.7411373570114,1546.576390502084,1523.7032470703125,1523.7032470703125,4400
2017-10-31 00:00:00+09:00,1522.8235343534388,1522.8235343534388,1498.19091796875,1498.19091796875,1100
2017-11-01 00:00:00+09:00,1498.190770214613,1521.063911744607,1488.513671875,1488.513671875,4000
2017-11-02 00:00:00+09:00,1483.2352563090399,1515.7854962161778,1477.9568390268014,1501.709716796875,3400
2017-11-03 00:00:00+09:00,1501.709716796875,1501.709716796875,1501.709716796875,1501.709716796875,0
2017-11-06 00:00:00+09:00,1528.981762936474,1528.981762936474,1514.0262451171875,1514.0262451171875,2700
2017-11-07 00:00:00+09:00,1514.025998393064,1514.025998393064,1495.5515382151125,1496.4312744140625,3200
2017-11-08 00:00:00+09:00,1495.5517090703904,1513.146435059454,1474.4380378835144,1498.19091796875,4500
2017-11-09 00:00:00+09:00,1526.3420505285405,1526.3420505285405,1474.4376234500482,1478.8363037109375,3000
2017-11-10 00:00:00+09:00,1478.8363037109375,1478.8363037109375,1478.8363037109375,1478.8363037109375,0
2017-11-13 00:00:00+09:00,1478.836767578125,1498.190966796875,1478.836767578125,1491.153076171875,6600
2017-11-14 00:00:00+09:00,1491.1531978831572,1495.5518798828125,1485.8747794835708,1495.5518798828125,3000
2017-11-15 00:00:00+09:00,1519.3046882172168,1521.943897287658,1495.5518065832478,1497.311279296875,11500
2017-11-16 00:00:00+09:00,1497.3110832925952,1513.1463356423405,1490.273193359375,1490.273193359375,8400
2017-11-17 00:00:00+09:00,1491.1528805130763,1495.5515615765366,1486.7541994496157,1488.513671875,5400
2017-11-20 00:00:00+09:00,1488.5139616611277,1538.658935546875,1488.5139616611277,1538.658935546875,13400
2017-11-21 00:00:00+09:00,1565.9307834499484,1614.3162851857614,1544.8171099652302,1601.1202392578125,19700
2017-11-22 00:00:00+09:00,1601.999878132462,1609.917505207252,1583.5254149579528,1588.8038330078125,7100
2017-11-23 00:00:00+09:00,1588.8038330078125,1588.8038330078125,1588.8038330078125,1588.8038330078125,0
2017-11-24 00:00:00+09:00,1609.9173587310543,1618.714721347071,1601.9997323766393,1614.3160400390625,16300
2017-11-27 00:00:00+09:00,1627.5121094277586,1638.9486810075211,1627.5121094277586,1628.391845703125,9700
2017-11-28 00:00:00+09:00,1627.5118560000406,1697.8907470703125,1626.632119861662,1697.8907470703125,36100
2017-11-29 00:00:00+09:00,1682.055636027213,1682.055636027213,1645.1067151521381,1654.7838134765625,12200
2017-11-30 00:00:00+09:00,1668.859814453125,1741.8779296875,1668.859814453125,1733.08056640625,20900
2017-12-01 00:00:00+09:00,1734.8400632435805,1756.8334717532607,1699.6506096280918,1751.5550537109375,44100
2017-12-04 00:00:00+09:00,1758.5926777198356,1777.067138066067,1737.479008752714,1772.66845703125,30800
2017-12-05 00:00:00+09:00,1761.23212890625,1767.3902832031251,1741.8779296875,1763.871337890625,17000
2017-12-06 00:00:00+09:00,1763.8710431578886,1763.8710431578886,1745.3965833542397,1753.314208984375,9900
2017-12-07 00:00:00+09:00,1788.5036562294201,1792.0226009539247,1753.314208984375,1753.314208984375,10000
2017-12-08 00:00:00+09:00,1775.3078101713122,1775.3078101713122,1725.1628422923407,1733.960205078125,10200
2017-12-11 00:00:00+09:00,1759.4725365732231,1833.3703831092985,1750.675173890357,1794.6619873046875,15700
2017-12-12 00:00:00+09:00,1773.5485099515456,1846.5666281687968,1773.5485099515456,1792.9027099609375,7600
2017-12-13 00:00:00+09:00,1779.706397826729,1847.4460877094073,1733.0803775178726,1792.022705078125,13900
2017-12-14 00:00:00+09:00,1776.1874755012504,1786.744310422506,1740.998025763732,1775.3077392578125,7400
2017-12-15 00:00:00+09:00,1777.0671867234096,1790.2632301891774,1762.9914070265904,1770.029296875,4800
2017-12-18 00:00:00+09:00,1760.3525629656554,1781.466236884284,1759.472826552379,1765.6309814453125,8700
2017-12-19 00:00:00+09:00,1769.149609593199,1801.699851042701,1757.7130382731038,1771.788818359375,8600
2017-12-20 00:00:00+09:00,1763.8710949616159,1782.3455553078475,1763.8710949616159,1772.66845703125,7400
2017-12-21 00:00:00+09:00,1773.5482204648456,1815.7755590473419,1773.5482204648456,1795.5416259765625,13300
2017-12-22 00:00:00+09:00,1789.3835187249674,1796.4214086707882,1762.9914314281389,1770.9090576171875,3100
2017-12-25 00:00:00+09:00,1770.9090576171875,1770.9090576171875,1770.9090576171875,1770.9090576171875,0
2017-12-26 00:00:00+09:00,1781.4659911022695,1793.7822991889025,1763.8712652642225,1778.8267822265625,9500
2017-12-27 00:00:00+09:00,1790.320074904217,1799.1611616938676,1785.0154228304268,1797.3929443359375,4600
2017-12-28 00:00:00+09:00,1803.5818802449405,1825.6845993655893,1794.740792596681,1823.9163818359375,10200
2017-12-29 00:00:00+09:00,1820.3799412572275,1853.97607421875,1808.8865273493384,1853.97607421875,5300
2018-01-01 00:00:00+09:00,1853.97607421875,1853.97607421875,1853.97607421875,1853.97607421875,0
2018-01-02 00:00:00+09:00,1853.97607421875,1853.97607421875,1853.97607421875,1853.97607421875,0
2018-01-03 00:00:00+09:00,1853.97607421875,1853.97607421875,1853.97607421875,1853.97607421875,0
2018-01-04 00:00:00+09:00,1862.8166356416261,2042.2906636602545,1862.8166356416261,1931.777099609375,22700
2018-01-05 00:00:00+09:00,1962.7210693359375,2014.8834761336043,1945.0388975401183,1962.7210693359375,27000
2018-01-08 00:00:00+09:00,1962.7210693359375,1962.7210693359375,1962.7210693359375,1962.7210693359375,0
2018-01-09 00:00:00+09:00,2014.8834761336043,2015.7675847233952,1947.691223309491,1962.7210693359375,25800
2018-01-10 00:00:00+09:00,1986.5920012602935,1986.5920012602935,1948.5753318992822,1962.7210693359375,10500
2018-01-11 00:00:00+09:00,1965.373578854572,2059.089098134187,1954.7642747851817,2044.943359375,22800
2018-01-12 00:00:00+09:00,2089.148860099277,2121.8608820305817,2059.0891642705105,2067.046142578125,16700
2018-01-15 00:00:00+09:00,2111.2519601151316,2111.2519601151316,2068.814734786184,2099.758544921875,12100
2018-01-16 00:00:00+09:00,2143.963022783768,2151.9199989508006,2068.8138034284607,2139.54248046875,9600
2018-01-17 00:00:00+09:00,2122.745106122206,2164.2982173207665,2105.062931144095,2145.73193359375,12300
2018-01-18 00:00:00+09:00,2136.006667313665,2165.182255070846,2133.354341153921,2135.12255859375,8100
2018-01-19 00:00:00+09:00,2129.8181908693027,2146.616258792307,2127.165864355144,2128.93408203125,17800
2018-01-22 00:00:00+09:00,2121.8605564499376,2135.12218492775,2079.423345320939,2128.04931640625,11700
2018-01-23 00:00:00+09:00,2121.860292976831,2138.658353629564,2111.2509915119467,2136.89013671875,4500
2018-01-24 00:00:00+09:00,2143.9638623066016,2258.898007502419,2136.890991833013,2255.361572265625,16000
2018-01-25 00:00:00+09:00,2254.4769830987,2254.4769830987,2194.357596882735,2232.374267578125,14400
2018-01-26 00:00:00+09:00,2202.3145821805283,2234.142492641588,2202.3145821805283,2209.387451171875,4900
2018-01-29 00:00:00+09:00,2210.2718130623784,2272.159423828125,2210.2718130623784,2272.159423828125,11300
2018-01-30 00:00:00+09:00,2254.477164907826,2296.0302734375,2233.258556296929,2296.0302734375,9000
2018-01-31 00:00:00+09:00,2295.1463520127404,2498.491367791989,2262.434327735209,2485.229736328125,18900
2018-02-01 00:00:00+09:00,2471.0836741219578,2517.057323873064,2431.29878491427,2497.60693359375,10300
2018-02-02 00:00:00+09:00,2497.6069152832033,2692.110816650391,2497.6069152832033,2652.325927734375,42200
2018-02-05 00:00:00+09:00,2641.716473351227,3253.519619120654,2537.3916594772495,2593.974609375,55700
2018-02-06 00:00:00+09:00,2505.564222553166,2868.932922436494,2188.1691781295294,2211.156005859375,69100
2018-02-07 00:00:00+09:00,2422.457912715096,2464.8951316239736,2215.5764705343177,2260.666015625,50500
2018-02-08 00:00:00+09:00,2274.811998755531,2319.017439850664,2222.649578263274,2297.798828125,7100
2018-02-09 00:00:00+09:00,2210.27147059904,2295.145895070043,2174.9071270694553,2256.2451171875,16300
2018-02-12 00:00:00+09:00,2256.2451171875,2256.2451171875,2256.2451171875,2256.2451171875,0
2018-02-13 00:00:00+09:00,2267.738962346857,2371.179686945135,2267.738962346857,2334.047119140625,11600
2018-02-14 00:00:00+09:00,2348.192270799677,2370.294984191993,2154.572501482987,2189.052734375,14800
2018-02-15 00:00:00+09:00,2277.463602088167,2287.188796041183,2197.8938333816704,2286.3046875,8000
2018-02-16 00:00:00+09:00,2286.3056299963664,2295.14671905281,2233.2590956577033,2281.0009765625,6000
2018-02-19 00:00:00+09:00,2315.480732685811,2357.9179511542793,2308.407862941066,2355.265625,9300
2018-02-20 00:00:00+09:00,2360.5702856031517,2551.537769382283,2351.7291983911546,2503.7958984375,12400
2018-02-21 00:00:00+09:00,2503.7959212770197,2526.782748237896,2432.1831142065967,2494.954833984375,5000
2018-02-22 00:00:00+09:00,2570.1035005593603,2935.2403239962423,2570.1035005593603,2793.782958984375,55800
2018-02-23 00:00:00+09:00,2731.8962328856605,2868.9330989365594,2616.962087165552,2643.4853515625,48100
2018-02-26 00:00:00+09:00,2687.68974847561,2740.7362566692073,2670.007579077744,2718.633544921875,5300
2018-02-27 00:00:00+09:00,2780.5218618599474,2802.6245793628086,2745.1575138553694,2776.101318359375,8600
2018-02-28 00:00:00+09:00,2731.8957527160646,2829.147705078125,2731.8957527160646,2829.147705078125,10700
2018-03-01 00:00:00+09:00,2820.3065275247104,2873.353045283796,2740.7367508860825,2767.260009765625,15900
2018-03-02 00:00:00+09:00,2714.213532714844,2723.054619140625,2645.25305859375,2652.325927734375,22400
2018-03-05 00:00:00+09:00,2767.2600375421034,2952.9228515625,2740.7367783963323,2952.9228515625,21800
2018-03-06 00:00:00+09:00,3014.81103515625,3160.6889884702623,2975.026138797883,3014.81103515625,39700
2018-03-07 00:00:00+09:00,3063.4369481996046,3094.3807557571763,2917.558998285338,3041.334228515625,19900
2018-03-08 00:00:00+09:00,3041.334218960864,3328.6695739498987,3032.493131115047,3275.623046875,43900
2018-03-09 00:00:00+09:00,3262.361501386089,3655.78992092994,2926.4001543598793,3014.81103515625,65200
2018-03-12 00:00:00+09:00,3138.5861951251363,3160.688914809116,2944.0822619061137,3041.334228515625,27800
2018-03-13 00:00:00+09:00,2988.287578667535,3218.1558539496527,2961.764316134983,3182.79150390625,17400
2018-03-14 00:00:00+09:00,3182.791640625,3337.5106787109376,3182.791640625,3315.407958984375,12800
2018-03-15 00:00:00+09:00,3253.5198194159834,3297.725251745005,3147.426781826332,3235.837646484375,10200
2018-03-16 00:00:00+09:00,3297.7254707107645,3394.977428292047,3244.678948393701,3390.556884765625,14300
2018-03-19 00:00:00+09:00,3492.2295121173465,3492.2295121173465,3249.099609375,3249.099609375,25200
2018-03-20 00:00:00+09:00,3191.63232421875,3191.63232421875,3107.641999897204,3191.63232421875,10400
2018-03-21 00:00:00+09:00,3191.63232421875,3191.63232421875,3191.63232421875,3191.63232421875,0
2018-03-22 00:00:00+09:00,3169.529745339324,3169.529745339324,3014.810720113555,3089.9599609375,17200
2018-03-23 00:00:00+09:00,2935.24126551011,3023.6521470013786,2891.035824764476,3005.969970703125,18600
2018-03-26 00:00:00+09:00,2855.670761780169,2864.5118477299525,2740.7366444329796,2811.46533203125,24000
2018-03-27 00:00:00+09:00,2860.0919375922736,2988.2877122293307,2793.783778297244,2807.04541015625,15400
2018-03-28 00:00:00+09:00,2745.156989761546,2798.203501640996,2609.004275937624,2793.782958984375,32700
2018-03-29 00:00:00+09:00,2864.5124910543896,2926.400106601861,2789.3632436038883,2895.456298828125,13600
2018-03-30 00:00:00+09:00,2846.829808944311,2913.137956668169,2731.8956862229566,2758.4189453125,17100
2018-04-02 00:00:00+09:00,2700.952055022783,2767.2602069464197,2487.881860174832,2564.79931640625,34100
2018-04-03 00:00:00+09:00,2593.0908431097373,2886.614934453901,2593.0908431097373,2670.00830078125,24300
2018-04-04 00:00:00+09:00,2670.0082360092474,2670.0082360092474,2587.7861280791612,2599.279541015625,15800
2018-04-05 00:00:00+09:00,2586.017714934452,2616.961516651617,2556.842130458269,2570.103759765625,19500
2018-04-06 00:00:00+09:00,2563.9155464708056,2563.9155464708056,2344.6565618070954,2392.3984375,47300
2018-04-09 00:00:00+09:00,2409.196422801298,2563.915459127987,2370.2956365248733,2404.77587890625,24200
2018-04-10 00:00:00+09:00,2439.2552999232753,2440.1394084045814,2401.238635227117,2417.152587890625,6100
2018-04-11 00:00:00+09:00,2461.3591913479477,2474.620824922021,2356.150231660302,2369.411865234375,15900
2018-04-12 00:00:00+09:00,2352.6131569602276,2369.411221590909,2180.2119673295456,2188.1689453125,35800
2018-04-13 00:00:00+09:00,2251.825067046445,2294.2622885691108,2243.868088010945,2281.884765625,14000
2018-04-16 00:00:00+09:00,2272.1592976922766,2272.1592976922766,2052.9003460083527,2070.58251953125,44500
2018-04-17 00:00:00+09:00,2035.2180861461854,2038.7545207007402,1961.8370691391772,2027.2611083984375,35600
2018-04-18 00:00:00+09:00,2033.4500707761208,2137.7749004941998,2016.652004974057,2100.642333984375,20900
2018-04-19 00:00:00+09:00,2118.324073830101,2121.860508010118,2078.5391893049114,2097.10546875,8300
2018-04-20 00:00:00+09:00,2093.5690675972396,2117.439998688931,2079.423330654015,2113.903564453125,5600
2018-04-23 00:00:00+09:00,2105.9468349369754,2105.9468349369754,2049.3638805138157,2053.784423828125,8400
2018-04-24 00:00:00+09:00,2059.9732729713564,2084.7283165950466,2059.9732729713564,2067.046142578125,5100
2018-04-25 00:00:00+09:00,2086.4961095647773,2198.7778917320343,2086.4961095647773,2183.748046875,39100
2018-04-26 00:00:00+09:00,2182.8644736398664,2215.576496938641,2131.586166847192,2203.198974609375,29800
2018-04-27 00:00:00+09:00,2210.2720458582166,2214.6925899499333,2146.6162109375,2146.6162109375,11400
2018-04-30 00:00:00+09:00,2146.6162109375,2146.6162109375,2146.6162109375,2146.6162109375,0
2018-05-01 00:00:00+09:00,2205.8515865702025,2205.8515865702025,2166.066688215229,2197.010498046875,4900
2018-05-02 00:00:00+09:00,2197.0101432519036,2289.841557755505,2189.9372735754387,2278.34814453125,15200
2018-05-03 00:00:00+09:00,2278.34814453125,2278.34814453125,2278.34814453125,2278.34814453125,0
2018-05-04 00:00:00+09:00,2278.34814453125,2278.34814453125,2278.34814453125,2278.34814453125,0
2018-05-07 00:00:00+09:00,2279.232369416602,2286.305239453581,2245.6362367409497,2271.275390625,5600
2018-05-08 00:00:00+09:00,2271.275072655824,2429.530517578125,2271.275072655824,2429.530517578125,19400
2018-05-09 00:00:00+09:00,2436.6032933401284,2563.914931308553,2435.7191847431254,2548.0009765625,31400
2018-05-10 00:00:00+09:00,2574.524538722582,2622.26640860274,2441.9082334999216,2458.706298828125,25400
2018-05-11 00:00:00+09:00,2457.8219563222865,2515.289016452124,2457.8219563222865,2484.34521484375,9800
2018-05-14 00:00:00+09:00,2616.077409519197,2616.077409519197,2497.6068543060937,2509.984375,17300
2018-05-15 00:00:00+09:00,2509.984822881375,2509.984822881375,2431.2991415723072,2479.041015625,24600
2018-05-16 00:00:00+09:00,2169.6026759164142,2346.424409894932,2123.6290250819998,2299.566650390625,50300
2018-05-17 00:00:00+09:00,2303.1031606820916,2328.742312950721,2237.6791169621397,2298.6826171875,7000
2018-05-18 00:00:00+09:00,2274.8113334768045,2306.6392417570864,2258.8973793366636,2282.768310546875,5900
2018-05-21 00:00:00+09:00,2264.202795036178,2265.086903897965,2210.272154467179,2250.941162109375,13300
2018-05-22 00:00:00+09:00,2271.2749957863066,2271.2749957863066,2212.923828125,2212.923828125,5000
2018-05-23 00:00:00+09:00,2252.7088960981637,2254.47711344204,2190.8212890625,2190.8212890625,7000
2018-05-24 00:00:00+09:00,2190.8213403422465,2245.6360792854343,2101.5263623864084,2113.019775390625,15000
2018-05-25 00:00:00+09:00,2131.5854447345346,2208.5028788663903,2110.366842215402,2166.065673828125,9600
2018-05-28 00:00:00+09:00,2143.9633215146087,2183.7482078932303,2132.469909894118,2147.499755859375,3100
2018-05-29 00:00:00+09:00,2126.2813747990035,2126.2813747990035,2079.423614772248,2096.2216796875,9300
2018-05-30 00:00:00+09:00,2077.6551407411093,2121.860569267516,2077.6551407411093,2082.07568359375,3400
2018-05-31 00:00:00+09:00,2083.843933362567,2105.0625393874725,2083.843933362567,2098.873779296875,6600
2018-06-01 00:00:00+09:00,2106.8312060398075,2106.8312060398075,2024.6090901515563,2030.7978515625,9100
2018-06-04 00:00:00+09:00,2049.364189444498,2049.364189444498,1998.9699880647156,2001.622314453125,10300
2018-06-05 00:00:00+09:00,2001.6222336341593,2051.13232421875,2001.6222336341593,2051.13232421875,3800
2018-06-06 00:00:00+09:00,2050.248383896354,2064.3941252255227,2004.2747245765565,2052.0166015625,5500
2018-06-07 00:00:00+09:00,2076.770859251904,2104.17822265625,2053.7840383321295,2104.17822265625,7900
2018-06-08 00:00:00+09:00,2099.758379805457,2204.0832172021073,2090.917291890487,2198.778564453125,7300
2018-06-11 00:00:00+09:00,2235.910993919777,2272.1594521051115,2201.430753206898,2251.824951171875,7800
2018-06-12 00:00:00+09:00,2242.983927725262,2278.3482781821053,2212.924229836946,2273.927734375,7700
2018-06-13 00:00:00+09:00,2277.4641416026734,2347.308732901824,2273.927706600185,2331.394775390625,15000
2018-06-14 00:00:00+09:00,2316.3652586955222,2368.5276824600396,2298.683081148228,2307.524169921875,7400
2018-06-15 00:00:00+09:00,2308.407602360111,2308.407602360111,2195.24169921875,2195.24169921875,8200
2018-06-18 00:00:00+09:00,2196.1261858258927,2196.1261858258927,2114.7881789434523,2116.556396484375,7400
2018-06-19 00:00:00+09:00,2117.4401616522605,2117.4401616522605,2064.3936440325797,2077.6552734375,10300
2018-06-20 00:00:00+09:00,2034.3340266118555,2063.509612391165,2021.0723967121694,2046.7115478515625,10400
2018-06-21 00:00:00+09:00,2046.711948564062,2068.8146693908875,2046.711948564062,2052.0166015625,1800
2018-06-22 00:00:00+09:00,2052.900670323167,2052.900670323167,2036.1026028226763,2039.6390380859375,2300
2018-06-25 00:00:00+09:00,2039.6387798561398,2047.5957581910793,2006.9267578125,2006.9267578125,6200
2018-06-26 00:00:00+09:00,2006.0424338043051,2041.4067781640108,1989.244370233445,2005.1583251953125,3800
2018-06-27 00:00:00+09:00,2046.8956444175465,2046.8956444175465,2002.4944373802896,2021.1429443359375,1800
2018-06-28 00:00:00+09:00,2008.7107337239584,2011.3748063151043,1998.054443359375,1998.054443359375,2900
2018-06-29 00:00:00+09:00,1998.054142378915,2016.7026477077848,1980.2936611133246,2002.4942626953125,3700
2018-07-02 00:00:00+09:00,2002.494456820636,2030.9112296003525,1971.4136115928213,1972.3016357421875,7300
2018-07-03 00:00:00+09:00,1965.197425077278,2023.8070184144224,1965.197425077278,1966.08544921875,6800
2018-07-04 00:00:00+09:00,1980.2939900233653,2022.0311279296875,1966.9736268617733,2022.0311279296875,4000
2018-07-05 00:00:00+09:00,1998.0546066652353,2033.575577450395,1985.6222668904295,1987.3983154296875,3100
2018-07-06 00:00:00+09:00,1990.0617300306048,1998.0539458138603,1986.5096341269357,1989.1737060546875,2800
2018-07-09 00:00:00+09:00,1980.2940786417248,1980.2940786417248,1617.9801844328351,1829.3299560546875,38500
2018-07-10 00:00:00+09:00,1831.993756720992,1862.1865767542026,1824.8895637720013,1825.777587890625,6900
2018-07-11 00:00:00+09:00,1850.642333984375,1864.8507204257137,1831.105802627534,1850.642333984375,2500
2018-07-12 00:00:00+09:00,1856.8586595097079,1863.9628533289701,1847.090393008222,1863.0748291015625,1300
2018-07-13 00:00:00+09:00,1864.8508842801234,1900.3718535045068,1864.8508842801234,1871.955078125,2800
2018-07-16 00:00:00+09:00,1871.955078125,1871.955078125,1871.955078125,1871.955078125,0
2018-07-17 00:00:00+09:00,1902.1481667528428,1980.2943099247616,1879.947557897184,1898.5960693359375,5800
2018-07-18 00:00:00+09:00,1910.1401130368804,1928.7886218112992,1895.043701171875,1895.043701171875,2000
2018-07-19 00:00:00+09:00,1939.4449432952047,1939.4449432952047,1909.2521190863965,1919.0203857421875,2100
2018-07-20 00:00:00+09:00,1919.0201809547061,1927.0123982747396,1833.769862874349,1864.8507080078125,5300
2018-07-23 00:00:00+09:00,1953.6529998207807,1953.6529998207807,1867.5146630105007,1896.8194580078125,1500
2018-07-24 00:00:00+09:00,1938.556642593876,1938.556642593876,1909.2518468056955,1927.0123291015625,3000
2018-07-25 00:00:00+09:00,1927.0125258078672,1940.3328888894885,1911.9161143153633,1928.78857421875,2500
2018-07-26 00:00:00+09:00,1914.5802374898585,1946.549109729949,1914.5802374898585,1915.46826171875,1800
2018-07-27 00:00:00+09:00,1916.3560670854415,1950.9890080568653,1916.3560670854415,1930.564453125,1900
2018-07-30 00:00:00+09:00,1942.9970402609467,1942.9970402609467,1918.1323615007518,1919.0203857421875,2000
2018-07-31 00:00:00+09:00,1911.9159683262942,1913.6920166015625,1911.9159683262942,1913.6920166015625,1200
2018-08-01 00:00:00+09:00,1935.892442759901,1935.892442759901,1864.8505182549504,1883.4990234375,2200
2018-08-02 00:00:00+09:00,1883.4993523363798,1884.3873765477595,1882.611328125,1882.611328125,900
2018-08-03 00:00:00+09:00,1883.4992352242457,1883.4992352242457,1859.5225830078125,1859.5225830078125,3100
2018-08-06 00:00:00+09:00,1859.5226118164064,1859.5226118164064,1773.3842673339846,1776.04833984375,5800
2018-08-07 00:00:00+09:00,1809.7933169104401,1809.7933169104401,1768.9442037711467,1771.6082763671875,2800
2018-08-08 00:00:00+09:00,1771.6082431959069,1771.6082431959069,1705.0064295419254,1715.6627197265625,8000
2018-08-09 00:00:00+09:00,1714.7747376319824,1714.7747376319824,1629.5244140625,1629.5244140625,8900
2018-08-10 00:00:00+09:00,1661.4933268448049,1675.7017144607946,1608.2118732848433,1650.8370361328125,6200
2018-08-13 00:00:00+09:00,1615.3158841261716,1646.396728515625,1596.6673774924993,1646.396728515625,5300
2018-08-14 00:00:00+09:00,1610.876028728177,1649.9490966796875,1596.6676403821734,1649.9490966796875,4400
2018-08-15 00:00:00+09:00,1689.0219809122132,1694.3501259624095,1654.3890380859375,1654.3890380859375,5200
2018-08-16 00:00:00+09:00,1642.844651787828,1642.844651787828,1597.5554208466501,1641.068603515625,7000
2018-08-17 00:00:00+09:00,1674.813767390839,1674.813767390839,1608.2119473726457,1620.644287109375,1600
2018-08-20 00:00:00+09:00,1617.091779659087,1620.6438758252796,1598.443274786577,1599.331298828125,11800
2018-08-21 00:00:00+09:00,1600.2196519639756,1600.2196519639756,1594.0034823947483,1598.443603515625,4400
2018-08-22 00:00:00+09:00,1612.6519878969289,1752.0717908153306,1612.6519878969289,1705.89453125,10100
2018-08-23 00:00:00+09:00,1704.118408203125,1704.118408203125,1683.6938519818264,1704.118408203125,1000
2018-08-24 00:00:00+09:00,1698.7901634394618,1785.8165283203125,1697.0141151765872,1785.8165283203125,3400
2018-08-27 00:00:00+09:00,1776.936418396254,1935.0047254799788,1776.936418396254,1890.603515625,8600
2018-08-28 00:00:00+09:00,1907.4759106739457,1909.2519590079064,1839.098049816453,1842.650146484375,4800
2018-08-29 00:00:00+09:00,1810.6811005812424,1855.9703286977915,1763.6158243032603,1847.090087890625,13900
2018-08-30 00:00:00+09:00,1855.9703690076658,1891.4913330078125,1842.6500075076108,1891.4913330078125,4800
2018-08-31 00:00:00+09:00,1888.827497604658,1892.379594450177,1882.611328125,1882.611328125,2300
2018-09-03 00:00:00+09:00,1882.6114110854064,1882.6114110854064,1780.4886222765283,1829.3299560546875,8600
2018-09-04 00:00:00+09:00,1873.731050795403,1873.731050795403,1826.6657684768454,1838.2100830078125,3700
2018-09-05 00:00:00+09:00,1838.2098221941692,1890.6032422470464,1820.4493408203125,1820.4493408203125,3400
2018-09-06 00:00:00+09:00,1837.3220237139697,1844.4262171357734,1749.4076301191494,1750.295654296875,34100
2018-09-07 00:00:00+09:00,1749.4075179681545,1751.1835662097467,1746.7434456057665,1747.6314697265625,55500
2018-09-10 00:00:00+09:00,1748.5194546169705,1827.5535995945786,1748.5194546169705,1758.2877197265625,2800
2018-09-11 00:00:00+09:00,1758.2879195399792,1788.4807424007665,1747.6316291185246,1748.5196533203125,2900
2018-09-12 00:00:00+09:00,1739.6391860985993,1739.6391860985993,1687.2457649756707,1688.1337890625,4000
2018-09-13 00:00:00+09:00,1677.4776739720287,1687.245939940103,1631.3004166684048,1663.269287109375,8500
2018-09-14 00:00:00+09:00,1645.5088163426183,1687.245953076619,1609.9878489094262,1649.0609130859375,8900
2018-09-17 00:00:00+09:00,1649.0609130859375,1649.0609130859375,1649.0609130859375,1649.0609130859375,0
2018-09-18 00:00:00+09:00,1924.3483919351409,1934.11665788405,1793.808837890625,1793.808837890625,39500
2018-09-19 00:00:00+09:00,1713.8868453917717,1754.7359619140625,1713.8868453917717,1754.7359619140625,80300
2018-09-20 00:00:00+09:00,1742.303211671156,1756.5115966796875,1740.5271635450897,1756.5115966796875,18000
2018-09-21 00:00:00+09:00,1741.4154125196203,1755.6237993632278,1738.751339986444,1750.295654296875,20100
2018-09-24 00:00:00+09:00,1750.295654296875,1750.295654296875,1750.295654296875,1750.295654296875,0
2018-09-25 00:00:00+09:00,1750.2957252854567,1750.2957252854567,1726.319071514423,1731.647216796875,16400
2018-09-26 00:00:00+09:00,1733.4231254825013,1733.4231254825013,1723.654859918819,1725.430908203125,17100
2018-09-27 00:00:00+09:00,1698.7903950159634,1723.6550740857213,1689.9101524910498,1701.4544677734375,25200
2018-09-28 00:00:00+09:00,1701.454083402223,1705.0061796097432,1687.2456985721417,1695.2379150390625,19600
2018-10-01 00:00:00+09:00,1697.9021793930692,1730.7590730319519,1696.1261310882649,1720.102783203125,14600
2018-10-02 00:00:00+09:00,1731.6470920479037,1731.6470920479037,1694.350077757641,1699.67822265625,18500
2018-10-03 00:00:00+09:00,1709.446573531634,1713.8866945018458,1696.1262106209977,1698.790283203125,8200
2018-10-04 00:00:00+09:00,1697.0139631428226,1705.0061796097432,1682.8055783127413,1695.2379150390625,12900
2018-10-05 00:00:00+09:00,1681.029586663767,1704.118212788045,1681.029586663767,1690.7978515625,9800
2018-10-08 00:00:00+09:00,1690.7978515625,1690.7978515625,1690.7978515625,1690.7978515625,0
2018-10-09 00:00:00+09:00,1691.6861135848446,1742.303493361399,1681.9178473121763,1713.88671875,18400
2018-10-10 00:00:00+09:00,1705.006340926493,1739.6392822265625,1704.1183167905938,1739.6392822265625,13900
2018-10-11 00:00:00+09:00,1671.261449863669,1708.5584641539315,1670.3734257139008,1699.67822265625,30900
2018-10-12 00:00:00+09:00,1693.462105274447,1718.3267822265625,1679.2537184446667,1718.3267822265625,10100
2018-10-15 00:00:00+09:00,1718.3267424154333,1729.8710564471648,1673.925534601081,1685.4698486328125,22600
2018-10-16 00:00:00+09:00,1673.0376350208226,1712.9987250292818,1673.0376350208226,1705.89453125,9000
2018-10-17 00:00:00+09:00,1712.9984977373938,1712.9984977373938,1683.6937022862098,1712.1104736328125,9200
2018-10-18 00:00:00+09:00,1712.1104692455074,1740.5272405192918,1660.6050713117734,1680.1416015625,25300
2018-10-19 00:00:00+09:00,1678.365708295037,1687.2459501378678,1660.605224609375,1660.605224609375,14800
2018-10-22 00:00:00+09:00,1659.717200425092,1671.2615148207722,1657.0531278722426,1660.605224609375,7500
2018-10-23 00:00:00+09:00,1656.1650936780484,1666.8213838250385,1647.28485188889,1663.269287109375,16800
2018-10-24 00:00:00+09:00,1652.6129448975137,1655.2770173503309,1634.8524618787333,1644.6207275390625,14200
2018-10-25 00:00:00+09:00,1613.5401718456806,1614.4281961559975,1457.2478932299184,1538.05810546875,44500
2018-10-26 00:00:00+09:00,1549.6020824630384,1549.6020824630384,1416.3984650593388,1419.9505615234375,47900
2018-10-29 00:00:00+09:00,1384.4296846137756,1388.8698054752695,1265.434445525741,1276.978759765625,87200
2018-10-30 00:00:00+09:00,1270.7624210113504,1329.3720085632367,1245.0097234506732,1290.2989501953125,41400
2018-10-31 00:00:00+09:00,1311.6118699306035,1376.4376427843163,1310.723845644936,1371.1094970703125,18300
2018-11-01 00:00:00+09:00,1365.7811225311984,1376.4374121738344,1345.3565673828125,1345.3565673828125,12700
2018-11-02 00:00:00+09:00,1340.9166194661457,1357.7890802408854,1332.036376953125,1332.036376953125,15000
2018-11-05 00:00:00+09:00,1332.0362053295173,1355.1248328885622,1327.5960846450855,1345.3565673828125,10000
2018-11-06 00:00:00+09:00,1348.9087315833403,1367.5572393932482,1338.25244140625,1338.25244140625,7200
2018-11-07 00:00:00+09:00,1340.0283512610595,1348.0205680677855,1314.275652661609,1320.4918212890625,8400
2018-11-08 00:00:00+09:00,1330.2601042189592,1333.8122006254184,1310.7235739834337,1326.7080078125,15600
2018-11-09 00:00:00+09:00,1315.1639068125053,1321.3800765273518,1292.0752764430758,1302.7315673828125,8800
2018-11-12 00:00:00+09:00,1292.9631499830623,1321.3799225101625,1292.0751258415905,1310.7236328125,8500
2018-11-13 00:00:00+09:00,1305.395462632261,1305.395462632261,1275.2026424081134,1295.627197265625,10000
2018-11-14 00:00:00+09:00,1296.5151197645398,1320.4917692396375,1269.8743981255425,1278.754638671875,14900
2018-11-15 00:00:00+09:00,1288.5229452737947,1457.247521153892,1288.5229452737947,1456.3594970703125,49400
2018-11-16 00:00:00+09:00,1423.5026523006663,1512.3050635483685,1423.5026523006663,1509.6409912109375,29000
2018-11-19 00:00:00+09:00,1498.9849304341492,1524.7376336228874,1484.7765424679487,1523.849609375,7900
2018-11-20 00:00:00+09:00,1507.8649106680627,1507.8649106680627,1471.4559228368553,1474.1199951171875,3000
2018-11-21 00:00:00+09:00,1444.8152270683877,1482.1122396909275,1444.8152270683877,1477.672119140625,7600
2018-11-22 00:00:00+09:00,1453.6953986840663,1524.7373240931838,1433.270845128945,1519.4091796875,18200
2018-11-23 00:00:00+09:00,1519.4091796875,1519.4091796875,1519.4091796875,1519.4091796875,0
2018-11-26 00:00:00+09:00,1522.9610778443114,1523.8491017964072,1482.1119760479044,1483.0,6800
2018-11-27 00:00:00+09:00,1483.000338807398,1500.7608219068877,1479.4482421875,1479.4482421875,7800
2018-11-28 00:00:00+09:00,1508.7529382787397,1511.4170105652827,1441.2631070196555,1451.0313720703125,10900
2018-11-29 00:00:00+09:00,1457.2477275731783,1457.2477275731783,1423.5028076171875,1423.5028076171875,7800
2018-11-30 00:00:00+09:00,1423.5025561368918,1435.9348928717118,1403.0780029296875,1403.0780029296875,10300
2018-12-03 00:00:00+09:00,1389.7578128220853,1410.1823685376814,1345.3566047447023,1346.24462890625,35700
2018-12-04 00:00:00+09:00,1381.7653785633815,1434.158795873947,1380.8773545411686,1416.3983154296875,23700
2018-12-05 00:00:00+09:00,1406.6303295564396,1518.5213784984292,1402.1902085666782,1492.7686767578125,40300
2018-12-06 00:00:00+09:00,1515.8576842227226,1579.7954424324682,1496.3211469919668,1571.80322265625,49800
2018-12-07 00:00:00+09:00,1563.8105885225184,1667.7094180836398,1562.9225643382354,1660.605224609375,50100
2018-12-10 00:00:00+09:00,1643.7326422887347,1704.118282307986,1633.964376991503,1672.1494140625,49700
2018-12-11 00:00:00+09:00,1581.5710503472221,1652.612984107906,1496.3207298344016,1558.482421875,61500
2018-12-12 00:00:00+09:00,1545.1618886488714,1597.5553090111032,1509.640925691426,1583.346923828125,11200
2018-12-13 00:00:00+09:00,1605.5476773770138,1605.5476773770138,1536.2817930653948,1543.385986328125,10400
2018-12-14 00:00:00+09:00,1592.227317219963,1696.1261438316392,1555.8183266979224,1618.8680419921875,47800
2018-12-17 00:00:00+09:00,1625.9725121901163,1631.3006580520173,1538.05810546875,1538.05810546875,21300
2018-12-18 00:00:00+09:00,1518.5213146827089,1607.3237307460251,1497.208734827513,1563.810546875,18800
2018-12-19 00:00:00+09:00,1595.77947281126,1695.2381823020007,1571.8028196304563,1678.36572265625,28300
2018-12-20 00:00:00+09:00,1676.5894841877723,1685.4697250997838,1568.2505450612318,1630.4122314453125,26600
2018-12-21 00:00:00+09:00,1559.3703910945549,1625.9722016481378,1538.0578117174084,1551.378173828125,19000
2018-12-24 00:00:00+09:00,1551.378173828125,1551.378173828125,1551.378173828125,1551.378173828125,0
2018-12-25 00:00:00+09:00,1528.289658929375,1589.5633291595477,1476.784254967781,1510.5291748046875,26600
2018-12-26 00:00:00+09:00,1538.2862847130577,1655.5828524065448,1538.2862847130577,1590.2191162109375,24900
2018-12-27 00:00:00+09:00,1653.7922503361938,1664.5369752977715,1621.5580754514601,1638.570556640625,6000
2018-12-28 00:00:00+09:00,1669.0136139126257,1732.5865573610145,1650.2103489490178,1689.607666015625,26800
2018-12-31 00:00:00+09:00,1689.607666015625,1689.607666015625,1689.607666015625,1689.607666015625,0
2019-01-04 00:00:00+09:00,1689.6077906342487,1763.925462400355,1686.9216097270398,1758.5531005859375,19900
2019-01-07 00:00:00+09:00,1771.9839537160515,1808.6950917162324,1759.4484431794042,1778.251708984375,23100
2019-01-08 00:00:00+09:00,1780.0426472836966,1780.9380409694531,1721.8420577095317,1761.2393798828125,11000
2019-01-09 00:00:00+09:00,1763.925352142481,1763.925352142481,1673.4906005859375,1673.4906005859375,12100
2019-01-10 00:00:00+09:00,1673.4908341997693,1716.4697320283349,1609.917881161683,1619.7672119140625,11900
2019-01-11 00:00:00+09:00,1609.0225629962858,1672.595519018955,1609.0225629962858,1638.570556640625,7700
2019-01-15 00:00:00+09:00,1634.9888255445262,1727.2143726590314,1634.9888255445262,1697.6663818359375,10300
2019-01-16 00:00:00+09:00,1679.7584974428798,1697.6663705499468,1659.164443369753,1685.130859375,2600
2019-01-17 00:00:00+09:00,1691.3984721812926,1691.3984721812926,1649.314973932208,1673.4906005859375,3500
2019-01-18 00:00:00+09:00,1674.3862356085526,1736.1684015213816,1674.3862356085526,1701.248046875,9700
2019-01-21 00:00:00+09:00,1737.0638382996565,1737.0638382996565,1701.2480890563645,1710.2020263671875,4100
2019-01-22 00:00:00+09:00,1690.5032312208095,1726.3189776449792,1689.6078375602053,1725.423583984375,4900
2019-01-23 00:00:00+09:00,1689.6077801979195,1721.84195088532,1689.6077801979195,1690.503173828125,4300
2019-01-24 00:00:00+09:00,1677.0722497438855,1745.1221648429432,1668.118313546641,1734.37744140625,17600
2019-01-25 00:00:00+09:00,1734.3774533589683,1734.3774533589683,1706.6202509562177,1719.15576171875,5300
2019-01-28 00:00:00+09:00,1705.7248337727522,1709.3064082268681,1677.9676317533529,1694.084716796875,3900
2019-01-29 00:00:00+09:00,1694.084600501932,1694.084600501932,1645.7333486905661,1665.4320068359375,4100
2019-01-30 00:00:00+09:00,1656.4782162667861,1669.0137270925889,1641.2565245497399,1662.7459716796875,4600
2019-01-31 00:00:00+09:00,1641.2566045685487,1666.3276274424818,1610.8132196502015,1626.034912109375,10500
2019-02-01 00:00:00+09:00,1626.0349543539326,1629.6165291432585,1575.8929073033707,1593.80078125,9900
2019-02-04 00:00:00+09:00,1593.800768797901,1650.2105712890625,1544.5541158294263,1650.2105712890625,20200
2019-02-05 00:00:00+09:00,1643.04735992767,1648.419721867488,1601.8592517223988,1629.616455078125,7500
2019-02-06 00:00:00+09:00,1694.08485094741,1694.08485094741,1620.6625688238962,1637.675048828125,9700
2019-02-07 00:00:00+09:00,1630.511709753193,1648.4195813594883,1602.754508763435,1603.64990234375,3700
2019-02-08 00:00:00+09:00,1608.1269453832815,1633.1979668035108,1575.8927749858437,1581.26513671875,7300
2019-02-12 00:00:00+09:00,1612.603997564935,1612.603997564935,1578.5790381493505,1585.7421875,7400
2019-02-13 00:00:00+09:00,1586.6375063628718,1622.4532514274965,1558.8803039377879,1580.3697509765625,13400
2019-02-14 00:00:00+09:00,1595.5915951047625,1624.2441938945226,1595.5915951047625,1604.5455322265625,5800
2019-02-15 00:00:00+09:00,1701.247923982878,1741.5406379719464,1652.0012735517948,1729.005126953125,49500
2019-02-18 00:00:00+09:00,1740.6453105614144,1817.649166892835,1740.6453105614144,1804.21826171875,93200
2019-02-19 00:00:00+09:00,1768.4024737357126,1798.8458580936945,1760.3439308174234,1767.507080078125,23700
2019-02-20 00:00:00+09:00,1762.1347057854093,1790.7873026274485,1754.9715565748995,1782.728759765625,15200
2019-02-21 00:00:00+09:00,1785.414861904985,1817.6490319293478,1768.4023832810158,1791.6826171875,37800
2019-02-22 00:00:00+09:00,1767.5071547904583,1835.5570756435866,1767.5071547904583,1814.067626953125,48600
2019-02-25 00:00:00+09:00,1816.7536542929668,1816.7536542929668,1786.3102712244795,1789.891845703125,10700
2019-02-26 00:00:00+09:00,1790.7873406906638,1875.8497393734704,1790.7873406906638,1874.954345703125,39200
2019-02-27 00:00:00+09:00,1880.3264970308996,2014.6355325331067,1880.3264970308996,1996.7276611328125,84100
2019-02-28 00:00:00+09:00,1957.3306432878696,1996.7279663915597,1912.5609579427673,1976.1339111328125,51700
2019-03-01 00:00:00+09:00,1970.7617107117642,2000.3097054657342,1969.8663169313409,1971.6571044921875,17200
2019-03-04 00:00:00+09:00,1969.865754221467,2020.0077916016496,1953.7486707778367,2008.36767578125,24900
2019-03-05 00:00:00+09:00,1975.2384888554961,2059.405496086873,1975.2384888554961,2034.33447265625,29400
2019-03-06 00:00:00+09:00,2020.0079551630436,2059.4052734375,2014.635593580163,2059.4052734375,16700
2019-03-07 00:00:00+09:00,2026.2759953524367,2062.0917442760324,2024.4852079062568,2040.602294921875,11300
2019-03-08 00:00:00+09:00,2014.6355325331067,2023.589468233254,1934.0501112317825,1996.7276611328125,24700
2019-03-11 00:00:00+09:00,2022.6942785314611,2023.589672191723,1884.8036548511402,1987.77392578125,18900
2019-03-12 00:00:00+09:00,2028.9617478390958,2041.4972573138298,2004.786122423537,2020.0078125,13500
2019-03-13 00:00:00+09:00,2021.798452631353,2059.404978322459,2014.6353048806664,2037.0201416015625,18000
2019-03-14 00:00:00+09:00,2032.5439776347364,2045.0794911531884,2006.5775567750854,2028.96240234375,5600
2019-03-15 00:00:00+09:00,2037.0205438110622,2037.0205438110622,2013.74030902465,2019.1126708984375,8600
2019-03-18 00:00:00+09:00,2022.693846100189,2056.718797915951,2022.693846100189,2037.0201416015625,7700
2019-03-19 00:00:00+09:00,2017.3221409529278,2059.405647666105,2011.9497783937989,2058.51025390625,14500
2019-03-20 00:00:00+09:00,2032.54383487046,2058.51025390625,2032.54383487046,2058.51025390625,6200
2019-03-22 00:00:00+09:00,2058.5099159193724,2193.7143514582267,2058.5099159193724,2180.283447265625,25700
2019-03-25 00:00:00+09:00,2135.5133638047682,2199.0862983247425,2133.7225769168817,2171.3291015625,9900
2019-03-26 00:00:00+09:00,2157.898224206736,2171.3291260171513,2148.944289666459,2154.316650390625,8600
2019-03-27 00:00:00+09:00,2165.9574351658566,2165.9574351658566,2115.8153862327076,2148.049560546875,5700
2019-03-28 00:00:00+09:00,2119.396299355003,2149.8396767010404,2111.3377582928165,2140.8857421875,5800
2019-03-29 00:00:00+09:00,2144.4680015872705,2148.944970275344,2106.861464607452,2146.2587890625,8800
2019-04-01 00:00:00+09:00,2220.5766407211736,2417.563278204503,2170.4345875435984,2182.07470703125,20500
2019-04-02 00:00:00+09:00,2164.1666020669227,2187.4468385806754,2105.070617070474,2166.852783203125,5800
2019-04-03 00:00:00+09:00,2166.85285751533,2273.4047129055466,2159.6897075731304,2226.84423828125,16000
2019-04-04 00:00:00+09:00,2229.5306830248787,2371.8983049529734,2193.7149290807038,2305.63916015625,22700
2019-04-05 00:00:00+09:00,2276.0903173319302,2321.7553866411076,2276.0903173319302,2319.964599609375,4400
2019-04-08 00:00:00+09:00,2327.1284458295036,2327.1284458295036,2276.9863938993567,2283.254150390625,8800
2019-04-09 00:00:00+09:00,2265.345860697834,2300.266211910172,2247.43798828125,2247.43798828125,10700
2019-04-10 00:00:00+09:00,2248.3337082000185,2251.915283203125,2203.5640206611893,2251.915283203125,8000
2019-04-11 00:00:00+09:00,2215.2043800565093,2301.1621894685645,2215.2043800565093,2265.346435546875,10400
2019-04-12 00:00:00+09:00,2256.39225,2282.35866875,2234.00740625,2238.484375,7300
2019-04-15 00:00:00+09:00,2234.007551145592,2234.007551145592,2220.5766440244765,2222.367431640625,5600
2019-04-16 00:00:00+09:00,2229.5302734375,2242.961178699172,2229.5302734375,2229.5302734375,3400
2019-04-17 00:00:00+09:00,2238.4838138115415,2246.542355541263,2207.14504041818,2218.78515625,4700
2019-04-18 00:00:00+09:00,2206.250153058566,2206.250153058566,2139.991016968333,2148.049560546875,17200
2019-04-19 00:00:00+09:00,2118.5014519349297,2147.1540497632973,2037.9160205426458,2133.72314453125,19000
2019-04-22 00:00:00+09:00,2139.9909693347195,2158.7942372661123,2122.978488825364,2153.421875,4200
2019-04-23 00:00:00+09:00,2166.8526071947676,2166.8526071947676,2084.476392375793,2117.60595703125,6500
2019-04-24 00:00:00+09:00,2117.605844420632,2193.714299716934,2117.605844420632,2172.224853515625,6100
2019-04-25 00:00:00+09:00,2216.9950466512296,2216.9950466512296,2146.258936519789,2157.003662109375,3600
2019-04-26 00:00:00+09:00,2157.898719925403,2181.178955078125,2105.9658876616377,2181.178955078125,8500
2019-05-07 00:00:00+09:00,2220.5762565131035,2220.5762565131035,2151.6309453229787,2169.538818359375,4900
2019-05-08 00:00:00+09:00,2175.806637592197,2175.806637592197,2146.258646217488,2162.375732421875,2800
2019-05-09 00:00:00+09:00,2154.3173327010327,2156.1081201762618,2095.2213460184607,2146.2587890625,8200
2019-05-10 00:00:00+09:00,2149.840462137858,2164.166762593587,2115.815498555501,2148.945068359375,6700
2019-05-13 00:00:00+09:00,2144.46809638301,2144.46809638301,2088.9536821968945,2122.083251953125,11900
2019-05-14 00:00:00+09:00,2207.1457604041466,2336.9778639573315,2166.8530386117786,2328.02392578125,48600
2019-05-15 00:00:00+09:00,2309.2203887316646,2309.2203887316646,2193.714599609375,2193.714599609375,18800
2019-05-16 00:00:00+09:00,2183.8648344580806,2183.8648344580806,2138.199764118859,2159.689208984375,8100
2019-05-17 00:00:00+09:00,2159.689208984375,2166.8523572728805,2135.5135835106694,2159.689208984375,7700
2019-05-20 00:00:00+09:00,2159.689761449017,2159.689761449017,2136.4095235561176,2152.526611328125,1900
2019-05-21 00:00:00+09:00,2165.061365374059,2165.061365374059,2140.8857421875,2140.8857421875,2400
2019-05-22 00:00:00+09:00,2148.944539148062,2156.107687611889,2124.7689130826466,2125.664306640625,3200
2019-05-23 00:00:00+09:00,2108.652165967665,2118.5014966791914,2104.175197462426,2114.919921875,6300
2019-05-24 00:00:00+09:00,2111.338512278422,2138.2003254117353,2096.116818169545,2137.304931640625,6200
2019-05-27 00:00:00+09:00,2143.5723247294786,2143.5723247294786,2113.1289416714994,2122.978271484375,1800
2019-05-28 00:00:00+09:00,2108.6522796927898,2135.5140921729526,2108.6522796927898,2115.8154296875,1800
2019-05-29 00:00:00+09:00,2115.814920628324,2116.7103141622338,2104.1748046875,2104.1748046875,1800
2019-05-30 00:00:00+09:00,2102.383812676101,2193.7139442318776,2099.6976323362255,2184.760009765625,6600
2019-05-31 00:00:00+09:00,2139.990711093296,2210.72680572776,2139.990711093296,2155.21240234375,3800
2019-06-03 00:00:00+09:00,2088.953176705273,2120.291951323655,2088.953176705273,2097.01171875,3000
2019-06-04 00:00:00+09:00,2105.9659403850187,2138.2001129419323,2095.221216199381,2133.72314453125,3200
2019-06-05 00:00:00+09:00,2133.7227168656705,2133.7227168656705,2055.823482133269,2084.47607421875,9600
2019-06-06 00:00:00+09:00,2076.418343070872,2095.221613965434,2073.732161514506,2075.52294921875,2400
2019-06-07 00:00:00+09:00,2069.2544775980946,2073.7314453125,2068.3590840552138,2073.7314453125,500
2019-06-10 00:00:00+09:00,2074.626838855381,2085.3715613699537,2070.149871140976,2073.7314453125,3900
2019-06-11 00:00:00+09:00,2079.9993620228324,2087.1625109234706,2068.359245059295,2069.254638671875,6700
2019-06-12 00:00:00+09:00,2069.254642660415,2097.011844703891,2069.254642660415,2082.685546875,3100
2019-06-13 00:00:00+09:00,2083.5807742841916,2091.6393161701208,2070.149871140976,2073.7314453125,7300
2019-06-14 00:00:00+09:00,2073.731846469476,2073.731846469476,2024.4851920844064,2042.39306640625,13800
2019-06-17 00:00:00+09:00,2028.0667406666455,2028.0667406666455,1960.9122128300016,1990.460205078125,30900
2019-06-18 00:00:00+09:00,1962.7026080490252,2004.7861037508064,1951.0624922166178,1951.9578857421875,91300
2019-06-19 00:00:00+09:00,1963.598001574595,1969.8657562535836,1911.665177091546,1951.9578857421875,27900
2019-06-20 00:00:00+09:00,1952.853405845138,1978.819819769718,1952.853405845138,1965.388916015625,11400
2019-06-21 00:00:00+09:00,1970.7615356994188,1994.9371656239462,1966.284567194877,1991.3555908203125,8400
2019-06-24 00:00:00+09:00,2058.509951107059,2058.509951107059,1977.0291309457966,2023.589599609375,82600
2019-06-25 00:00:00+09:00,2028.066743334241,2044.1838300362351,1981.5062706395918,2003.89111328125,28000
2019-06-26 00:00:00+09:00,2011.9859064830432,2011.9859064830432,1966.1158657004617,1978.7076416015625,10300
2019-06-27 00:00:00+09:00,2004.7905341792793,2216.1524792363143,1990.399933664758,2152.294189453125,49100
2019-06-28 00:00:00+09:00,2193.6669975501263,2349.265353669918,2180.175810603324,2333.975341796875,83400
2019-07-01 00:00:00+09:00,2398.7327227105034,2451.798051034433,2318.6850240523727,2428.413330078125,82900
2019-07-02 00:00:00+09:00,2458.993688755101,2620.8879330769437,2458.993688755101,2617.290283203125,108100
2019-07-03 00:00:00+09:00,2585.8110685285965,2642.4740588998316,2527.3492530662106,2605.59814453125,36300
2019-07-04 00:00:00+09:00,2613.692993207304,2613.692993207304,2518.3552584241056,2539.041748046875,41600
2019-07-05 00:00:00+09:00,2549.8342658457345,2581.313701226546,2457.1947845822033,2570.520751953125,41500
2019-07-08 00:00:00+09:00,2570.5206982651735,2674.8525390625,2491.3724052465113,2674.8525390625,56600
2019-07-09 00:00:00+09:00,2695.539379762546,2756.6994324231578,2664.9593534322403,2738.711181640625,51100
2019-07-10 00:00:00+09:00,2738.710633743641,2770.190066315407,2664.9588202897894,2707.231201171875,25300
2019-07-11 00:00:00+09:00,2683.8471353287473,2683.8471353287473,2598.4029403367126,2664.06005859375,19200
2019-07-12 00:00:00+09:00,2620.887754038689,2627.1836408877866,2495.869429463748,2520.153564453125,49800
2019-07-16 00:00:00+09:00,2495.869722715325,2495.869722715325,2386.14139616712,2408.626708984375,65300
2019-07-17 00:00:00+09:00,2405.9284975975474,2426.6149856142742,2160.388878964228,2423.916748046875,133800
2019-07-18 00:00:00+09:00,2365.455177518219,2389.739318123919,2241.3362366446395,2275.513916015625,60000
2019-07-19 00:00:00+09:00,2252.1287639693705,2334.87470897144,2239.536989729925,2308.791748046875,39400
2019-07-22 00:00:00+09:00,2353.762271559382,2417.6205525225905,2335.774023400732,2388.83935546875,23900
2019-07-23 00:00:00+09:00,2340.271127175965,2447.3012056286702,2340.271127175965,2412.22412109375,21700
2019-07-24 00:00:00+09:00,2387.0402814546624,2400.53146616522,2347.4661396370266,2386.140869140625,14800
2019-07-25 00:00:00+09:00,2360.05839806968,2428.413748013771,2360.05839806968,2387.940185546875,16200
2019-07-26 00:00:00+09:00,2380.7448660664427,2533.644989689901,2377.147216098832,2516.55615234375,46300
2019-07-29 00:00:00+09:00,2525.549997046048,2624.485360178194,2383.4428390926023,2497.668212890625,71900
2019-07-30 00:00:00+09:00,2542.638780925072,2561.5264407763016,2470.685791015625,2470.685791015625,100400
2019-07-31 00:00:00+09:00,2425.7157644879417,2487.775233434797,2391.5380859375,2391.5380859375,35200
2019-08-01 00:00:00+09:00,2365.454732124379,2398.7329926143416,2290.8034991333816,2308.791748046875,66100
2019-08-02 00:00:00+09:00,2297.9990310668945,2357.360258483887,2289.0049057006836,2302.49609375,37000
2019-08-05 00:00:00+09:00,2275.5139869867367,2322.2834444267805,2274.614574343659,2320.484619140625,17500
2019-08-06 00:00:00+09:00,2252.128749725127,2336.673519083818,2252.128749725127,2300.697021484375,20900
2019-08-07 00:00:00+09:00,2269.2175078008277,2306.0934165681024,2234.140423851469,2257.525146484375,17400
2019-08-08 00:00:00+09:00,2251.2293197458102,2299.7975911266626,2235.0398959521926,2290.803466796875,4500
2019-08-09 00:00:00+09:00,2327.679569317277,2406.8278699741245,2327.679569317277,2400.531982421875,15800
2019-08-13 00:00:00+09:00,2400.531828590883,2482.378361525229,2383.442992044151,2450.89892578125,20700
2019-08-14 00:00:00+09:00,2001.1923828125,2023.6776904845506,2001.1923828125,2001.1923828125,106500
2019-08-15 00:00:00+09:00,1867.1801755541424,1945.4290557435502,1812.31601817996,1933.7366943359375,128300
2019-08-16 00:00:00+09:00,1898.6599257073965,1956.2223298974834,1716.0791749169648,1760.150390625,164100
2019-08-19 00:00:00+09:00,1778.138414839187,1798.8249012030217,1748.4578039693372,1770.943115234375,78900
2019-08-20 00:00:00+09:00,1764.6472583056934,1788.031982421875,1754.7537211796166,1788.031982421875,15400
2019-08-21 00:00:00+09:00,1784.4343100937183,1784.4343100937183,1727.7713254486052,1775.440185546875,32000
2019-08-22 00:00:00+09:00,1786.2329908162794,1830.3041975383328,1780.8365165237833,1829.40478515625,36500
2019-08-23 00:00:00+09:00,1826.7068618774415,1850.991000366211,1771.8426971435547,1798.8250732421875,35600
2019-08-26 00:00:00+09:00,1759.2508069570192,1772.741994126935,1729.5701951832043,1732.2684326171875,23800
2019-08-27 00:00:00+09:00,1739.46374353842,1758.3514056968,1724.1737313149695,1738.5643310546875,15600
2019-08-28 00:00:00+09:00,1723.274250010334,1725.0730749059608,1681.901277410921,1699.8895263671875,18300
2019-08-29 00:00:00+09:00,1686.3983300081484,1694.4930419921875,1669.3094935973993,1694.4930419921875,16000
2019-08-30 00:00:00+09:00,1691.7948350851245,1736.765458027313,1664.8124613198117,1711.5819091796875,30800
2019-09-02 00:00:00+09:00,1734.0671370248444,1741.2624363485988,1698.0906404060715,1733.167724609375,10200
2019-09-03 00:00:00+09:00,1744.8603799770292,1769.1445192859878,1735.8662543070445,1761.94921875,12900
2019-09-04 00:00:00+09:00,1774.5407257943043,1774.5407257943043,1735.8659912736985,1749.357177734375,9300
2019-09-05 00:00:00+09:00,1777.238798686026,1803.321756763908,1749.3570159131177,1792.52880859375,12200
2019-09-06 00:00:00+09:00,1792.5291091082097,1797.0261715997005,1746.6590716950043,1754.7537841796875,9600
2019-09-09 00:00:00+09:00,1777.2391526366696,1797.0262282227054,1777.2391526366696,1787.1326904296875,11300
2019-09-10 00:00:00+09:00,1786.2330138696598,1797.0259625939477,1765.5465288147743,1776.3394775390625,13200
2019-09-11 00:00:00+09:00,1797.9257028192224,1839.2986804728912,1792.5292274730916,1824.0086669921875,9600
2019-09-12 00:00:00+09:00,1853.6890772910015,1868.9790890881616,1825.8072910726505,1848.2926025390625,15100
2019-09-13 00:00:00+09:00,1875.2747373117984,1875.2747373117984,1848.2923669907655,1852.7894287109375,9200
2019-09-17 00:00:00+09:00,1812.3161476344028,1877.9732586901405,1809.617910193756,1873.4761962890625,14300
2019-09-18 00:00:00+09:00,1873.4759797904076,1873.4759797904076,1817.7124124610723,1823.10888671875,10700
2019-09-19 00:00:00+09:00,1818.6119072124236,1829.4048562166515,1797.0260092039675,1801.5230712890625,11500
2019-09-20 00:00:00+09:00,1801.523285666543,1872.5768750662717,1801.523285666543,1855.488037109375,10700
2019-09-24 00:00:00+09:00,1874.3756008350126,1897.76032522163,1866.2808885473376,1868.9791259765625,10300
2019-09-25 00:00:00+09:00,1864.482058840832,1882.4703083231364,1857.2867590479104,1866.2808837890625,10400
2019-09-26 00:00:00+09:00,1857.2868621574694,1874.375700114366,1842.896261772714,1855.488037109375,10900
2019-09-27 00:00:00+09:00,1843.7955030306118,1851.8902149951366,1827.6060791015625,1827.6060791015625,5300
2019-09-30 00:00:00+09:00,1827.6060562360628,1830.304293523813,1805.120745504812,1815.0142822265625,5600
2019-10-01 00:00:00+09:00,1816.8128749517748,1835.7005335527585,1814.114638008777,1821.3099365234375,2500
2019-10-02 00:00:00+09:00,1825.8069980951004,1830.3040596667631,1789.830505521798,1821.3099365234375,6000
2019-10-03 00:00:00+09:00,1820.4107535226003,1830.3042902265277,1798.8248552594866,1813.2154541015625,4300
2019-10-04 00:00:00+09:00,1856.3870167824075,1857.28642909674,1821.3099365234375,1821.3099365234375,3800
2019-10-07 00:00:00+09:00,1815.0140503231096,1845.5940690104167,1805.1205148654515,1821.3099365234375,3100
2019-10-08 00:00:00+09:00,1841.0973949619734,1841.0973949619734,1812.3161948453233,1831.203857421875,3100
2019-10-09 00:00:00+09:00,1841.097447374132,1866.2809981931234,1836.6003847278835,1861.783935546875,7700
2019-10-10 00:00:00+09:00,1874.3756525065876,1898.6597900390625,1862.6832899909516,1898.6597900390625,16500
2019-10-11 00:00:00+09:00,1898.6593763823703,1905.8546748243687,1835.7005150148827,1874.375244140625,11200
2019-10-15 00:00:00+09:00,1887.8668988951163,1913.9498622433575,1845.5945100203803,1861.783935546875,13300
2019-10-16 00:00:00+09:00,1887.8669235800053,1887.8669235800053,1862.683372431725,1876.174560546875,15800
2019-10-17 00:00:00+09:00,1876.174299942046,1888.7660737671604,1861.7837012847724,1867.18017578125,5400
2019-10-18 00:00:00+09:00,1858.1864102043241,1868.079948690407,1849.1922843078848,1863.5828857421875,7100
2019-10-21 00:00:00+09:00,1908.5531620016488,1908.5531620016488,1850.990766917716,1875.27490234375,15400
2019-10-23 00:00:00+09:00,1887.866506622878,1887.866506622878,1848.2923635588443,1850.9906005859375,12400
2019-10-24 00:00:00+09:00,1845.5943014962331,1852.7896009172712,1808.7183919634138,1813.2154541015625,23200
2019-10-25 00:00:00+09:00,1815.014278956822,1833.0025275094167,1809.6178043910434,1813.2154541015625,5800
2019-10-28 00:00:00+09:00,1842.8961834744086,1842.8961834744086,1807.8190965268723,1810.517333984375,9800
2019-10-29 00:00:00+09:00,1825.8073446527862,1825.8073446527862,1802.4226200414698,1809.617919921875,4200
2019-10-30 00:00:00+09:00,1801.5229996560654,1828.50537109375,1797.0259377497848,1828.50537109375,10900
2019-10-31 00:00:00+09:00,1828.5056089774444,1828.5056089774444,1817.7126589982365,1824.907958984375,2700
2019-11-01 00:00:00+09:00,1811.4167433121736,1815.9138057335047,1794.3279061111152,1808.718505859375,33100
2019-11-05 00:00:00+09:00,1818.6119187995569,1832.1031051408,1804.2213200355643,1807.8189697265625,7300
2019-11-06 00:00:00+09:00,1809.6179072519026,1813.2155571669161,1802.422607421875,1802.422607421875,1600
2019-11-07 00:00:00+09:00,1804.2215802675423,1817.7127685546875,1763.7480154061068,1817.7127685546875,12600
2019-11-08 00:00:00+09:00,1816.813161749589,1849.1920101768092,1813.215511924342,1845.5943603515625,17400
2019-11-11 00:00:00+09:00,1850.9911094871727,1878.872899766134,1841.9969835907336,1863.5828857421875,17400
2019-11-12 00:00:00+09:00,1870.7779721636048,1870.7779721636048,1802.4226231807038,1811.416748046875,12500
2019-11-13 00:00:00+09:00,1622.5402160644533,1815.9139114379884,1622.5402160644533,1798.8250732421875,59300
2019-11-14 00:00:00+09:00,1754.7539152321792,1804.2216063330352,1753.854502666709,1760.150390625,15000
2019-11-15 00:00:00+09:00,1756.5526840209961,1810.5174362182618,1742.1620834350585,1798.8250732421875,21100
2019-11-18 00:00:00+09:00,1788.0320093321384,1811.4167338002649,1764.6472848640117,1803.322021484375,5700
2019-11-19 00:00:00+09:00,1803.321881232075,1815.9136549663638,1793.4283447265625,1793.4283447265625,6700
2019-11-20 00:00:00+09:00,1803.3219076128148,1827.6060430270522,1794.3277833853194,1807.8189697265625,11100
2019-11-21 00:00:00+09:00,1801.5232600625077,1852.789773204576,1801.5232600625077,1840.197998046875,14200
2019-11-22 00:00:00+09:00,1843.795638738894,1850.9909387925093,1824.9079760981542,1834.801513671875,7500
2019-11-25 00:00:00+09:00,1830.3042390590851,1852.7895491212362,1825.807177046655,1851.89013671875,11500
2019-11-26 00:00:00+09:00,1848.292689971707,1902.2574400438737,1848.292689971707,1898.6597900390625,18100
2019-11-27 00:00:00+09:00,1906.754132472047,1967.9141706834146,1906.754132472047,1960.7188720703125,22700
2019-11-28 00:00:00+09:00,1991.2995141105955,2041.66662015856,1978.7077375986044,2038.0689697265625,29200
2019-11-29 00:00:00+09:00,2023.678207397461,2027.2758575439454,1940.0328414916992,1942.7310791015625,28500
2019-12-02 00:00:00+09:00,1961.618615914982,1987.7015777955573,1940.93212890625,1940.93212890625,9400
2019-12-03 00:00:00+09:00,1924.7428014610093,1927.441039033151,1852.7897995372332,1855.488037109375,14700
2019-12-04 00:00:00+09:00,1845.594340093085,1902.25732421875,1843.7955152002069,1902.25732421875,8300
2019-12-05 00:00:00+09:00,1900.4585153952205,1911.25146484375,1895.0620406709559,1911.25146484375,3800
2019-12-06 00:00:00+09:00,1910.3522066398968,1944.5298826532282,1909.45279411323,1930.1392822265625,10500
2019-12-09 00:00:00+09:00,1943.6302879071618,1986.8020851397132,1940.9320505801272,1965.2161865234375,13600
2019-12-10 00:00:00+09:00,1965.2159510224922,1988.600671721158,1965.2159510224922,1969.7130126953125,8400
2019-12-11 00:00:00+09:00,1978.707707887662,1980.5065330766508,1944.530029296875,1944.530029296875,9200
2019-12-12 00:00:00+09:00,1933.7365482630355,1933.7365482630355,1902.2571160820094,1921.144775390625,6200
2019-12-13 00:00:00+09:00,1940.932337352463,1960.7194140075853,1916.6481978211764,1919.346435546875,7100
2019-12-16 00:00:00+09:00,1915.7488334877567,1957.121812990309,1915.7488334877567,1949.027099609375,4700
2019-12-17 00:00:00+09:00,1931.038880360787,2045.2642822265625,1931.038880360787,2045.2642822265625,16100
2019-12-18 00:00:00+09:00,2047.9624564573937,2047.9624564573937,1996.6959391020703,2006.5894775390625,10700
2019-12-19 00:00:00+09:00,2041.6665233690594,2053.35888671875,1990.4000071434928,2053.35888671875,7900
2019-12-20 00:00:00+09:00,2056.956659884066,2130.708494650351,2048.8619463121568,2129.80908203125,18900
2019-12-23 00:00:00+09:00,2139.702528517658,2139.702528517658,2059.654808871558,2074.04541015625,14200
2019-12-24 00:00:00+09:00,2077.6428427595647,2100.1281549106425,2072.246367843306,2089.335205078125,5300
2019-12-25 00:00:00+09:00,2089.335030308536,2150.4950742435253,2089.335030308536,2127.1103515625,10200
2019-12-26 00:00:00+09:00,2148.696450115883,2176.578237455185,2097.4299379113604,2101.027587890625,22300
2019-12-27 00:00:00+09:00,2101.9317086135284,2142.6142578125,2065.7694426588873,2142.6142578125,6100
2019-12-30 00:00:00+09:00,2125.436444217828,2167.0230356402103,2082.945796460177,2145.32568359375,6800
2020-01-06 00:00:00+09:00,2133.573625530216,2195.049475757358,2132.6695689092285,2157.983154296875,22100
2020-01-07 00:00:00+09:00,2168.8315607406785,2241.1560813156075,2168.8315607406785,2223.074951171875,18700
2020-01-08 00:00:00+09:00,2222.1712551076653,2222.1712551076653,2139.902099609375,2139.902099609375,12600
2020-01-09 00:00:00+09:00,2155.271200462093,2182.39290181019,2148.94280348087,2164.311767578125,6000
2020-01-10 00:00:00+09:00,2167.927734375,2170.6399041844766,2126.341130629691,2167.927734375,9500
2020-01-14 00:00:00+09:00,2166.1194531414267,2167.0235096744573,2130.8612483532315,2149.846435546875,6600
2020-01-15 00:00:00+09:00,2148.0385977056962,2164.311617385285,2140.8061445147678,2142.6142578125,3700
2020-01-16 00:00:00+09:00,2147.134552839994,2168.831912531851,2129.0534197634465,2139.902099609375,6000
2020-01-17 00:00:00+09:00,2168.831672527114,2200.4736519095436,2156.174880774142,2195.953369140625,10800
2020-01-20 00:00:00+09:00,2187.8168525523192,2214.9385490715626,2187.8168525523192,2197.761474609375,3800
2020-01-21 00:00:00+09:00,2197.761459369385,2210.418250990599,2188.7208939256607,2201.377685546875,6400
2020-01-22 00:00:00+09:00,2214.0344925209215,2214.0344925209215,2172.4478911914143,2197.761474609375,6800
2020-01-23 00:00:00+09:00,2168.832039194501,2197.761853806516,2157.983358714995,2167.02392578125,8000
2020-01-24 00:00:00+09:00,2189.625416239754,2189.625416239754,2035.9357710040983,2095.603515625,17000
2020-01-27 00:00:00+09:00,2080.234184662119,2084.7544675492595,2047.6881478747064,2067.577392578125,10100
2020-01-28 00:00:00+09:00,2022.3745569880682,2052.2084239440837,1997.9650294786013,2040.4556884765625,11900
2020-01-29 00:00:00+09:00,2040.4558665774132,2083.8505859375,2011.5260536706887,2083.8505859375,10800
2020-01-30 00:00:00+09:00,2085.6588851302026,2085.6588851302026,1936.4895240350645,1959.0909423828125,43300
2020-01-31 00:00:00+09:00,1943.7219717883975,1970.8436737203285,1927.4489506292387,1932.873291015625,19200
2020-02-03 00:00:00+09:00,1924.736370310229,1988.9243845385174,1859.6442995435139,1943.7215576171875,27900
2020-02-04 00:00:00+09:00,1943.7218412283223,1995.2530714376314,1930.160991173241,1990.7327880859375,5700
2020-02-05 00:00:00+09:00,2005.1974022301963,2022.3744764603016,1938.297218386628,1943.7215576171875,10800
2020-02-06 00:00:00+09:00,1976.267917121372,1976.267917121372,1912.0798923658288,1954.570556640625,8500
2020-02-07 00:00:00+09:00,1979.88392779422,1979.88392779422,1932.8729852164577,1947.337890625,3800
2020-02-10 00:00:00+09:00,1988.9244544968808,1992.5406807777842,1943.7216259855882,1956.37841796875,2900
2020-02-12 00:00:00+09:00,1960.8987191364351,2112.7802243530887,1960.8987191364351,1980.7879638671875,30000
2020-02-13 00:00:00+09:00,2107.356175424656,2168.83203125,2066.6736237755313,2168.83203125,39800
2020-02-14 00:00:00+09:00,2214.034939680428,2214.034939680428,2090.1791672279096,2097.41162109375,21400
2020-02-17 00:00:00+09:00,2062.152902591175,2071.19346770556,2016.0460205078125,2016.0460205078125,13600
2020-02-18 00:00:00+09:00,2013.3338997917265,2019.6622955252433,1968.1310731237486,1975.363525390625,19600
2020-02-19 00:00:00+09:00,1971.7473448461415,2035.0313036445045,1966.3230055205674,1993.4447021484375,9700
2020-02-20 00:00:00+09:00,2071.1933946011595,2095.6029195484452,2008.813497513652,2033.2230224609375,14000
2020-02-21 00:00:00+09:00,1993.4450044513383,2035.9356689453125,1993.4450044513383,2035.9356689453125,4600
2020-02-25 00:00:00+09:00,1922.024178188232,1968.1310611080814,1892.190312769506,1949.1458740234375,16100
2020-02-26 00:00:00+09:00,1929.2567208619744,1956.37841796875,1877.7254963591008,1956.37841796875,13300
2020-02-27 00:00:00+09:00,1985.3082578087674,1986.212314392469,1881.3417506830806,1892.1904296875,13200
2020-02-28 00:00:00+09:00,1832.5228540188689,1839.7553073154406,1756.5820944048655,1770.1429443359375,25000
2020-03-02 00:00:00+09:00,1782.7996190439355,1869.5890528310642,1782.7996190439355,1826.1943359375,26700
2020-03-03 00:00:00+09:00,1906.6554222562875,1906.6554222562875,1810.8254199996888,1815.345703125,15600
2020-03-04 00:00:00+09:00,1817.1537172544254,1856.932206587358,1808.1131514969406,1809.9212646484375,6600
2020-03-05 00:00:00+09:00,1844.275515126992,1870.4931572537973,1812.6335332498134,1815.345703125,15900
2020-03-06 00:00:00+09:00,1812.633450916558,1815.345620668553,1764.7184519646491,1777.375244140625,15700
2020-03-09 00:00:00+09:00,1717.7076274387086,1722.2279106688104,1636.342529296875,1636.342529296875,23800
2020-03-10 00:00:00+09:00,1574.8665918661347,1675.2168741262615,1504.3501773049645,1657.1357421875,27700
2020-03-11 00:00:00+09:00,1681.5452492297534,1705.9547770411532,1602.89232628191,1604.700439453125,9800
2020-03-12 00:00:00+09:00,1582.099098886038,1595.6599483050613,1507.0623987674433,1530.56787109375,19400
2020-03-13 00:00:00+09:00,1405.807836563861,1430.2173617003396,1285.5683238545403,1323.5386962890625,38400
2020-03-16 00:00:00+09:00,1296.417038698472,1399.4794811054635,1270.199399840553,1314.4981689453125,34700
2020-03-17 00:00:00+09:00,1302.7454872131348,1441.0661392211914,1271.1035079956055,1417.5606689453125,31400
2020-03-18 00:00:00+09:00,1476.3243208888828,1549.5529001858818,1404.9038546609454,1422.9849853515625,20500
2020-03-19 00:00:00+09:00,1424.7933522609685,1434.7379759125363,1347.0444764396213,1365.1256103515625,9200
2020-03-23 00:00:00+09:00,1371.4538220857319,1408.5201416015625,1358.797030055936,1408.5201416015625,17700
2020-03-24 00:00:00+09:00,1464.5719386431217,1579.3871461787244,1433.834009066661,1510.6788330078125,14500
2020-03-25 00:00:00+09:00,1611.9331892596826,1611.9331892596826,1479.036846679103,1510.6788330078125,23800
2020-03-26 00:00:00+09:00,1546.8405082000716,1546.8405082000716,1418.4644987527247,1503.44580078125,10100
2020-03-27 00:00:00+09:00,1536.8962674892941,1564.9220229552755,1502.542115627769,1530.56787109375,9900
2020-03-30 00:00:00+09:00,1458.2431025866567,1550.456863568578,1451.9147072251524,1502.5418701171875,14500
2020-03-31 00:00:00+09:00,1518.815182124343,1580.2910347341378,1518.815182124343,1547.7449951171875,12700
2020-04-01 00:00:00+09:00,1511.5827089357206,1542.3206348351312,1454.627140357401,1524.239501953125,13100
2020-04-02 00:00:00+09:00,1470.9000278008143,1503.446064064385,1429.313425908474,1498.92578125,16300
2020-04-03 00:00:00+09:00,1517.910922431247,1542.3204488789204,1462.7634737902072,1480.8446044921875,7000
2020-04-06 00:00:00+09:00,1515.1988543003433,1630.014041947207,1499.8298921743851,1629.1099853515625,14100
2020-04-07 00:00:00+09:00,1697.8182307171926,1717.7074751664888,1573.96248119203,1641.7667236328125,10200
2020-04-08 00:00:00+09:00,1608.3167401947846,1709.5710824667442,1608.3167401947846,1672.5047607421875,14600
2020-04-09 00:00:00+09:00,1734.8845473069412,1786.415771484375,1706.8587938069334,1786.415771484375,16300
2020-04-10 00:00:00+09:00,1795.456670649267,1795.456670649267,1701.4347704742802,1711.37939453125,7600
2020-04-13 00:00:00+09:00,1721.3237227833158,1724.9399490916842,1673.4087241974357,1723.1318359375,8900
2020-04-14 00:00:00+09:00,1699.6263312989577,1746.6372723774396,1679.737086996523,1702.3385009765625,10400
2020-04-15 00:00:00+09:00,1753.8695836231452,1753.8695836231452,1703.242420384539,1705.95458984375,6200
2020-04-16 00:00:00+09:00,1742.1169859389765,1742.1169859389765,1642.6707646347277,1674.312744140625,14200
2020-04-17 00:00:00+09:00,1675.2169666779348,1719.5157423753005,1675.2169666779348,1692.39404296875,5300
2020-04-20 00:00:00+09:00,1728.5559729751276,1736.6924812161194,1643.5746646803254,1683.3531494140625,15200
2020-04-21 00:00:00+09:00,1658.9439817173661,1714.9954949961,1596.56407177813,1684.257568359375,19900
2020-04-22 00:00:00+09:00,1616.4529499105927,1701.4342571206573,1616.4529499105927,1658.943603515625,6400
2020-04-23 00:00:00+09:00,1663.4640651953953,1717.70745862568,1654.4234996236812,1703.2425537109375,8100
2020-04-24 00:00:00+09:00,1701.4346173128342,1711.3792404745989,1663.4642379679144,1690.5859375,6300
2020-04-27 00:00:00+09:00,1726.7480749296415,1726.7480749296415,1684.2574154942001,1691.4898681640625,7300
2020-04-28 00:00:00+09:00,1692.3937616091084,1696.914044092039,1625.49358086174,1642.670654296875,34500
2020-04-30 00:00:00+09:00,1654.423698388436,1689.6819083540913,1645.3831317305758,1684.257568359375,9300
2020-05-01 00:00:00+09:00,1683.3533589104673,1708.6669432549857,1677.9290194080706,1691.4898681640625,8100
2020-05-07 00:00:00+09:00,1710.4749613859215,1775.5670317980707,1683.3532653808593,1771.9508056640625,22300
2020-05-08 00:00:00+09:00,1786.4159538172469,1877.7256761530475,1777.375387249346,1856.932373046875,14400
2020-05-11 00:00:00+09:00,1854.2201355578852,1862.3566451727174,1818.0578706030751,1844.2755126953125,6800
2020-05-12 00:00:00+09:00,1844.2756233042026,1885.862230496356,1778.279485803611,1790.936279296875,18900
2020-05-13 00:00:00+09:00,1813.5374299733232,1885.8619536013719,1813.5374299733232,1853.31591796875,15300
2020-05-14 00:00:00+09:00,1853.3158784670911,1974.4594529620133,1853.3158784670911,1950.0499267578125,27400
2020-05-15 00:00:00+09:00,1942.8175048828125,1942.8175048828125,1857.8361901043181,1942.8175048828125,11600
2020-05-18 00:00:00+09:00,1956.3781778723028,2092.8907032229117,1941.0092180646182,2073.905517578125,39900
2020-05-19 00:00:00+09:00,2073.9055700469435,2110.9718858150013,2018.7581246359305,2061.248779296875,16100
2020-05-20 00:00:00+09:00,2078.426675695343,2107.3564945827943,2039.55223156533,2096.5078125,7300
2020-05-21 00:00:00+09:00,2098.315601996136,2098.315601996136,2002.4855917369416,2003.3896484375,13400
2020-05-22 00:00:00+09:00,1988.9243625950169,2027.7987933184647,1988.9243625950169,2007.0054931640625,3400
2020-05-25 00:00:00+09:00,2001.5815146735888,2064.8654830688693,2001.5815146735888,2035.9356689453125,4200
2020-05-26 00:00:00+09:00,2060.3448904551633,2086.562530570652,2034.127250339674,2079.330078125,11200
2020-05-27 00:00:00+09:00,2093.7950528250985,2093.7950528250985,2039.5516576741893,2063.05712890625,5300
2020-05-28 00:00:00+09:00,2044.0719793478986,2110.97216796875,2044.0719793478986,2110.97216796875,11000
2020-05-29 00:00:00+09:00,2075.7140760574835,2095.6033224308567,2075.7140760574835,2083.8505859375,3000
2020-06-01 00:00:00+09:00,2038.64748664828,2065.7691827012504,1971.7473030509527,1974.45947265625,19800
2020-06-02 00:00:00+09:00,2019.662342222045,2035.9353601987668,1993.4447021484375,1993.4447021484375,7900
2020-06-03 00:00:00+09:00,1948.2419563149506,2005.1975216271742,1916.5999755859375,1916.5999755859375,21500
2020-06-04 00:00:00+09:00,1898.5186767578123,1927.4484851655504,1874.1091509137834,1898.5186767578125,16700
2020-06-05 00:00:00+09:00,1882.2460561026764,1946.43408203125,1882.2460561026764,1946.43408203125,2900
2020-06-08 00:00:00+09:00,1959.9942711886085,1988.02001953125,1953.6658764015604,1988.02001953125,8800
2020-06-09 00:00:00+09:00,1988.0203666340851,2006.1014977539949,1956.3783871742428,1992.5406494140625,8800
2020-06-10 00:00:00+09:00,1988.9245313756605,1988.9245313756605,1947.3379275378059,1967.2271728515625,4100
2020-06-11 00:00:00+09:00,1941.9132000416116,1955.4740464106173,1884.0535888671875,1884.0535888671875,14000
2020-06-12 00:00:00+09:00,1844.2753601074219,1897.6146965026855,1827.0982856750488,1880.4376220703125,14200
2020-06-15 00:00:00+09:00,1846.987601108493,1859.6443932844688,1774.6630743886303,1777.375244140625,15100
2020-06-16 00:00:00+09:00,1808.113153563862,1866.8768310546875,1793.6482483353511,1866.8768310546875,6700
2020-06-17 00:00:00+09:00,1889.47802734375,1889.47802734375,1851.5076555023923,1889.47802734375,2400
2020-06-18 00:00:00+09:00,1871.397330972679,1889.4784646052653,1871.397330972679,1873.2054443359375,2000
2020-06-19 00:00:00+09:00,1872.301257307082,1931.968994140625,1856.9322947893513,1931.968994140625,4100
2020-06-22 00:00:00+09:00,1910.271567921003,1920.2161903758686,1882.245813730018,1919.3121337890625,2900
2020-06-23 00:00:00+09:00,1933.7770082428106,1934.681064815154,1899.4228584937564,1926.5445556640625,4900
2020-06-24 00:00:00+09:00,1912.983730009191,1921.1202392578125,1912.983730009191,1921.1202392578125,800
2020-06-25 00:00:00+09:00,1913.887805809165,1930.1608244698002,1898.5188437407871,1916.5999755859375,3100
2020-06-26 00:00:00+09:00,1916.5997819512622,1933.77685546875,1898.518651932854,1933.77685546875,3000
2020-06-29 00:00:00+09:00,1936.5046440732162,2059.2408539088424,1920.1398160951326,2054.695068359375,21900
2020-06-30 00:00:00+09:00,2055.6044467051997,2122.882080078125,2044.6945602122926,2122.882080078125,14900
2020-07-01 00:00:00+09:00,2143.792001297225,2200.159729914879,2127.4271768598414,2192.886474609375,25800
2020-07-02 00:00:00+09:00,2200.159871063162,2201.0690280346757,1973.77978515625,1973.77978515625,22700
2020-07-03 00:00:00+09:00,2001.9638493074,2080.1513565918854,1975.5982945254225,2011.055419921875,7000
2020-07-06 00:00:00+09:00,2054.6950877983722,2054.6950877983722,1998.327346451691,2021.0562744140625,3900
2020-07-07 00:00:00+09:00,2030.1478448226112,2153.793212890625,2030.1478448226112,2153.793212890625,5300
2020-07-08 00:00:00+09:00,2083.7878190985107,2148.3379653271295,2082.878662109375,2082.878662109375,6000
2020-07-09 00:00:00+09:00,2082.8786834799203,2106.516765439972,2020.1468505859375,2020.1468505859375,5600
2020-07-10 00:00:00+09:00,2020.1466093437857,2024.692393793254,1987.4169613076128,1991.0535888671875,5600
2020-07-13 00:00:00+09:00,2036.5119080396476,2091.0613341478524,2035.6027509378443,2063.78662109375,6700
2020-07-14 00:00:00+09:00,2063.78666842489,2063.78666842489,2001.0548269617548,2016.510498046875,3800
2020-07-15 00:00:00+09:00,2016.510425388549,2061.059122793436,2016.510425388549,2052.876708984375,2600
2020-07-16 00:00:00+09:00,2020.1472094726562,2061.968438831676,2000.145751953125,2000.145751953125,4300
2020-07-17 00:00:00+09:00,2019.2380523126776,2019.2380523126776,1942.8688508744674,2000.145751953125,6600
2020-07-20 00:00:00+09:00,1978.3258988954012,2016.510498046875,1978.3258988954012,2016.510498046875,1700
2020-07-21 00:00:00+09:00,2044.6944006252372,2096.516357421875,2004.69148660678,2096.516357421875,4900
2020-07-22 00:00:00+09:00,2051.058274070022,2099.243596998085,2047.4216459245076,2077.423828125,6000
2020-07-27 00:00:00+09:00,2031.9658829098491,2054.6948077746124,1931.95861350489,2024.692626953125,9600
2020-07-28 00:00:00+09:00,1982.8715640912042,2027.4202603958668,1982.8715640912042,1991.963134765625,6300
2020-07-29 00:00:00+09:00,1991.9633587587227,2004.6915591341779,1966.5069580078125,1966.5069580078125,3200
2020-07-30 00:00:00+09:00,1968.3252513538707,2026.5113095925071,1963.7794655539772,2000.145751953125,9800
2020-07-31 00:00:00+09:00,2000.145593757125,2011.055478813982,1950.1419539131969,1993.781494140625,18700
2020-08-03 00:00:00+09:00,1975.5983912728889,1975.5983912728889,1857.407967496784,1877.409423828125,16100
2020-08-04 00:00:00+09:00,1877.4092753483699,1936.5044825627253,1877.4092753483699,1891.046630859375,4800
2020-08-05 00:00:00+09:00,1891.0466815300706,1927.4129638671875,1891.0466815300706,1927.4129638671875,1400
2020-08-06 00:00:00+09:00,1927.4130783928356,1961.9610486659146,1882.8643798828125,1882.8643798828125,4800
2020-08-07 00:00:00+09:00,1911.048045098582,1911.048045098582,1884.6824916695339,1899.22900390625,1200
2020-08-11 00:00:00+09:00,1909.2296456984704,1983.780517578125,1909.2296456984704,1983.780517578125,5400
2020-08-12 00:00:00+09:00,1983.7809499782986,2045.6036376953125,1949.2329774305556,2045.6036376953125,8200
2020-08-13 00:00:00+09:00,1854.6802540969315,1955.5966796875,1830.1330154397663,1955.5966796875,53600
2020-08-14 00:00:00+09:00,1935.5953911164968,1963.7792601275871,1891.9558520025503,1932.867919921875,16800
2020-08-17 00:00:00+09:00,1934.6864239005988,1942.8688382873966,1881.9553089634585,1935.5955810546875,6900
2020-08-18 00:00:00+09:00,1936.5044415128352,1936.5044415128352,1879.2275495807653,1899.22900390625,5400
2020-08-19 00:00:00+09:00,1881.9550275640345,1901.0473249451188,1870.135986328125,1870.135986328125,2900
2020-08-20 00:00:00+09:00,1868.3178584158243,1872.8636439594152,1837.4065167194067,1838.315673828125,11200
2020-08-21 00:00:00+09:00,1854.6806131899648,1876.5003851098468,1853.7714560266363,1867.4088134765625,5000
2020-08-24 00:00:00+09:00,1867.4085297074917,1867.4085297074917,1811.949951171875,1811.949951171875,10700
2020-08-25 00:00:00+09:00,1828.3150859855516,1833.7700290566172,1811.9502567723541,1829.2242431640625,4600
2020-08-26 00:00:00+09:00,1862.8630276599206,1867.4088134765625,1831.9516841067546,1867.4088134765625,10800
2020-08-27 00:00:00+09:00,1846.4980063045728,1856.4987340590535,1812.859194766774,1854.680419921875,11800
2020-08-28 00:00:00+09:00,1854.6802849149296,1854.6802849149296,1810.131591796875,1810.131591796875,7600
2020-08-31 00:00:00+09:00,1813.7681964624708,1875.590871830615,1813.7681964624708,1848.316162109375,6300
2020-09-01 00:00:00+09:00,1822.860012955402,1852.8621977072864,1804.6768706815326,1809.22265625,11800
2020-09-02 00:00:00+09:00,1812.859061722207,1851.9528128024751,1809.2224337147402,1849.225341796875,5500
2020-09-03 00:00:00+09:00,1841.0431225308093,1853.7713218964543,1837.406494140625,1837.406494140625,4400
2020-09-04 00:00:00+09:00,1835.5881437966461,1836.497300876288,1802.858488929544,1831.0423583984375,4000
2020-09-07 00:00:00+09:00,1831.0424025088694,1900.1383422261852,1829.224088305782,1881.9552001953125,12200
2020-09-08 00:00:00+09:00,1881.955245323623,1891.0468165570705,1877.4094597068993,1883.7735595703125,3100
2020-09-09 00:00:00+09:00,1882.8644550702045,1914.6849552766057,1871.0454121363982,1905.5933837890625,10300
2020-09-10 00:00:00+09:00,1921.0488961950064,1951.0510796187807,1889.2283986243365,1948.3236083984375,13100
2020-09-11 00:00:00+09:00,1954.6875367852124,1972.8706766622843,1933.77692592658,1961.0516357421875,8800
2020-09-14 00:00:00+09:00,1971.9616609940094,1979.2349174660942,1954.6876768728077,1976.5074462890625,5900
2020-09-15 00:00:00+09:00,1946.5052112494252,1985.598963740656,1902.8656735847953,1915.5938720703125,5800
2020-09-16 00:00:00+09:00,1915.5939759781113,1982.871600193764,1908.3207193061487,1949.2327880859375,6600
2020-09-17 00:00:00+09:00,1949.2330831267298,1971.0528564453125,1901.0477503815262,1971.0528564453125,5100
2020-09-18 00:00:00+09:00,1971.0523340200812,1989.2354736328125,1921.9578570657065,1989.2354736328125,13700
2020-09-23 00:00:00+09:00,2007.4186557966907,2024.6926387949413,1981.053102799361,2005.600341796875,14300
2020-09-24 00:00:00+09:00,1971.0522029906065,2008.32763671875,1971.0522029906065,2008.32763671875,4000
2020-09-25 00:00:00+09:00,2008.3282980194979,2087.4249761216693,2000.1458830434112,2030.1480712890625,17900
2020-09-28 00:00:00+09:00,2063.7864798038563,2136.51904296875,2041.9667108543883,2136.51904296875,20500
2020-09-29 00:00:00+09:00,2137.4282098934177,2180.158590950411,2114.6992837992725,2156.5205078125,11300
2020-09-30 00:00:00+09:00,2153.7935169823004,2153.7935169823004,1995.6001560895522,2047.422119140625,22500
2020-10-02 00:00:00+09:00,2047.4218257139069,2086.5155817111086,2014.6921695302033,2035.602783203125,13400
2020-10-05 00:00:00+09:00,2081.0605474861154,2179.24951171875,2038.330164903395,2179.24951171875,20700
2020-10-06 00:00:00+09:00,2155.6118314753203,2155.6118314753203,2026.511502470894,2047.422119140625,10500
2020-10-07 00:00:00+09:00,2092.879474013703,2092.879474013703,1972.8707465724308,1988.326416015625,15400
2020-10-08 00:00:00+09:00,1989.235645115211,2020.1469851215716,1975.5982892300517,1976.5074462890625,11500
2020-10-09 00:00:00+09:00,1977.416603348073,1990.1448021742215,1955.5968339318183,1976.5074462890625,7700
2020-10-12 00:00:00+09:00,1990.1444482085901,2046.5121758417251,1921.0485240131343,1981.9620361328125,13500
2020-10-13 00:00:00+09:00,1981.9624070237621,2043.7850876098244,1958.3243232702675,1991.963134765625,24700
2020-10-14 00:00:00+09:00,1983.7804244397005,2025.6016432867336,1983.7804244397005,1994.6903076171875,4000
2020-10-15 00:00:00+09:00,2004.6912870632382,2084.69710713651,2004.6912870632382,2078.3330078125,12200
2020-10-16 00:00:00+09:00,2051.9673305476013,2062.8772144494937,2018.3285218500996,2053.78564453125,2700
2020-10-19 00:00:00+09:00,2054.695068359375,2083.788095875968,2033.7844548318237,2054.695068359375,12400
2020-10-20 00:00:00+09:00,2054.695399623419,2054.695399623419,2031.9664682116552,2048.331298828125,1100
2020-10-21 00:00:00+09:00,2061.0588888603343,2086.515284488076,2058.331417900219,2072.8779296875,2900
2020-10-22 00:00:00+09:00,2090.151849599985,2090.151849599985,2080.151123046875,2080.151123046875,600
2020-10-23 00:00:00+09:00,2090.152144808813,2103.7895011255296,1986.5082368017643,2091.970458984375,9500
2020-10-26 00:00:00+09:00,2091.0611798239706,2092.879493893383,2003.7821044921875,2003.7821044921875,6600
2020-10-27 00:00:00+09:00,2003.7821471846166,2082.8788108892727,2003.7821471846166,2069.241455078125,4300
2020-10-28 00:00:00+09:00,2082.878783101328,2082.878783101328,1993.7813929904896,2058.33154296875,8900
2020-10-29 00:00:00+09:00,2053.7856617915254,2059.2406037883156,2034.6933648027596,2044.694091796875,1500
2020-10-30 00:00:00+09:00,2089.2431759139868,2089.2431759139868,1961.0520149897604,1966.5069580078125,8500
2020-11-02 00:00:00+09:00,1958.3243812856094,2050.1492478175714,1958.3243812856094,1974.689208984375,2800
2020-11-04 00:00:00+09:00,2062.877551848219,2073.787437534503,2010.1464376978456,2032.8753662109375,5600
2020-11-05 00:00:00+09:00,2032.8752125331332,2039.2393120356967,2017.419542312622,2036.5118408203125,1200
2020-11-06 00:00:00+09:00,2061.9677675545936,2061.9677675545936,1996.508473346511,2037.4205322265625,2400
2020-11-09 00:00:00+09:00,2063.786388785641,2063.786388785641,2020.146852811319,2044.694091796875,4800
2020-11-10 00:00:00+09:00,2061.9683664898935,2062.8775236179754,2030.1478670070246,2046.5126953125,3400
2020-11-11 00:00:00+09:00,2015.6013805409877,2065.60502326979,2015.6013805409877,2032.8753662109375,8300
2020-11-12 00:00:00+09:00,2001.054832132809,2045.603531257983,2001.054832132809,2001.9639892578125,3700
2020-11-13 00:00:00+09:00,2077.423721278876,2077.423721278876,2004.691162109375,2004.691162109375,5700
2020-11-16 00:00:00+09:00,2010.1461150396763,2050.14902280166,2007.4186440559047,2024.692626953125,5700
2020-11-17 00:00:00+09:00,2047.4217300963917,2047.4217300963917,2000.1455622611286,2021.96533203125,5100
2020-11-18 00:00:00+09:00,2021.9651567508013,2035.60251167493,1980.1439349834736,1985.598876953125,23100
2020-11-19 00:00:00+09:00,1988.3263533955012,1995.599609375,1936.5044045415718,1995.599609375,9200
2020-11-20 00:00:00+09:00,1953.7786797850672,2011.9647363258975,1951.0512083847157,1992.8724365234375,7000
2020-11-24 00:00:00+09:00,2001.0547231971013,2001.0547231971013,1926.5038430052964,1933.777099609375,23200
2020-11-25 00:00:00+09:00,1979.235004531564,1988.3265755216034,1911.9573792052731,1921.0489501953125,10600
2020-11-26 00:00:00+09:00,1921.048959344795,1942.8687298248117,1897.4108746581103,1916.503173828125,7700
2020-11-27 00:00:00+09:00,1894.6832258180907,1939.2319197072877,1859.2261021103625,1870.135986328125,20100
2020-11-30 00:00:00+09:00,1864.680987942119,1890.1373836819432,1848.316162109375,1848.316162109375,15100
2020-12-01 00:00:00+09:00,1829.2240972117131,1909.2299225370762,1829.2240972117131,1877.409423828125,5500
2020-12-02 00:00:00+09:00,1907.4113429499248,1911.957127847327,1861.9534939759037,1886.500732421875,9200
2020-12-03 00:00:00+09:00,1886.5010947339017,1943.7779954414852,1883.7736232716356,1935.5955810546875,4900
2020-12-04 00:00:00+09:00,1927.4130920498314,1927.4130920498314,1880.136921867477,1888.3193359375,3000
2020-12-07 00:00:00+09:00,1888.3192314596738,1892.8650168026195,1853.7712628532859,1854.680419921875,4800
2020-12-08 00:00:00+09:00,1854.6802720118612,1872.863411933546,1836.4971320901764,1868.317626953125,8000
2020-12-09 00:00:00+09:00,1846.4978481279588,1861.044359979287,1836.497121230171,1848.316162109375,9300
2020-12-10 00:00:00+09:00,1872.8634238454094,1872.8634238454094,1841.0429287800748,1849.225341796875,4700
2020-12-11 00:00:00+09:00,1871.9542751508156,1947.414306640625,1860.1352340740984,1947.414306640625,16900
2020-12-14 00:00:00+09:00,1991.0539634499535,1991.0539634499535,1909.2298279657089,1961.9609375,14500
2020-12-15 00:00:00+09:00,1971.9616651702966,1971.9616651702966,1952.8693668906394,1961.9609375,1800
2020-12-16 00:00:00+09:00,1953.7785467512545,1993.7814578992559,1943.777818964254,1987.4173583984375,8300
2020-12-17 00:00:00+09:00,1957.415386311059,1977.4168440439169,1949.2329717839807,1966.5069580078125,5300
2020-12-18 00:00:00+09:00,1966.5064324713373,1985.5987279322242,1935.595096963235,1960.142333984375,5400
2020-12-21 00:00:00+09:00,1936.5043433274534,1954.68748270142,1905.59300639171,1924.685302734375,8000
2020-12-22 00:00:00+09:00,1924.6854830470054,1936.5045247473413,1886.5008867843817,1907.4114990234375,10300
2020-12-23 00:00:00+09:00,1951.9599999766929,1951.9599999766929,1889.2281695163335,1904.683837890625,5600
2020-12-24 00:00:00+09:00,1895.5923776320112,1936.5044433362993,1895.5923776320112,1923.7762451171875,3300
2020-12-25 00:00:00+09:00,1921.9579688635538,1954.6876220703125,1916.5030266624274,1954.6876220703125,3600
2020-12-28 00:00:00+09:00,1954.6872810914642,1954.6872810914642,1911.95690796993,1926.50341796875,4600
2020-12-29 00:00:00+09:00,1926.5039536775048,1960.3343505859375,1897.2452320269683,1960.3343505859375,8600
2020-12-30 00:00:00+09:00,1956.6769708428324,1978.6210116373313,1930.1612548828125,1930.1612548828125,12000
2021-01-04 00:00:00+09:00,1930.1609632864165,1947.5333262908894,1889.0158930126654,1935.64697265625,6200
2021-01-05 00:00:00+09:00,1921.0173902797835,1942.961425199686,1900.9020249365399,1919.188720703125,3100
2021-01-06 00:00:00+09:00,1943.8759705808332,2022.5087708959563,1943.8759705808332,2015.194091796875,8400
2021-01-07 00:00:00+09:00,2013.365253155048,2013.365253155048,1974.9631911057693,1985.0208740234375,7600
2021-01-08 00:00:00+09:00,1970.3920878444183,2009.70849609375,1970.3920878444183,2009.70849609375,3900
2021-01-12 00:00:00+09:00,2006.050668956486,2006.050668956486,1956.6765868581952,1997.8216552734375,7800
2021-01-13 00:00:00+09:00,1973.1347700619035,2019.7658512820876,1973.1347700619035,2012.451171875,10700
2021-01-14 00:00:00+09:00,1993.2504083806818,2021.5947949218748,1973.1350372869317,2011.537109375,8200
2021-01-15 00:00:00+09:00,1981.3638419581462,2011.5368953889808,1979.5351720532472,1998.7362060546875,4800
2021-01-18 00:00:00+09:00,1965.8202703680467,1989.5929806143579,1956.6769202733117,1986.8499755859375,6800
2021-01-19 00:00:00+09:00,1986.8497041616656,2011.5367460449445,1956.6766529709914,1975.877685546875,13900
2021-01-20 00:00:00+09:00,1975.8779458793288,1975.8779458793288,1931.989865637678,1943.876220703125,8400
2021-01-21 00:00:00+09:00,1942.961956862605,1971.3063430568359,1907.3028903601853,1921.9322509765625,13300
2021-01-22 00:00:00+09:00,1913.7029787532315,1939.3043563954152,1878.958251953125,1878.958251953125,8700
2021-01-25 00:00:00+09:00,1878.9581151386774,2024.3373561640055,1878.9581151386774,2006.0506591796875,18300
2021-01-26 00:00:00+09:00,1984.1067891725352,2027.9948656150611,1974.0491049877896,2012.451171875,10400
2021-01-27 00:00:00+09:00,2038.0524880169821,2072.7972141473747,1963.0770263671875,1963.0770263671875,21800
2021-01-28 00:00:00+09:00,1938.3899102529483,1976.7919745126765,1920.103212986411,1957.5909423828125,32400
2021-01-29 00:00:00+09:00,1931.075650501383,1990.5074295177608,1928.3326453160116,1983.1927490234375,10500
2021-02-01 00:00:00+09:00,1983.1926723929014,1996.9076977898094,1961.2486317578484,1989.593017578125,8300
2021-02-02 00:00:00+09:00,1966.7344285425647,2003.307825633082,1946.6190601427802,1988.678466796875,10500
2021-02-03 00:00:00+09:00,1966.734396938108,1968.563066763248,1938.3900146484375,1938.3900146484375,10200
2021-02-04 00:00:00+09:00,1938.3903407423709,1965.8203927340082,1931.0756602112676,1947.53369140625,14900
2021-02-05 00:00:00+09:00,1941.1331547955838,1969.4775390625,1920.1034503394847,1969.4775390625,8700
2021-02-08 00:00:00+09:00,1969.477401675818,1988.6784348397885,1938.3900146484375,1938.3900146484375,12000
2021-02-09 00:00:00+09:00,1936.5614755059366,1945.7048252486463,1915.531771097704,1942.0474853515625,11600
2021-02-10 00:00:00+09:00,1947.5334084769277,1974.963456483645,1921.932030337325,1956.6767578125,6400
2021-02-12 00:00:00+09:00,1956.6766430551554,2000.5647172919066,1956.6766430551554,1984.106689453125,5700
2021-02-15 00:00:00+09:00,2009.7081083603214,2050.8531788226574,2000.5647593686913,2038.052490234375,19700
2021-02-16 00:00:00+09:00,2012.4513371473884,2013.365672148364,1940.2188720703125,1940.2188720703125,14700
2021-02-17 00:00:00+09:00,1945.7045905363475,1956.6766089040339,1930.1608978487923,1933.8182373046875,4200
2021-02-18 00:00:00+09:00,1933.8185520254215,1938.3902270893113,1910.960176705972,1911.87451171875,7500
2021-02-19 00:00:00+09:00,1889.0160000566123,1936.5614172894022,1883.5299903759058,1892.67333984375,10900
2021-02-22 00:00:00+09:00,1950.2766745379304,1950.2766745379304,1903.64558667978,1924.67529296875,2900
2021-02-24 00:00:00+09:00,1909.1313885631052,1948.4477916800658,1888.1016845703125,1888.1016845703125,10200
2021-02-25 00:00:00+09:00,1961.2485198112531,1961.2485198112531,1901.8167464836392,1942.0474853515625,10800
2021-02-26 00:00:00+09:00,1898.1592784953566,1970.391736588388,1893.5876039325065,1938.3900146484375,29900
2021-03-01 00:00:00+09:00,1960.3339799541648,2031.6521004935419,1938.3899428651255,2019.7657470703125,17800
2021-03-02 00:00:00+09:00,1994.1644569886935,2009.7081506011684,1947.5333761512686,1993.2501220703125,10500
2021-03-03 00:00:00+09:00,1958.5056575806905,1976.7923583984375,1944.7906319673805,1976.7923583984375,6200
2021-03-04 00:00:00+09:00,1941.1329618431646,1955.7623200106118,1910.045575737339,1952.10498046875,10600
2021-03-05 00:00:00+09:00,1952.1052642463237,1952.1052642463237,1902.7311732536766,1942.9619140625,14900
2021-03-08 00:00:00+09:00,1937.4759210698746,1989.593017578125,1936.561586043414,1989.593017578125,13900
2021-03-09 00:00:00+09:00,1992.335838610383,2027.08056640625,1965.8201252924844,2027.08056640625,11600
2021-03-10 00:00:00+09:00,2006.0506972987137,2020.6800551641556,1989.5926697000916,1996.9073486328125,6200
2021-03-11 00:00:00+09:00,1996.90781804515,2034.3955563875727,1984.1071269038348,2028.9095458984375,9200
2021-03-12 00:00:00+09:00,2023.4229360727163,2023.4229360727163,1980.449199969952,1985.0208740234375,7400
2021-03-15 00:00:00+09:00,1988.6783720207475,2012.4510789966278,1962.1626603938041,1999.650390625,7300
2021-03-16 00:00:00+09:00,1985.0211078048847,2006.9651458460257,1984.106772886504,1993.2501220703125,4000
2021-03-17 00:00:00+09:00,1997.8215799829045,2016.1082763671875,1991.4212362484054,2016.1082763671875,4500
2021-03-18 00:00:00+09:00,2016.1084111708428,2016.1084111708428,1957.5909788284691,1972.2203369140625,16900
2021-03-19 00:00:00+09:00,1972.2201681681668,2002.3932166380553,1972.2201681681668,2001.4788818359375,6100
2021-03-22 00:00:00+09:00,1972.2204732472685,2003.307861328125,1972.2204732472685,2003.307861328125,3700
2021-03-23 00:00:00+09:00,1988.6787879071112,2006.9654894051075,1977.7067670083134,1982.2784423828125,3400
2021-03-24 00:00:00+09:00,1973.134741326098,1974.049076238668,1924.674990959887,1938.3900146484375,8600
2021-03-25 00:00:00+09:00,1938.3903524281,1946.6193680752003,1916.4463107024987,1939.3046875,8500
2021-03-26 00:00:00+09:00,1942.9617459420554,1947.5334206383898,1924.6750471567184,1936.5614013671875,6900
2021-03-29 00:00:00+09:00,1936.5612765804285,1984.1066903586072,1936.5612765804285,1972.2203369140625,14500
2021-03-30 00:00:00+09:00,1933.818384473569,1977.7064612843167,1933.818384473569,1956.6767578125,4200
2021-03-31 00:00:00+09:00,1973.1350851603017,1985.0214410950023,1939.3046875,1939.3046875,6800
2021-04-01 00:00:00+09:00,1948.4479842199532,1956.6769996389958,1929.2469482421875,1929.2469482421875,9200
2021-04-02 00:00:00+09:00,1949.3621651457302,1949.3621651457302,1932.9041356088526,1942.0474853515625,2100
2021-04-05 00:00:00+09:00,1948.4479241727943,1948.4479241727943,1934.732898897059,1942.9619140625,2400
2021-04-06 00:00:00+09:00,1947.5333262908894,1953.0193356607228,1931.989633076361,1935.64697265625,3800
2021-04-07 00:00:00+09:00,1956.677058820305,1956.677058820305,1926.5040013712069,1954.848388671875,7400
2021-04-08 00:00:00+09:00,1956.6770983060503,1961.2487737693823,1918.2750244140625,1918.2750244140625,8000
2021-04-09 00:00:00+09:00,1910.9602305142796,1940.2189517470342,1907.3028903601853,1921.9322509765625,11400
2021-04-12 00:00:00+09:00,1954.848203525193,1954.848203525193,1921.017808983363,1941.1331787109375,5600
2021-04-13 00:00:00+09:00,1922.8463984026228,1931.9897478957403,1910.96004406157,1920.1033935546875,1700
2021-04-14 00:00:00+09:00,1929.2468972696615,1946.6192626953125,1920.1035470456347,1946.6192626953125,9200
2021-04-15 00:00:00+09:00,1922.8462730718027,1955.7623291015623,1922.8462730718027,1955.7623291015625,2300
2021-04-16 00:00:00+09:00,1947.5336062489012,1950.276611328125,1947.5336062489012,1950.276611328125,6300
2021-04-19 00:00:00+09:00,1950.2763197632692,1955.7623291015623,1941.1329708661135,1955.7623291015625,600
2021-04-20 00:00:00+09:00,1931.9897831878952,1947.5334776101356,1929.2467782898527,1934.7327880859375,2800
2021-04-21 00:00:00+09:00,1929.2468197563305,1930.161154741997,1913.703125,1913.703125,4400
2021-04-22 00:00:00+09:00,1912.7887900143335,1913.703125,1906.388445114668,1913.703125,2900
2021-04-23 00:00:00+09:00,1920.1034896675199,1920.1034896675199,1905.4741297462435,1909.1314697265625,1700
2021-04-26 00:00:00+09:00,1920.1034698996655,1920.1034698996655,1911.874455028667,1913.703125,1400
2021-04-27 00:00:00+09:00,1913.703272296244,1932.9043084731293,1910.0459320720754,1924.67529296875,3900
2021-04-28 00:00:00+09:00,1911.8745315566387,1912.788866578904,1892.6734960890683,1907.3028564453125,6700
2021-04-30 00:00:00+09:00,1938.3901737480865,1941.1331787109375,1905.4741141938737,1941.1331787109375,7000
2021-05-06 00:00:00+09:00,1956.677058820305,1967.6490797108863,1954.848388671875,1954.848388671875,4500
2021-05-07 00:00:00+09:00,1970.3921467683174,1970.3921467683174,1946.6194340926904,1968.5634765625,4100
2021-05-10 00:00:00+09:00,1968.5631493138087,1968.5631493138087,1947.5334454428298,1959.4197998046875,2300
2021-05-11 00:00:00+09:00,1950.2762933332288,1950.2762933332288,1932.9039306640625,1932.9039306640625,2400
2021-05-12 00:00:00+09:00,1922.8465834216263,1939.3046140928527,1894.502197265625,1894.502197265625,5200
2021-05-13 00:00:00+09:00,1900.9023596191407,1928.3324080984933,1895.4163499232702,1920.1033935546875,5000
2021-05-14 00:00:00+09:00,1920.103473995746,1956.6768735004268,1920.103473995746,1941.1331787109375,2600
2021-05-17 00:00:00+09:00,1942.9618290492467,1956.6768537248884,1942.9618290492467,1945.704833984375,3100
2021-05-18 00:00:00+09:00,1934.7327880859375,1936.5614580179658,1933.8184531199236,1934.7327880859375,900
2021-05-19 00:00:00+09:00,1944.7905781870775,1947.5335832338858,1927.418212890625,1927.418212890625,1900
2021-05-20 00:00:00+09:00,1935.6473911747237,1941.133401730722,1910.9603436727314,1918.2750244140625,1400
2021-05-21 00:00:00+09:00,1918.2745269221584,1921.0175314887774,1908.2168435112224,1914.6171875,1700
2021-05-24 00:00:00+09:00,1939.3044274902345,1939.3044274902345,1920.1033935546875,1920.1033935546875,1000
2021-05-25 00:00:00+09:00,1912.7888097068817,1915.5318146921209,1909.1314697265625,1909.1314697265625,1400
2021-05-26 00:00:00+09:00,1919.1890035275926,1919.1890035275926,1910.0456542968752,1910.045654296875,800
2021-05-27 00:00:00+09:00,1910.0458356954784,1910.0458356954784,1896.330810546875,1896.330810546875,2300
2021-05-28 00:00:00+09:00,1900.902409155285,1902.7310791015625,1900.902409155285,1902.7310791015625,4600
2021-05-31 00:00:00+09:00,1902.7311433679915,1902.7311433679915,1865.243408203125,1865.243408203125,5300
2021-06-01 00:00:00+09:00,1867.9864498901368,1878.9584701538085,1828.6700439453125,1828.6700439453125,9000
2021-06-02 00:00:00+09:00,1863.4145308539607,1863.4145308539607,1777.467050039303,1781.1243896484375,13100
2021-06-03 00:00:00+09:00,1786.610528238311,1813.126242321684,1786.610528238311,1796.668212890625,7700
2021-06-04 00:00:00+09:00,1833.2415986505057,1855.1856377365966,1802.1542099452104,1816.7835693359375,6000
2021-06-07 00:00:00+09:00,1853.356874925263,1853.356874925263,1792.096435546875,1792.096435546875,5900
2021-06-08 00:00:00+09:00,1803.9829298189986,1803.9829298189986,1789.3535700232035,1799.4112548828125,5400
2021-06-09 00:00:00+09:00,1799.4113715722708,1802.1543767118626,1783.86767578125,1783.86767578125,5900
2021-06-10 00:00:00+09:00,1793.9252209705112,1793.9252209705112,1776.5528564453125,1776.5528564453125,4300
2021-06-11 00:00:00+09:00,1813.1262554457307,1813.1262554457307,1773.8098515202812,1776.5528564453125,10200
2021-06-14 00:00:00+09:00,1792.096493914685,1794.8394987523095,1772.8954600513134,1778.3814697265625,4300
2021-06-15 00:00:00+09:00,1792.0964084758407,1792.0964084758407,1775.638380234736,1781.1243896484375,5700
2021-06-16 00:00:00+09:00,1781.1243896484375,1791.182073573557,1775.638380234736,1781.1243896484375,1600
2021-06-17 00:00:00+09:00,1775.6384560350657,1778.3814608590128,1774.72412109375,1774.72412109375,1800
2021-06-18 00:00:00+09:00,1779.2957958003285,1784.7818054482227,1774.72412109375,1774.72412109375,1900
2021-06-21 00:00:00+09:00,1769.2380952835083,1769.2380952835083,1755.5230712890625,1755.5230712890625,3500
2021-06-22 00:00:00+09:00,1769.2381591796875,1771.9811640776404,1755.5231346899225,1769.2381591796875,1600
2021-06-23 00:00:00+09:00,1776.552995409005,1783.86767578125,1775.6386603624744,1783.86767578125,4500
2021-06-24 00:00:00+09:00,1760.0949027321556,1782.9532780923134,1760.0949027321556,1770.152587890625,1900
2021-06-25 00:00:00+09:00,1784.7819256972875,1787.5249307060437,1781.1245856856128,1786.610595703125,7500
2021-06-28 00:00:00+09:00,1786.610567355339,1787.52490234375,1783.8675623901056,1787.52490234375,2500
2021-06-29 00:00:00+09:00,1796.7247314453125,1796.7247314453125,1793.9647856212798,1796.7247314453125,5000
2021-06-30 00:00:00+09:00,1796.7245365853903,1796.7245365853903,1786.604736328125,1786.604736328125,1400
2021-07-01 00:00:00+09:00,1789.3646839911064,1793.0446113617822,1776.484938193741,1788.4447021484375,2100
2021-07-02 00:00:00+09:00,1785.6846835417139,1788.4446289567707,1770.0449928563924,1778.3248291015625,1500
2021-07-05 00:00:00+09:00,1780.1649211472368,1783.8448486328125,1780.1649211472368,1783.8448486328125,800
2021-07-06 00:00:00+09:00,1783.8447886673446,1796.7245344338958,1780.1648613054729,1784.7647705078125,5800
2021-07-07 00:00:00+09:00,1781.085205078125,1796.7248995442037,1780.1652230507086,1781.085205078125,2600
2021-07-08 00:00:00+09:00,1781.0851357761417,1781.0851357761417,1772.8052978515625,1772.8052978515625,2600
2021-07-09 00:00:00+09:00,1770.965256616083,1770.965256616083,1755.3255634407722,1757.16552734375,10000
2021-07-12 00:00:00+09:00,1759.0054409934603,1775.5651156471645,1759.0054409934603,1767.2852783203125,3100
2021-07-13 00:00:00+09:00,1768.2052082911673,1776.485045374737,1768.2052082911673,1775.5650634765625,5100
2021-07-14 00:00:00+09:00,1775.5651195971998,1775.5651195971998,1770.9652099609375,1770.9652099609375,5700
2021-07-15 00:00:00+09:00,1770.9651397513944,1775.5650492052941,1762.685302734375,1762.685302734375,6200
2021-07-16 00:00:00+09:00,1764.5252705891928,1766.365234375,1761.7653249104817,1766.365234375,3900
2021-07-19 00:00:00+09:00,1766.3655160459589,1766.3655160459589,1741.5260009765625,1741.5260009765625,5000
2021-07-20 00:00:00+09:00,1738.7659466771427,1738.7659466771427,1694.6068115234375,1694.6068115234375,10600
2021-07-21 00:00:00+09:00,1700.1264606070363,1706.566333563881,1692.7666057992135,1696.446533203125,3100
2021-07-26 00:00:00+09:00,1710.2463900179478,1710.2463900179478,1699.206606973184,1701.966552734375,2300
2021-07-27 00:00:00+09:00,1692.766699895112,1747.9656140221264,1692.766699895112,1726.8060302734375,10400
2021-07-28 00:00:00+09:00,1715.7661960638213,1747.045579799033,1715.7661960638213,1735.0858154296875,1900
2021-07-29 00:00:00+09:00,1735.085923806215,1735.085923806215,1722.2061767578125,1722.2061767578125,800
2021-07-30 00:00:00+09:00,1698.28662109375,1698.28662109375,1698.28662109375,1698.28662109375,200
2021-08-02 00:00:00+09:00,1699.206606973184,1722.206154983108,1699.206606973184,1701.966552734375,1000
2021-08-03 00:00:00+09:00,1738.7658295502533,1738.7658295502533,1696.4466612119932,1701.966552734375,3800
2021-08-04 00:00:00+09:00,1731.4059214148233,1731.4059214148233,1710.246337890625,1710.246337890625,2000
2021-08-05 00:00:00+09:00,1705.6466558436737,1717.6064220389096,1693.6868896484375,1693.6868896484375,4700
2021-08-06 00:00:00+09:00,1688.1667623731366,1701.9664906759142,1688.1667623731366,1701.0465087890625,1000
2021-08-10 00:00:00+09:00,1701.0463401720679,1724.0458850635237,1701.0463401720679,1713.006103515625,2600
2021-08-11 00:00:00+09:00,1711.1663095444328,1713.9262552049884,1690.9267080336922,1701.0465087890625,5400
2021-08-12 00:00:00+09:00,1720.3662672272956,1724.9661770327161,1706.5665378110336,1715.766357421875,3600
2021-08-13 00:00:00+09:00,1826.1641630603906,1867.563350636067,1826.1641630603906,1863.8834228515625,15500
2021-08-16 00:00:00+09:00,1846.4035876158014,1867.56317033387,1846.4035876158014,1866.6431884765625,5500
2021-08-17 00:00:00+09:00,1862.96332372378,1862.96332372378,1813.2843017578125,1813.2843017578125,9900
2021-08-18 00:00:00+09:00,1814.204241902269,1822.4840787060825,1770.0451122819297,1776.4849853515625,6900
2021-08-19 00:00:00+09:00,1776.4850433476238,1781.084952833247,1768.2052062735022,1773.72509765625,1900
2021-08-20 00:00:00+09:00,1790.2847738473527,1790.2847738473527,1775.5650634765625,1775.5650634765625,1200
2021-08-23 00:00:00+09:00,1792.12475786258,1815.1243055764223,1781.0849749599358,1793.9647216796875,2700
2021-08-24 00:00:00+09:00,1817.8841552734375,1817.8841552734375,1789.3647176147956,1817.8841552734375,4300
2021-08-25 00:00:00+09:00,1834.4437645522246,1880.442855940194,1832.6038008967057,1867.5631103515625,8900
2021-08-26 00:00:00+09:00,1874.0029296875,1874.0029296875,1860.2032026647644,1874.0029296875,2800
2021-08-27 00:00:00+09:00,1862.9633868321139,1875.8431337040397,1862.0434049126907,1870.3232421875,2900
2021-08-30 00:00:00+09:00,1881.362999154244,1902.5225830078125,1881.362999154244,1902.5225830078125,7900
2021-08-31 00:00:00+09:00,1885.9630983267257,1916.3225042997901,1885.9630983267257,1910.8026123046875,4600
2021-09-01 00:00:00+09:00,1917.242486298974,1919.0824502973414,1900.682810313666,1910.8026123046875,2300
2021-09-02 00:00:00+09:00,1904.3624139457681,1904.3624139457681,1886.8827589385364,1893.3226318359375,1400
2021-09-03 00:00:00+09:00,1847.3237676500253,1872.1632804620526,1807.764543541982,1824.32421875,12000
2021-09-06 00:00:00+09:00,1902.522568246676,1902.522568246676,1808.6844144936967,1833.52392578125,12000
2021-09-07 00:00:00+09:00,1833.5238532288645,1837.2037806814062,1809.604324787344,1823.404052734375,4200
2021-09-08 00:00:00+09:00,1823.4041045817758,1823.4041045817758,1798.5645935708233,1815.124267578125,7300
2021-09-09 00:00:00+09:00,1808.6844809497209,1813.2843906164292,1782.0050048828125,1782.0050048828125,5100
2021-09-10 00:00:00+09:00,1766.3650434526921,1800.404369810895,1755.3252619311127,1759.9251708984375,8000
2021-09-13 00:00:00+09:00,1760.84521484375,1766.3651057993732,1747.9654692806296,1760.84521484375,8200
2021-09-14 00:00:00+09:00,1758.0855112115707,1769.1252946414709,1751.6456375441292,1759.0054931640625,7800
2021-09-15 00:00:00+09:00,1768.2050694512475,1768.2050694512475,1739.6856328471952,1760.84521484375,5800
2021-09-16 00:00:00+09:00,1760.8452635473134,1803.1644287109375,1759.9252816959304,1803.1644287109375,3500
2021-09-17 00:00:00+09:00,1885.9627469067505,1891.4826378733067,1858.3632920739685,1867.5631103515625,26700
2021-09-21 00:00:00+09:00,1839.9638632734218,1842.723809068332,1829.844062025418,1836.283935546875,6400
2021-09-22 00:00:00+09:00,1828.9238125415557,1832.6037397297682,1815.1240855857593,1816.0440673828125,3500
2021-09-24 00:00:00+09:00,1816.0442973292152,1859.283447265625,1816.0442973292152,1859.283447265625,4500
2021-09-27 00:00:00+09:00,1859.2835378070556,1931.0421305576497,1859.2835378070556,1887.802978515625,23300
2021-09-28 00:00:00+09:00,1902.52236328125,1930.121817294034,1902.52236328125,1922.761962890625,10500
2021-09-29 00:00:00+09:00,1917.2422495597273,1926.44206841558,1905.2824850471186,1918.1622314453125,4100
2021-09-30 00:00:00+09:00,1922.762370932327,1922.762370932327,1882.2831631232254,1903.4427490234375,5200
2021-10-01 00:00:00+09:00,1922.7622651711115,1922.7622651711115,1887.8029512589094,1920.0023193359375,6600
2021-10-04 00:00:00+09:00,1920.0020881060364,1931.0418701171875,1908.0423242606225,1931.0418701171875,7700
2021-10-05 00:00:00+09:00,1928.2821372686865,1928.2821372686865,1885.9629682255759,1901.6026611328125,6100
2021-10-06 00:00:00+09:00,1901.602560190054,1907.1224515113604,1860.203375280256,1865.7232666015625,4400
2021-10-07 00:00:00+09:00,1869.4031507869804,1885.9628243667862,1867.5631870558907,1881.3629150390625,3200
2021-10-08 00:00:00+09:00,1881.3629627978708,1897.9226367980477,1869.4031982421875,1869.4031982421875,1900
2021-10-11 00:00:00+09:00,1869.4032616069298,1929.2020864122696,1869.4032616069298,1928.2821044921875,13000
2021-10-12 00:00:00+09:00,1918.1625903252118,1987.1612446534568,1910.8027338635322,1976.1214599609375,9100
2021-10-13 00:00:00+09:00,1976.1208698980695,1992.6805419921875,1957.7212342379387,1992.6805419921875,3900
2021-10-14 00:00:00+09:00,1973.3611602783203,2041.43982035319,1973.3611602783203,1987.160888671875,11500
2021-10-15 00:00:00+09:00,2029.4798855064655,2029.4798855064655,1998.2005037715517,2000.96044921875,3100
2021-10-18 00:00:00+09:00,2001.8804912612186,2002.8004731046292,1939.3217259093055,1947.6015625,4500
2021-10-19 00:00:00+09:00,1942.0819186759636,1959.5615759260077,1942.0819186759636,1951.28173828125,1200
2021-10-20 00:00:00+09:00,1951.2814812911186,1958.6413360060308,1939.321717379386,1940.24169921875,1800
2021-10-21 00:00:00+09:00,1940.2419395319923,1962.321506411446,1936.56201171875,1936.56201171875,2000
2021-10-22 00:00:00+09:00,1936.5619904458151,1941.1619001618385,1913.5624418656985,1916.3223876953125,2400
2021-10-25 00:00:00+09:00,1899.7625649340475,1931.0419485697655,1885.9628368594663,1892.4027099609375,2800
2021-10-26 00:00:00+09:00,1888.7227907342426,1912.6423195014565,1845.483642578125,1845.483642578125,6000
2021-10-27 00:00:00+09:00,1856.523513396151,1870.3232421875,1855.6035314767278,1870.3232421875,500
2021-10-28 00:00:00+09:00,1877.6831788654567,1899.7627458878826,1873.0832690691182,1889.6429443359375,3200
2021-10-29 00:00:00+09:00,1880.443041307007,1892.4028062468265,1853.763565672025,1868.4832763671875,2900
2021-11-01 00:00:00+09:00,1868.4834887482398,1898.8428955078125,1839.964046034702,1898.8428955078125,5600
2021-11-02 00:00:00+09:00,1898.8427828546892,1908.0426025390625,1885.0430533281287,1908.0426025390625,1500
2021-11-04 00:00:00+09:00,1927.3619534676536,1940.24169921875,1898.8425164473686,1940.24169921875,7200
2021-11-05 00:00:00+09:00,1937.482077671105,1983.4811773309127,1937.482077671105,1959.5616455078125,7000
2021-11-08 00:00:00+09:00,1959.5615663442607,1974.2812776407434,1922.7622881030538,1942.0819091796875,10900
2021-11-09 00:00:00+09:00,1936.5616272761526,1941.16153612954,1914.4820647798924,1921.8419189453125,3500
2021-11-10 00:00:00+09:00,1916.3222428219576,1916.3222428219576,1873.0830947602044,1896.0826416015625,6700
2021-11-11 00:00:00+09:00,1884.1230824544582,1936.562054964177,1877.6832086374752,1919.0823974609375,10900
2021-11-12 00:00:00+09:00,1937.481673992084,1937.481673992084,1850.0834028480915,1874.0029296875,12300
2021-11-15 00:00:00+09:00,1863.8833954804413,1863.8833954804413,1830.764045906258,1838.1239013671875,15000
2021-11-16 00:00:00+09:00,1852.84354157829,1858.3634329633294,1829.843994140625,1829.843994140625,3900
2021-11-17 00:00:00+09:00,1831.6839102029924,1831.6839102029924,1782.9248709057756,1787.5247802734375,13700
2021-11-18 00:00:00+09:00,1789.364781697591,1789.364781697591,1766.365234375,1766.365234375,5500
2021-11-19 00:00:00+09:00,1767.2853441089856,1802.244658568195,1767.2853441089856,1771.88525390625,3800
2021-11-22 00:00:00+09:00,1771.88525390625,1786.6049652574961,1769.1253080278914,1771.88525390625,4600
2021-11-24 00:00:00+09:00,1771.8852385675718,1788.4449136943717,1757.16552734375,1757.16552734375,3800
2021-11-25 00:00:00+09:00,1749.8055399362663,1763.6052681692022,1747.965576171875,1747.965576171875,2400
2021-11-26 00:00:00+09:00,1749.8055839356246,1749.8055839356246,1709.3263801011517,1732.325927734375,12900
2021-11-29 00:00:00+09:00,1689.0868597501526,1760.8454518310414,1677.1270944033377,1695.5267333984375,11100
2021-11-30 00:00:00+09:00,1706.5664401699341,1743.3657165078303,1612.7282855082988,1625.6080322265625,26400
2021-12-01 00:00:00+09:00,1604.4484212239583,1668.8471537272135,1604.4484212239583,1655.9674072265625,9000
2021-12-02 00:00:00+09:00,1684.4867523038274,1692.7665888798701,1626.5278962715274,1629.287841796875,12400
2021-12-03 00:00:00+09:00,1644.0076377190026,1708.4063700303234,1644.0076377190026,1706.56640625,8000
2021-12-06 00:00:00+09:00,1710.246363988416,1738.7658030866628,1679.886961077379,1734.1658935546875,5800
2021-12-07 00:00:00+09:00,1758.0853334525382,1764.5252064688477,1718.5261134952073,1763.605224609375,6000
2021-12-08 00:00:00+09:00,1825.2439714884022,1825.2439714884022,1771.8850247412613,1784.7647705078125,11700
2021-12-09 00:00:00+09:00,1774.6451177642102,1774.6451177642102,1752.5655517578125,1752.5655517578125,3500
2021-12-10 00:00:00+09:00,1782.9246859163852,1782.9246859163852,1719.4459432289598,1736.005615234375,2800
2021-12-13 00:00:00+09:00,1731.405945829046,1747.9656201249668,1731.405945829046,1732.325927734375,2700
2021-12-14 00:00:00+09:00,1732.325927734375,1753.4855115569403,1732.325927734375,1732.325927734375,1300
2021-12-15 00:00:00+09:00,1740.605766899453,1740.605766899453,1724.046092584342,1734.1658935546875,1600
2021-12-16 00:00:00+09:00,1726.8060745731477,1739.6858215332031,1711.1663818359375,1711.1663818359375,5700
2021-12-17 00:00:00+09:00,1713.0060870398772,1726.8058138420245,1604.448236196319,1649.52734375,21900
2021-12-20 00:00:00+09:00,1686.3268322070528,1686.3268322070528,1655.9674293358946,1676.20703125,4600
2021-12-21 00:00:00+09:00,1681.7269711555073,1681.7269711555073,1660.5673867263079,1664.247314453125,14300
2021-12-22 00:00:00+09:00,1666.0873296781695,1729.5660849226717,1652.2876002771907,1713.9263916015625,7300
2021-12-23 00:00:00+09:00,1735.0858112785186,1738.7657387679747,1731.4058837890625,1731.4058837890625,2000
2021-12-24 00:00:00+09:00,1737.8457158393196,1770.9650624619853,1737.8457158393196,1748.885498046875,10900
2021-12-27 00:00:00+09:00,1748.8854788605772,1757.165315425409,1675.2869316176282,1679.8868408203125,7900
2021-12-28 00:00:00+09:00,1679.8869708777775,1692.7667176424482,1679.8869708777775,1687.246826171875,2900
2021-12-29 00:00:00+09:00,1684.4670782640608,1753.0317448160633,1684.4670782640608,1730.7945556640625,4300
2021-12-30 00:00:00+09:00,1730.794473053392,1777.1219482421875,1702.9979879401149,1777.1219482421875,7900
2022-01-04 00:00:00+09:00,1772.4892659924694,1797.506103515625,1764.1503201514176,1797.506103515625,3700
2022-01-05 00:00:00+09:00,1800.2857094516012,1814.183952190548,1800.2857094516012,1804.91845703125,6000
2022-01-06 00:00:00+09:00,1804.9185796405043,1804.9185796405043,1678.9078369140625,1678.9078369140625,9500
2022-01-07 00:00:00+09:00,1689.0998891633133,1749.325612035291,1689.0998891633133,1719.676025390625,5300
2022-01-11 00:00:00+09:00,1725.2352514322918,1757.664485481771,1720.6025037109375,1737.2803955078125,4600
2022-01-12 00:00:00+09:00,1737.2803835524728,1797.506103515625,1737.2803835524728,1797.506103515625,6100
2022-01-13 00:00:00+09:00,1760.4442354999012,1793.800021014636,1739.133594754376,1756.738037109375,6700
2022-01-14 00:00:00+09:00,1759.5175422748766,1783.607829846834,1720.6024623509456,1760.444091796875,10400
2022-01-17 00:00:00+09:00,1724.308795656177,1732.6477420080876,1684.4671630859375,1684.4671630859375,11500
2022-01-18 00:00:00+09:00,1685.3935254660353,1731.7210000527873,1649.2580952883688,1679.834228515625,11300
2022-01-19 00:00:00+09:00,1659.450207498521,1659.450207498521,1593.6651908975186,1614.975830078125,13800
2022-01-20 00:00:00+09:00,1676.1280210010148,1676.1280210010148,1602.9306115708987,1654.8173828125,10000
2022-01-21 00:00:00+09:00,1644.6254954618566,1644.6254954618566,1565.8687815946691,1575.13427734375,15400
2022-01-24 00:00:00+09:00,1575.1341378767665,1575.1341378767665,1534.3659601905442,1540.851806640625,8700
2022-01-25 00:00:00+09:00,1540.8517738478608,1552.8969169988063,1493.597750717229,1503.789794921875,15400
2022-01-26 00:00:00+09:00,1505.6430880189457,1506.5696376115727,1482.4793482032696,1501.9368896484375,9600
2022-01-27 00:00:00+09:00,1517.688092542131,1592.7386026128959,1500.083651908248,1568.6483154296875,15800
2022-01-28 00:00:00+09:00,1628.8739971916993,1666.8625261364432,1616.8288538677562,1654.8173828125,34700
2022-01-31 00:00:00+09:00,1677.0546353414336,1682.613932475162,1640.9192039721984,1643.6988525390625,3900
2022-02-01 00:00:00+09:00,1643.6988438047815,1643.6988438047815,1565.868684346156,1618.6820068359375,6500
2022-02-02 00:00:00+09:00,1635.3599853515625,1635.3599853515625,1630.7272375177054,1635.3599853515625,3300
2022-02-03 00:00:00+09:00,1651.1111446488042,1677.9810791015625,1651.1111446488042,1677.9810791015625,3200
2022-02-04 00:00:00+09:00,1678.9078224727086,1678.9078224727086,1654.8175336292811,1660.3768310546875,1700
2022-02-07 00:00:00+09:00,1670.5687739040002,1676.1280709885393,1640.919189453125,1640.919189453125,3700
2022-02-08 00:00:00+09:00,1660.376763379872,1665.0095110455525,1589.9589988615294,1592.7386474609375,3800
2022-02-09 00:00:00+09:00,1598.298088232309,1616.8290805596403,1596.444988999576,1604.783935546875,1600
2022-02-10 00:00:00+09:00,1617.7554718191964,1623.3147689732143,1598.297931780134,1621.461669921875,3600
2022-02-14 00:00:00+09:00,1614.0490777642879,1661.3030978366062,1607.5632318720088,1645.5517578125,5600
2022-02-15 00:00:00+09:00,1719.6760110294117,1767.8565889246322,1675.2016314338234,1732.647705078125,12700
2022-02-16 00:00:00+09:00,1732.6475406277038,1748.3988819061376,1732.6475406277038,1740.0599365234375,2400
2022-02-17 00:00:00+09:00,1767.856530993988,1767.856530993988,1736.35384647942,1753.03173828125,1200
2022-02-18 00:00:00+09:00,1741.9131647514698,1741.9131647514698,1733.57421875,1733.57421875,1500
2022-02-21 00:00:00+09:00,1733.5743058197386,1733.5743058197386,1677.054780082163,1702.9981689453125,1000
2022-02-22 00:00:00+09:00,1695.5857664504344,1695.5857664504344,1646.4786376953125,1646.4786376953125,3300
2022-02-24 00:00:00+09:00,1646.4784797865843,1683.5404601982125,1625.167841049898,1647.405029296875,2300
2022-02-25 00:00:00+09:00,1642.7721095729519,1645.5517578125,1639.065911920221,1645.5517578125,1200
2022-02-28 00:00:00+09:00,1645.5518421519885,1646.4783916126596,1630.72705078125,1630.72705078125,2100
2022-03-01 00:00:00+09:00,1664.0830574592685,1713.190185546875,1644.6255161415377,1713.190185546875,5400
2022-03-02 00:00:00+09:00,1681.6875871252257,1684.467236029565,1644.6256017340363,1666.86279296875,1700
2022-03-03 00:00:00+09:00,1660.3768310546875,1660.3768310546875,1660.3768310546875,1660.3768310546875,700
2022-03-04 00:00:00+09:00,1639.0662926441619,1639.0662926441619,1616.8291015625,1616.8291015625,2800
2022-03-07 00:00:00+09:00,1618.6819979645486,1618.6819979645486,1593.6651611328125,1593.6651611328125,1400
2022-03-08 00:00:00+09:00,1619.6086719803213,1619.6086719803213,1537.1457590476848,1546.4112548828125,4200
2022-03-09 00:00:00+09:00,1472.2871698502008,1544.5580315546158,1454.6827291786124,1514.908447265625,14100
2022-03-10 00:00:00+09:00,1587.1793251982629,1587.1793251982629,1526.0270569769636,1533.439453125,6500
2022-03-11 00:00:00+09:00,1503.7898608917887,1533.439445333278,1503.7898608917887,1524.1739501953125,4900
2022-03-14 00:00:00+09:00,1516.761556110757,1555.6766357421875,1516.761556110757,1555.6766357421875,3900
2022-03-15 00:00:00+09:00,1547.3377349309499,1611.2696533203125,1547.3377349309499,1611.2696533203125,3500
2022-03-16 00:00:00+09:00,1604.7837659781196,1658.5236380489805,1598.297919348878,1650.1846923828125,4700
2022-03-17 00:00:00+09:00,1650.1849060227291,1678.907944813692,1627.0211650622755,1676.1282958984375,3300
2022-03-18 00:00:00+09:00,1641.8458609698337,1671.4954476239163,1640.9193113868935,1656.670654296875,2900
2022-03-22 00:00:00+09:00,1651.1114240828804,1651.1114240828804,1575.1343551856883,1598.298095703125,4900
2022-03-23 00:00:00+09:00,1598.2978483828656,1645.551871726359,1598.2978483828656,1636.286376953125,2800
2022-03-24 00:00:00+09:00,1607.5635336532073,1634.4334716796875,1607.5635336532073,1634.4334716796875,1400
2022-03-25 00:00:00+09:00,1641.845703125,1643.6988021127256,1639.0660546434112,1641.845703125,600
2022-03-28 00:00:00+09:00,1658.523449597058,1658.523449597058,1645.5517578125,1645.5517578125,500
2022-03-29 00:00:00+09:00,1656.6705559753916,1700.2183837890625,1652.0378083356395,1700.2183837890625,6700
2022-03-30 00:00:00+09:00,1719.6760257963988,1719.6760257963988,1672.4219970703125,1672.4219970703125,4400
2022-03-31 00:00:00+09:00,1672.4219972068565,1707.6308813585797,1649.2582576333543,1656.670654296875,3200
2022-04-01 00:00:00+09:00,1639.992614611655,1686.320089600685,1639.0660651118744,1682.6138916015625,3200
2022-04-04 00:00:00+09:00,1682.613863873495,1695.5855566566606,1678.9076659354475,1692.805908203125,3000
2022-04-05 00:00:00+09:00,1683.5403675204313,1692.805862113279,1668.715576171875,1668.715576171875,3000
2022-04-06 00:00:00+09:00,1673.348443359375,1673.348443359375,1616.8289222935268,1621.461669921875,5600
2022-04-07 00:00:00+09:00,1613.122668815251,1641.845703125,1613.122668815251,1641.845703125,1100
2022-04-08 00:00:00+09:00,1634.4332379671796,1660.3766226968173,1602.0040070551324,1659.4500732421875,5000
2022-04-11 00:00:00+09:00,1659.45028134499,1659.45028134499,1618.6821002287534,1628.8741455078125,3100
2022-04-12 00:00:00+09:00,1586.2527737281769,1632.5802495964065,1583.4731251760832,1618.6820068359375,5700
2022-04-13 00:00:00+09:00,1611.2695554708478,1639.9925895246697,1607.5633575284191,1639.0660400390625,2200
2022-04-14 00:00:00+09:00,1609.4165686553708,1660.3767939150403,1609.4165686553708,1614.04931640625,1300
2022-04-15 00:00:00+09:00,1603.8574295220963,1614.04947557914,1591.8122841819534,1597.37158203125,1400
2022-04-18 00:00:00+09:00,1602.9308086422318,1602.9308086422318,1565.8688246273825,1567.721923828125,5600
2022-04-19 00:00:00+09:00,1569.5749367342273,1596.4448736676939,1564.9421889870778,1566.7952880859375,3300
2022-04-20 00:00:00+09:00,1567.7216943791482,1591.8119804629885,1567.7216943791482,1570.5013427734375,2300
2022-04-21 00:00:00+09:00,1581.6200959947375,1601.07763671875,1557.5298074792934,1601.07763671875,1100
2022-04-22 00:00:00+09:00,1578.8404464585196,1578.8404464585196,1546.411211936191,1553.8236083984375,2200
2022-04-25 00:00:00+09:00,1537.1457591945841,1540.8519575289895,1530.659912109375,1530.659912109375,2100
2022-04-26 00:00:00+09:00,1558.4563849954043,1562.1625832950367,1524.174050723805,1527.8802490234375,4400
2022-04-27 00:00:00+09:00,1538.0722943474264,1538.0722943474264,1464.8748779296875,1464.8748779296875,8600
2022-04-28 00:00:00+09:00,1482.4792857407956,1560.3094482421875,1482.4792857407956,1560.3094482421875,7300
2022-05-02 00:00:00+09:00,1513.9819698449337,1528.8067626953125,1513.9819698449337,1528.8067626953125,2700
2022-05-06 00:00:00+09:00,1508.422776796231,1574.2077996171968,1463.9483951707891,1573.28125,6900
2022-05-09 00:00:00+09:00,1551.0438150259165,1551.0438150259165,1537.1455729557917,1541.7783203125,1600
2022-05-10 00:00:00+09:00,1560.3096762012256,1560.3096762012256,1511.202542686579,1516.7618408203125,4100
2022-05-11 00:00:00+09:00,1551.0440328062462,1551.0440328062462,1504.716552734375,1504.716552734375,1400
2022-05-12 00:00:00+09:00,1504.716488486842,1562.1625613231624,1504.716488486842,1531.58642578125,1600
2022-05-13 00:00:00+09:00,1483.4057725890307,1562.1624813148692,1483.4057725890307,1539.92529296875,14000
2022-05-16 00:00:00+09:00,1540.8519731700683,1540.8519731700683,1460.2421585784894,1470.4342041015625,8800
2022-05-17 00:00:00+09:00,1468.5811654358108,1470.4342646981904,1404.6492408837157,1418.5474853515625,11300
2022-05-18 00:00:00+09:00,1426.8862815206062,1444.49072265625,1417.6207861860569,1444.49072265625,7600
2022-05-19 00:00:00+09:00,1442.6377317194354,1442.6377317194354,1417.6208924410637,1425.9598388671875,6000
2022-05-20 00:00:00+09:00,1421.3270336408073,1457.4624666994719,1420.4004840752004,1430.592529296875,3600
2022-05-23 00:00:00+09:00,1454.6828326056984,1471.3607249540441,1438.004940257353,1464.8748779296875,4200
2022-05-24 00:00:00+09:00,1464.874892578125,1465.8014421622984,1436.15185546875,1436.15185546875,4300
2022-05-25 00:00:00+09:00,1434.2987491756292,1441.7111458121956,1423.1801542207793,1426.8863525390625,1000
2022-05-26 00:00:00+09:00,1463.948313818766,1463.948313818766,1427.812880756151,1446.3438720703125,5000
2022-05-27 00:00:00+09:00,1445.4173583984375,1450.0501063420222,1430.5925649789665,1445.4173583984375,8600
2022-05-30 00:00:00+09:00,1445.4172945592748,1472.2872314453125,1422.2535558644147,1472.2872314453125,14400
2022-05-31 00:00:00+09:00,1453.7562830307904,1453.7562830307904,1436.1518411075367,1449.12353515625,4800
2022-06-01 00:00:00+09:00,1449.1234566215035,1457.46240234375,1440.784510899257,1457.46240234375,2200
2022-06-02 00:00:00+09:00,1466.728053320908,1519.5413818359375,1466.728053320908,1519.5413818359375,4100
2022-06-03 00:00:00+09:00,1519.541237019604,1528.8067323672844,1491.7447509765625,1491.7447509765625,2300
2022-06-06 00:00:00+09:00,1501.0102113166076,1532.5128947639932,1497.3040132639742,1508.422607421875,6000
2022-06-07 00:00:00+09:00,1522.3208933135609,1533.4394877869406,1496.3775062090085,1501.01025390625,5700
2022-06-08 00:00:00+09:00,1514.9085621247193,1521.3944091796875,1503.7899671733453,1521.3944091796875,1700
2022-06-09 00:00:00+09:00,1527.8803072450494,1528.8068568552646,1501.0103685488052,1507.4962158203125,2000
2022-06-10 00:00:00+09:00,1530.659875995664,1530.659875995664,1501.010290019961,1515.8350830078125,2200
2022-06-13 00:00:00+09:00,1494.5243919372558,1494.5243919372558,1481.5526985168456,1482.479248046875,2000
2022-06-14 00:00:00+09:00,1485.2590346035493,1485.2590346035493,1449.1235995757647,1453.75634765625,4300
2022-06-15 00:00:00+09:00,1453.7561229143955,1457.462320805828,1426.88618820151,1434.298583984375,3400
2022-06-16 00:00:00+09:00,1455.609461980004,1455.609461980004,1435.2253702145297,1440.78466796875,1800
2022-06-17 00:00:00+09:00,1423.1801470588234,1425.0332462086396,1414.8412008846508,1417.620849609375,2600
2022-06-20 00:00:00+09:00,1438.004984686462,1440.7846334970673,1389.8244053026372,1394.4571533203125,5700
2022-06-21 00:00:00+09:00,1431.5190216123558,1452.8296607690445,1415.767679626977,1435.2252197265625,4700
2022-06-22 00:00:00+09:00,1435.2252197265625,1450.0500121833895,1430.592472083804,1435.2252197265625,1800
2022-06-23 00:00:00+09:00,1450.0500144958496,1482.479248046875,1450.0500144958496,1482.479248046875,2800
2022-06-24 00:00:00+09:00,1488.0385467267824,1515.8350326556763,1488.0385467267824,1513.98193359375,3200
2022-06-27 00:00:00+09:00,1616.8290645299332,1751.1787575711026,1616.8290645299332,1649.25830078125,50900
2022-06-28 00:00:00+09:00,1647.4052571074749,1677.0548455368557,1575.134385310859,1676.1282958984375,31200
2022-06-29 00:00:00+09:00,1676.1282529825498,1676.1282529825498,1609.8670581263355,1637.86474609375,12100
2022-06-30 00:00:00+09:00,1637.8645345188627,1679.8610610449873,1637.8645345188627,1668.6619873046875,7900
2022-07-01 00:00:00+09:00,1668.6619710855553,1668.6619710855553,1596.8012486171056,1601.467529296875,5100
2022-07-04 00:00:00+09:00,1601.4675789816338,1603.3340913114494,1580.0026871887565,1595.8680419921875,3600
2022-07-05 00:00:00+09:00,1577.2031835879059,1577.2031835879059,1552.0052629033653,1559.4713134765625,6500
2022-07-06 00:00:00+09:00,1556.6715375674864,1565.070844424865,1552.005255980054,1555.73828125,2800
2022-07-07 00:00:00+09:00,1555.7381157932512,1584.6690585584524,1549.205322265625,1549.205322265625,2400
2022-07-08 00:00:00+09:00,1549.2052363833245,1562.2708227142682,1549.2052363833245,1552.0050048828125,5600
2022-07-11 00:00:00+09:00,1614.5330869023671,1614.5330869023671,1548.2719024109983,1558.5377197265625,2800
2022-07-12 00:00:00+09:00,1566.00410772811,1592.1352847343003,1558.5380571549128,1559.4713134765625,5500
2022-07-13 00:00:00+09:00,1581.869334313762,1585.6023592914935,1571.603515625,1571.603515625,1700
2022-07-14 00:00:00+09:00,1568.8035370421267,1579.0693543576908,1558.5377197265625,1558.5377197265625,1900
2022-07-15 00:00:00+09:00,1554.8047733823005,1560.4043103812762,1549.2052363833245,1552.0050048828125,3100
2022-07-19 00:00:00+09:00,1564.1374502797655,1564.1374502797655,1532.40673828125,1532.40673828125,2800
2022-07-20 00:00:00+09:00,1560.4043669689022,1560.4043669689022,1534.273193359375,1534.273193359375,3500
2022-07-21 00:00:00+09:00,1549.205198189288,1549.205198189288,1530.5400753195374,1533.33984375,2400
2022-07-22 00:00:00+09:00,1534.273250751751,1563.2041940445151,1529.6069695754986,1532.40673828125,3900
2022-07-25 00:00:00+09:00,1532.4065756729458,1534.2730879453854,1496.0095863603729,1497.8760986328125,4800
2022-07-26 00:00:00+09:00,1526.8070354310016,1528.6735476992546,1517.4744740897363,1525.873779296875,1800
2022-07-27 00:00:00+09:00,1522.140875628911,1525.8739004618453,1510.008544921875,1510.008544921875,1800
2022-07-28 00:00:00+09:00,1510.0087602602398,1526.8073744040496,1510.0087602602398,1510.9420166015625,3100
2022-07-29 00:00:00+09:00,1510.9417927168126,1510.9417927168126,1490.41015625,1490.41015625,3500
2022-08-01 00:00:00+09:00,1527.7403183219312,1527.7403183219312,1507.208683011557,1509.0751953125,3300
2022-08-02 00:00:00+09:00,1509.0752588622133,1509.0752588622133,1495.076416015625,1495.076416015625,1700
2022-08-03 00:00:00+09:00,1494.1431203823884,1510.0084751896966,1437.2144943091055,1460.5458984375,11800
2022-08-04 00:00:00+09:00,1460.545965885497,1514.6748259630426,1460.545965885497,1510.008544921875,2600
2022-08-05 00:00:00+09:00,1513.741612212003,1514.6748684464123,1482.9441564764936,1484.8106689453125,3100
2022-08-08 00:00:00+09:00,1477.3445471923058,1504.408976673403,1465.2122167352622,1479.2110595703125,2800
2022-08-09 00:00:00+09:00,1480.1443737792968,1498.8094982910156,1480.1443737792968,1493.2099609375,6800
2022-08-10 00:00:00+09:00,1297.2259487809806,1390.5515566069505,1292.559668389682,1353.2213134765625,62800
2022-08-12 00:00:00+09:00,1358.8208499461207,1387.7517883721714,1347.6217770070043,1353.2213134765625,23800
2022-08-15 00:00:00+09:00,1371.8866093601216,1391.4849894938377,1343.888923454813,1347.6219482421875,23800
2022-08-16 00:00:00+09:00,1343.8888996245582,1344.822155804853,1316.824470396008,1320.5574951171875,29900
2022-08-17 00:00:00+09:00,1321.4908166350679,1350.421759654621,1321.4908166350679,1338.2894287109375,15200
2022-08-18 00:00:00+09:00,1343.8889382102273,1362.554062352036,1340.1559133818655,1355.0880126953125,8500
2022-08-19 00:00:00+09:00,1355.0878256330818,1366.2868985721982,1353.2213134765625,1353.2213134765625,6900
2022-08-22 00:00:00+09:00,1341.0891338214124,1357.8877451010126,1332.6898281816123,1352.2882080078125,6100
2022-08-23 00:00:00+09:00,1347.6220558623322,1393.3516131595998,1343.889030776841,1356.0213623046875,11100
2022-08-24 00:00:00+09:00,1355.0880916819854,1357.8878604664521,1348.5552978515625,1348.5552978515625,6000
2022-08-25 00:00:00+09:00,1348.555141394068,1361.6207275390625,1348.555141394068,1361.6207275390625,4500
2022-08-26 00:00:00+09:00,1353.2213576296542,1367.220199260306,1353.2213576296542,1359.754150390625,6700
2022-08-29 00:00:00+09:00,1343.8889023680124,1356.9544889188126,1341.0891338214124,1352.2882080078125,3800
2022-08-30 00:00:00+09:00,1344.822193488676,1353.2214993466898,1339.22265625,1339.22265625,5200
2022-08-31 00:00:00+09:00,1339.22265625,1350.421730727352,1332.689862804878,1339.22265625,5000
2022-09-01 00:00:00+09:00,1335.4898461472026,1351.3552042076515,1335.4898461472026,1340.1561279296875,1700
2022-09-02 00:00:00+09:00,1338.289450152259,1346.6887563247628,1329.8901439797553,1333.6231689453125,7600
2022-09-05 00:00:00+09:00,1333.623111620889,1342.022417432357,1333.623111620889,1335.4896240234375,1400
2022-09-06 00:00:00+09:00,1335.4897173663092,1347.622048830853,1335.4897173663092,1336.4229736328125,5900
2022-09-07 00:00:00+09:00,1333.623119011324,1345.755449695122,1333.623119011324,1339.22265625,2800
2022-09-08 00:00:00+09:00,1338.2894574183313,1338.2894574183313,1337.356201171875,1337.356201171875,1700
2022-09-09 00:00:00+09:00,1333.623066395839,1333.623066395839,1313.0914306640625,1313.0914306640625,8600
2022-09-12 00:00:00+09:00,1332.6899049932306,1337.356186173179,1311.2250115654685,1314.0247802734375,4600
2022-09-13 00:00:00+09:00,1314.0248019366197,1327.0903894558758,1307.4920081769915,1325.223876953125,8800
2022-09-14 00:00:00+09:00,1321.4906577362535,1321.4906577362535,1310.2915843656074,1319.6241455078125,3300
2022-09-15 00:00:00+09:00,1322.4241012285743,1348.5552761293507,1311.2250262710986,1337.356201171875,4100
2022-09-16 00:00:00+09:00,1335.489587863954,1335.489587863954,1325.223769927893,1332.6898193359375,3100
2022-09-20 00:00:00+09:00,1332.6898330140064,1336.4228577563424,1324.29052734375,1324.29052734375,3900
2022-09-21 00:00:00+09:00,1330.8234792889086,1334.556504476255,1315.891378539524,1327.0904541015625,6000
2022-09-22 00:00:00+09:00,1325.2238766008297,1325.2238766008297,1292.5599078113726,1293.4931640625,15400
2022-09-26 00:00:00+09:00,1291.6266582854405,1291.6266582854405,1213.233132782567,1217.8994140625,18800
2022-09-27 00:00:00+09:00,1232.8314221757055,1253.363058275528,1232.8314221757055,1248.69677734375,5100
2022-09-28 00:00:00+09:00,1253.363052108392,1277.6277128342433,1230.0316475643042,1260.8291015625,4500
2022-09-29 00:00:00+09:00,1258.0294192135989,1286.0271065848215,1236.5645255623283,1273.894775390625,7300
2022-09-30 00:00:00+09:00,1278.5610557800014,1278.5610557800014,1215.0996311135489,1226.2987060546875,8500
2022-10-03 00:00:00+09:00,1226.2986914735475,1226.2986914735475,1214.1663604315718,1218.8326416015625,2200
2022-10-04 00:00:00+09:00,1218.8325139783926,1242.1639173853298,1218.8325139783926,1230.96484375,7200
2022-10-05 00:00:00+09:00,1231.8983003749536,1266.4287830369788,1229.098531510465,1256.1629638671875,5900
2022-10-06 00:00:00+09:00,1256.1629207460091,1273.8947896124089,1238.4310518796092,1249.630126953125,6700
2022-10-07 00:00:00+09:00,1234.6979985023613,1258.9626606044485,1234.6979985023613,1250.5633544921875,4100
2022-10-11 00:00:00+09:00,1250.5632247467954,1261.7622984012444,1245.8969440574417,1246.8302001953125,4300
2022-10-12 00:00:00+09:00,1253.3630870513803,1253.3630870513803,1240.2975001424306,1247.7635498046875,2500
2022-10-13 00:00:00+09:00,1247.7636361900568,1247.7636361900568,1229.0985107421875,1229.0985107421875,6700
2022-10-14 00:00:00+09:00,1240.2975354529833,1249.630097796497,1231.8982293438207,1234.697998046875,5800
2022-10-17 00:00:00+09:00,1242.1639173853298,1242.1639173853298,1227.2318192048901,1230.96484375,5200
2022-10-18 00:00:00+09:00,1230.9650160251704,1243.0973474947134,1230.9650160251704,1241.2308349609375,1100
2022-10-19 00:00:00+09:00,1255.2295706482391,1255.2295706482391,1231.8981659893498,1248.69677734375,1600
2022-10-20 00:00:00+09:00,1249.6301341337316,1253.3631591796875,1247.7636216107537,1253.3631591796875,1800
2022-10-21 00:00:00+09:00,1254.2965909090908,1254.2965909090908,1231.8984375,1231.8984375,700
2022-10-24 00:00:00+09:00,1250.5633109937642,1250.5633109937642,1232.8314431513152,1244.030517578125,700
2022-10-25 00:00:00+09:00,1245.8970150353773,1245.8970150353773,1236.564453125,1236.564453125,4300
2022-10-26 00:00:00+09:00,1236.5644035081411,1244.9637088904606,1236.5644035081411,1242.1639404296875,1700
2022-10-27 00:00:00+09:00,1246.830271226415,1246.830271226415,1236.564453125,1236.564453125,1800
2022-10-28 00:00:00+09:00,1236.5643282549097,1243.0971209324828,1220.698974609375,1220.698974609375,13700
2022-10-31 00:00:00+09:00,1220.6991327141734,1244.030538155958,1218.8326202788305,1223.4989013671875,4600
2022-11-01 00:00:00+09:00,1236.5643750439892,1243.09716796875,1233.7646066476634,1243.09716796875,2400
2022-11-02 00:00:00+09:00,1243.0973331602409,1249.630126953125,1243.0973331602409,1249.630126953125,2200
2022-11-04 00:00:00+09:00,1248.6967546972214,1248.6967546972214,1237.4976806640625,1237.4976806640625,3200
2022-11-07 00:00:00+09:00,1230.96484375,1236.5643805676648,1226.2985630686126,1230.96484375,1600
2022-11-08 00:00:00+09:00,1230.9650661318683,1235.63134765625,1219.7659904733525,1235.63134765625,3700
2022-11-09 00:00:00+09:00,1235.6311894546036,1238.4309580107695,1221.6323466737736,1232.8314208984375,2200
2022-11-10 00:00:00+09:00,1223.4990878660808,1229.098626025651,1216.033036986654,1225.3656005859375,6500
2022-11-11 00:00:00+09:00,1217.8993567165385,1236.5644809574048,1215.0995880804085,1219.765869140625,35300
2022-11-14 00:00:00+09:00,1217.899435473466,1229.0985107421875,1216.032922928679,1229.0985107421875,8500
2022-11-15 00:00:00+09:00,1229.0986683238636,1234.6982066761364,1226.2988991477273,1231.8984375,5400
2022-11-16 00:00:00+09:00,1231.89820732623,1232.8314635439012,1218.8326202788305,1223.4989013671875,5500
2022-11-17 00:00:00+09:00,1223.4989300676884,1227.2319550259422,1222.565673828125,1222.565673828125,3100
2022-11-18 00:00:00+09:00,1225.3654425468153,1227.2319550259422,1221.6324175885616,1222.565673828125,5700
2022-11-21 00:00:00+09:00,1222.565666537555,1223.4989227715532,1217.8993853675643,1218.8326416015625,2600
2022-11-22 00:00:00+09:00,1222.5654868029674,1222.5654868029674,1219.7657185125788,1220.698974609375,3600
2022-11-24 00:00:00+09:00,1226.2987275965072,1226.2987275965072,1219.7659337660846,1221.6324462890625,6100
2022-11-25 00:00:00+09:00,1221.6324175885616,1222.565673828125,1217.8993926303076,1222.565673828125,6100
2022-11-28 00:00:00+09:00,1222.565673828125,1222.565673828125,1218.832648869871,1222.565673828125,1600
2022-11-29 00:00:00+09:00,1219.7658978355607,1225.3654352395495,1218.8326416015625,1218.8326416015625,6400
2022-11-30 00:00:00+09:00,1224.4320198580199,1224.4320198580199,1214.1662026183567,1216.03271484375,9900
2022-12-01 00:00:00+09:00,1220.6991900275734,1221.6324462890625,1214.1663961971508,1221.6324462890625,2900
2022-12-02 00:00:00+09:00,1221.63225151993,1221.63225151993,1213.23294650566,1216.03271484375,4600
2022-12-05 00:00:00+09:00,1214.166410569411,1217.8994356595554,1213.233154296875,1213.233154296875,2300
2022-12-06 00:00:00+09:00,1213.2331041975738,1220.6991540695587,1213.2331041975738,1218.8326416015625,3800
2022-12-07 00:00:00+09:00,1215.09961666557,1218.8326416015625,1215.09961666557,1218.8326416015625,2700
2022-12-08 00:00:00+09:00,1214.1663391904735,1223.4989013671875,1213.2330829728023,1223.4989013671875,5600
2022-12-09 00:00:00+09:00,1223.4988664504717,1236.564453125,1223.4988664504717,1236.564453125,6800
2022-12-12 00:00:00+09:00,1235.6312611820133,1235.6312611820133,1221.6324175885616,1222.565673828125,9700
2022-12-13 00:00:00+09:00,1227.2319188369715,1227.2319188369715,1219.765869140625,1219.765869140625,2500
2022-12-14 00:00:00+09:00,1223.4989013671875,1223.4989013671875,1213.2330829728023,1223.4989013671875,7300
2022-12-15 00:00:00+09:00,1216.9661649816176,1223.4989588120404,1212.2998836741729,1221.6324462890625,7300
2022-12-16 00:00:00+09:00,1221.6324175885616,1223.4989300676884,1216.0328801511807,1222.565673828125,3500
2022-12-19 00:00:00+09:00,1225.3653593452755,1258.9625816883295,1225.3653593452755,1257.0960693359375,9500
2022-12-20 00:00:00+09:00,1257.0960330963135,1302.825584411621,1245.8969593048096,1254.2962646484375,15600
2022-12-21 00:00:00+09:00,1243.0972600972877,1345.7554422374542,1243.0972600972877,1335.4896240234375,22400
2022-12-22 00:00:00+09:00,1356.0214094069288,1369.0869976599895,1244.030652952124,1267.362060546875,15600
2022-12-23 00:00:00+09:00,1266.4287109375,1266.4287109375,1241.2307925916543,1266.4287109375,6100
2022-12-26 00:00:00+09:00,1278.5609937379766,1314.0247293307086,1278.5609937379766,1303.7589111328125,12500
2022-12-27 00:00:00+09:00,1325.2237781041822,1325.2237781041822,1260.8291015625,1260.8291015625,8900
2022-12-28 00:00:00+09:00,1253.36301427278,1278.5609304197385,1233.764635047368,1242.1639404296875,10900
2022-12-29 00:00:00+09:00,1257.2549564628252,1287.436620834026,1232.7323541612247,1241.220947265625,18700
2022-12-30 00:00:00+09:00,1237.4480948363537,1275.1751708984375,1237.4480948363537,1275.1751708984375,5700
2023-01-04 00:00:00+09:00,1285.5501498970934,1315.7318115234375,1271.4024960097447,1315.7318115234375,7600
2023-01-05 00:00:00+09:00,1315.7318718590504,1327.9931724570201,1301.5842173229316,1316.675048828125,4700
2023-01-06 00:00:00+09:00,1316.674995064305,1316.674995064305,1301.584164175316,1306.300048828125,2000
2023-01-10 00:00:00+09:00,1327.9930530575539,1327.9930530575539,1311.015869140625,1311.015869140625,5100
2023-01-11 00:00:00+09:00,1304.4136989446895,1309.129583611879,1288.3796910762442,1300.6409912109375,4900
2023-01-12 00:00:00+09:00,1291.209277572742,1311.0159940292997,1273.2889150644278,1307.2432861328125,4600
2023-01-13 00:00:00+09:00,1307.2433121744791,1320.4477900752315,1273.2889404296875,1273.2889404296875,4400
2023-01-16 00:00:00+09:00,1273.2888746718404,1319.5045449377074,1271.4025207834377,1279.89111328125,7900
2023-01-17 00:00:00+09:00,1289.3228666953294,1302.52734375,1288.3796897628529,1302.52734375,3000
2023-01-18 00:00:00+09:00,1308.1865116045974,1326.106874777263,1288.3797944137564,1323.27734375,5200
2023-01-19 00:00:00+09:00,1295.9250500737405,1314.7885879205198,1289.3228118273678,1294.0386962890625,6600
2023-01-20 00:00:00+09:00,1300.6409859303183,1321.3908783817085,1300.6409859303183,1308.1864013671875,6500
2023-01-23 00:00:00+09:00,1308.1865145374486,1319.504638671875,1296.8683904030222,1319.504638671875,2800
2023-01-24 00:00:00+09:00,1311.9591064453125,1315.7318141561545,1298.7546294573654,1311.9591064453125,5800
2023-01-25 00:00:00+09:00,1301.584184372117,1311.015953824089,1276.118406851793,1278.0047607421875,13700
2023-01-26 00:00:00+09:00,1279.8911793800637,1279.8911793800637,1266.6867014793113,1273.2889404296875,7800
2023-01-27 00:00:00+09:00,1266.686524620881,1270.4592320657684,1264.8001708984375,1264.8001708984375,4200
2023-01-30 00:00:00+09:00,1269.5161916428133,1279.891138231276,1244.0504136529498,1245.936767578125,20300
2023-01-31 00:00:00+09:00,1271.4025261767977,1272.345703125,1260.0844027983692,1272.345703125,2600
2023-02-01 00:00:00+09:00,1272.3457605539431,1277.0616455078125,1255.3685747200136,1277.0616455078125,4800
2023-02-02 00:00:00+09:00,1268.572932587573,1276.1183477999896,1263.8570480798123,1275.1751708984375,2400
2023-02-03 00:00:00+09:00,1261.027636664657,1277.0616455078125,1261.027636664657,1277.0616455078125,2300
2023-02-06 00:00:00+09:00,1278.9479417624166,1278.9479417624166,1270.459349228595,1272.345703125,2700
2023-02-07 00:00:00+09:00,1279.8910554061981,1279.8910554061981,1263.8570480798123,1275.1751708984375,4500
2023-02-08 00:00:00+09:00,1278.947884890788,1278.947884890788,1264.8002312968633,1265.743408203125,1900
2023-02-09 00:00:00+09:00,1265.7435317309935,1271.402593720849,1263.857177734375,1263.857177734375,2000
2023-02-10 00:00:00+09:00,1273.2890068730221,1273.2890068730221,1263.8572364517404,1266.686767578125,1900
2023-02-13 00:00:00+09:00,1268.5730021493127,1273.288886915667,1262.9139404296875,1262.9139404296875,2600
2023-02-14 00:00:00+09:00,1272.3457127260358,1273.2888896813554,1259.1412353515625,1259.1412353515625,4300
2023-02-15 00:00:00+09:00,1372.3226492745537,1372.3226492745537,1280.83447265625,1280.83447265625,43800
2023-02-16 00:00:00+09:00,1282.720547261211,1335.5384521484375,1267.6297172934321,1335.5384521484375,27000
2023-02-17 00:00:00+09:00,1321.3909737356084,1369.4930006167763,1321.3909737356084,1344.0272216796875,12500
2023-02-20 00:00:00+09:00,1344.0272304915572,1369.4930095956079,1324.220513410629,1332.7091064453125,9100
2023-02-21 00:00:00+09:00,1331.7657618453936,1331.7657618453936,1294.0386864390084,1309.1295166015625,9700
2023-02-22 00:00:00+09:00,1290.266121923396,1291.209298913106,1278.947998046875,1278.947998046875,17300
2023-02-24 00:00:00+09:00,1273.2889551148378,1273.2889551148378,1254.4254150390625,1254.4254150390625,32900
2023-02-27 00:00:00+09:00,1243.1071869083707,1249.7094253820876,1229.9027099609375,1229.9027099609375,99000
2023-02-28 00:00:00+09:00,1235.5618956488215,1257.2549670991443,1228.0164794921875,1228.0164794921875,230900
2023-03-01 00:00:00+09:00,1226.130093578775,1273.2889433318048,1218.5846776182902,1269.5162353515625,91300
2023-03-02 00:00:00+09:00,1264.800217525001,1308.1863547406238,1264.800217525001,1286.4932861328125,49900
2023-03-03 00:00:00+09:00,1292.15253218429,1294.038886245873,1266.6867523529208,1285.55029296875,19100
2023-03-06 00:00:00+09:00,1285.550358048946,1294.038951755799,1276.118587263554,1280.83447265625,32600
2023-03-07 00:00:00+09:00,1274.23204893719,1288.3797030704675,1274.23204893719,1283.663818359375,14300
2023-03-08 00:00:00+09:00,1282.7207103587964,1282.7207103587964,1268.5730554651332,1273.2889404296875,26400
2023-03-09 00:00:00+09:00,1266.6867043663806,1269.5162353515625,1256.311757420714,1269.5162353515625,23700
2023-03-10 00:00:00+09:00,1257.2548048131605,1290.265996237362,1247.8230358348173,1282.7205810546875,38900
2023-03-13 00:00:00+09:00,1265.7435201909339,1287.4365909542657,1265.7435201909339,1278.947998046875,21600
2023-03-14 00:00:00+09:00,1277.0616116251783,1277.0616116251783,1232.7322942349394,1240.2777099609375,38600
2023-03-15 00:00:00+09:00,1243.107301288825,1255.3686024396252,1228.9596461148246,1241.220947265625,42200
2023-03-16 00:00:00+09:00,1229.9028859541604,1242.1641877313107,1228.0165318345987,1238.3914794921875,13200
2023-03-17 00:00:00+09:00,1243.1069890719057,1256.3114639178893,1236.5047516489137,1253.48193359375,9700
2023-03-20 00:00:00+09:00,1254.4254360404066,1254.4254360404066,1226.130125453029,1228.0164794921875,22500
2023-03-22 00:00:00+09:00,1244.05047979021,1244.05047979021,1227.073293561079,1239.3345947265625,14900
2023-03-23 00:00:00+09:00,1228.0163444946104,1250.6525904760779,1228.0163444946104,1246.8798828125,2800
2023-03-24 00:00:00+09:00,1231.7892400737219,1244.9937189106531,1229.9028859541604,1238.3914794921875,10600
2023-03-27 00:00:00+09:00,1249.7094135601835,1250.6525904760779,1244.0503520648165,1246.8798828125,11100
2023-03-28 00:00:00+09:00,1243.1072408581867,1258.198072310183,1240.2777099609375,1240.2777099609375,13200
2023-03-29 00:00:00+09:00,1245.9368264005263,1258.1981274930372,1240.277764357829,1248.766357421875,16400
2023-03-30 00:00:00+09:00,1245.9367033209016,1261.970710857961,1245.9367033209016,1250.652587890625,7900
2023-03-31 00:00:00+09:00,1262.913880033165,1263.8570569413303,1254.4252878596785,1261.970703125,8500
2023-04-03 00:00:00+09:00,1261.970816514757,1275.1752944155094,1261.970816514757,1273.2889404296875,15500
2023-04-04 00:00:00+09:00,1275.175297321926,1277.0616513120472,1258.1981114108353,1269.5162353515625,15400
2023-04-05 00:00:00+09:00,1269.5161902326033,1269.5161902326033,1241.2208813864086,1247.8231201171875,18700
2023-04-06 00:00:00+09:00,1253.4821931449346,1253.4821931449346,1223.300530104575,1232.7322998046875,48900
2023-04-07 00:00:00+09:00,1244.0504178239366,1248.7663026526855,1238.391356029438,1240.2777099609375,7100
2023-04-10 00:00:00+09:00,1256.3115922929303,1256.3115922929303,1239.334408613296,1244.05029296875,9300
2023-04-11 00:00:00+09:00,1242.1639956651231,1260.0843570300717,1240.2776418372337,1250.652587890625,14100
2023-04-12 00:00:00+09:00,1260.0844095698749,1263.8571173829584,1246.879932224083,1262.9139404296875,21400
2023-04-13 00:00:00+09:00,1262.91387748434,1268.57293892191,1258.1979929530319,1265.743408203125,15500
2023-04-14 00:00:00+09:00,1269.5159387638732,1269.5159387638732,1253.48193359375,1253.48193359375,7500
2023-04-17 00:00:00+09:00,1258.1979891723272,1273.2888196271676,1254.425281558617,1271.4024658203125,11200
2023-04-18 00:00:00+09:00,1276.1184571203526,1296.8683507320654,1274.2321031556512,1292.1524658203125,17400
2023-04-19 00:00:00+09:00,1292.15253218429,1300.6411254614131,1278.9480537532097,1285.55029296875,10000
2023-04-20 00:00:00+09:00,1285.5502413375289,1300.6410732241031,1266.6867014793113,1273.2889404296875,16500
2023-04-21 00:00:00+09:00,1273.2888120763441,1285.5501117481904,1265.7433968936696,1282.7205810546875,6300
2023-04-24 00:00:00+09:00,1293.0955320279274,1293.0955320279274,1273.2888170953333,1275.1751708984375,6500
2023-04-25 00:00:00+09:00,1287.4365909542657,1289.322944933686,1277.0616440674548,1278.947998046875,3800
2023-04-26 00:00:00+09:00,1274.2320556640625,1282.7206481888416,1268.5729939808764,1274.2320556640625,7000
2023-04-27 00:00:00+09:00,1265.7435317309935,1281.7775407022505,1263.857177734375,1263.857177734375,20900
2023-04-28 00:00:00+09:00,1265.743406931559,1282.7205912272134,1265.743406931559,1267.6297607421875,20500
2023-05-01 00:00:00+09:00,1286.493392702133,1311.0159940292997,1286.493392702133,1307.2432861328125,17500
2023-05-02 00:00:00+09:00,1307.24309229732,1326.1066289827068,1299.697677623165,1325.1634521484375,12300
2023-05-08 00:00:00+09:00,1325.1635065455896,1337.42480589441,1309.1294997048244,1335.5384521484375,22100
2023-05-09 00:00:00+09:00,1336.481742965741,1346.856689453125,1322.3340886647627,1346.856689453125,19800
2023-05-10 00:00:00+09:00,1346.8568255485372,1346.8568255485372,1315.7319829413232,1329.879638671875,12900
2023-05-11 00:00:00+09:00,1330.8226921794771,1342.1408157132503,1324.220453451443,1331.765869140625,15100
2023-05-12 00:00:00+09:00,1345.9134271851835,1391.1859180785884,1338.3680120362826,1383.6405029296875,33900
2023-05-15 00:00:00+09:00,1383.6406364414627,1386.4701673953307,1352.5157959489145,1368.5498046875,15500
2023-05-16 00:00:00+09:00,1375.1520479090075,1386.4701717601104,1346.85673828125,1362.8907470703125,16500
2023-05-17 00:00:00+09:00,1353.4588623046875,1370.4360466402168,1322.3340243562175,1353.4588623046875,16100
2023-05-18 00:00:00+09:00,1345.9135193818042,1345.9135193818042,1321.3909184680504,1337.4249267578125,28500
2023-05-19 00:00:00+09:00,1330.8227408364405,1347.7999267578125,1321.3909708801227,1347.7999267578125,16500
2023-05-22 00:00:00+09:00,1323.277213915498,1350.6293444953621,1323.277213915498,1334.5953369140625,25300
2023-05-23 00:00:00+09:00,1335.5386200906837,1366.663460813136,1335.5386200906837,1355.3453369140625,20200
2023-05-24 00:00:00+09:00,1336.4817942421441,1381.7542897422309,1336.4817942421441,1359.1180419921875,17500
2023-05-25 00:00:00+09:00,1376.095304464992,1377.0384815071202,1341.19775390625,1341.19775390625,13200
2023-05-26 00:00:00+09:00,1335.5384594517895,1348.7429357458043,1322.3339831577746,1324.2203369140625,18600
2023-05-29 00:00:00+09:00,1325.1636181811352,1365.7202271361452,1325.1636181811352,1348.7430419921875,15200
2023-05-30 00:00:00+09:00,1345.9135949855365,1347.799949007941,1319.504638671875,1319.504638671875,13800
2023-05-31 00:00:00+09:00,1318.561478226273,1321.3910092954281,1298.7547607421875,1298.7547607421875,25200
2023-06-01 00:00:00+09:00,1298.7545883178711,1298.7545883178711,1280.8342272590187,1282.7205810546875,52700
2023-06-02 00:00:00+09:00,1278.0048124971445,1297.8115291483919,1275.1752815469663,1290.26611328125,15000
2023-06-05 00:00:00+09:00,1303.4704652124522,1303.4704652124522,1292.1523425043845,1294.0386962890625,8100
2023-06-06 00:00:00+09:00,1294.03869504526,1302.5272870681517,1285.5501030223686,1295.925048828125,5800
2023-06-07 00:00:00+09:00,1295.9252403074559,1296.8684173382474,1282.7207618763757,1285.55029296875,11200
2023-06-08 00:00:00+09:00,1287.4365315574764,1289.3228854498684,1273.2888773645373,1276.118408203125,10100
2023-06-09 00:00:00+09:00,1278.0046940688862,1291.2091706127715,1277.0615171728946,1286.4932861328125,16500
2023-06-12 00:00:00+09:00,1287.4364580426898,1303.4704652124522,1286.4932811503509,1294.0386962890625,19100
2023-06-13 00:00:00+09:00,1301.584229932987,1305.3569378458365,1294.0388141072885,1299.6978759765625,10900
2023-06-14 00:00:00+09:00,1294.0387647237785,1297.8114724926525,1281.7774644749381,1283.663818359375,25500
2023-06-15 00:00:00+09:00,1283.6637579525218,1291.2091731351964,1280.8342272590187,1282.7205810546875,9700
2023-06-16 00:00:00+09:00,1278.947939041713,1281.7774698803007,1264.8002848487736,1276.118408203125,29600
2023-06-19 00:00:00+09:00,1274.2320529613987,1293.0955918653424,1268.5729912902157,1278.0047607421875,9600
2023-06-20 00:00:00+09:00,1270.4592801400743,1284.60693359375,1270.4592801400743,1284.60693359375,6000
2023-06-21 00:00:00+09:00,1284.606934850356,1294.0387038286995,1278.0046965655158,1282.7205810546875,13300
2023-06-22 00:00:00+09:00,1282.7206454681734,1287.4365301941593,1274.2320529613987,1278.0047607421875,14200
2023-06-23 00:00:00+09:00,1275.1751811318768,1277.0615349501193,1251.5957584038465,1260.0843505859375,43600
2023-06-26 00:00:00+09:00,1252.5389340433483,1262.913880033165,1246.8798725943573,1261.970703125,27500
2023-06-27 00:00:00+09:00,1261.970703125,1264.8002338494955,1256.311641676009,1261.970703125,9700
2023-06-28 00:00:00+09:00,1262.9138762156167,1271.4024683634439,1260.0843454996743,1267.6297607421875,17900
2023-06-29 00:00:00+09:00,1267.6299305350826,1279.1016946123232,1263.8060091760024,1266.6739501953125,12300
2023-06-30 00:00:00+09:00,1266.6738012750673,1270.497722184577,1263.805860592935,1264.7618408203125,11100
2023-07-03 00:00:00+09:00,1270.4978560313905,1283.8815806246482,1270.4978560313905,1274.32177734375,8000
2023-07-04 00:00:00+09:00,1276.23366932951,1281.9695509894177,1273.3657284995559,1278.1456298828125,9000
2023-07-05 00:00:00+09:00,1281.9694142621688,1287.7052953103218,1277.189513388708,1285.7933349609375,10900
2023-07-06 00:00:00+09:00,1284.8374107813675,1284.8374107813675,1262.849865805198,1272.40966796875,18400
2023-07-07 00:00:00+09:00,1261.8940162948122,1274.3217603946853,1254.2461737718133,1259.9820556640625,20500
2023-07-10 00:00:00+09:00,1267.629733820336,1275.2775753516805,1262.8498328632459,1265.7177734375,9400
2023-07-11 00:00:00+09:00,1266.6738430477944,1273.3657048601224,1257.1140404587545,1259.0260009765625,15700
2023-07-12 00:00:00+09:00,1261.8938526718277,1266.6737536289181,1259.0259120975736,1265.7177734375,9300
2023-07-13 00:00:00+09:00,1277.189569050526,1279.1015294832362,1269.5417273196845,1272.40966796875,8900
2023-07-14 00:00:00+09:00,1273.3657167689103,1273.3657167689103,1261.8939535547759,1268.5858154296875,13600
2023-07-18 00:00:00+09:00,1273.3657077163014,1288.6613918930736,1269.5417866721082,1281.0135498046875,19000
2023-07-19 00:00:00+09:00,1281.0135937931789,1309.6930026094442,1278.1456529115524,1297.2652587890625,32200
2023-07-20 00:00:00+09:00,1302.0450585504755,1303.0010387696755,1282.9254541664743,1294.397216796875,13000
2023-07-21 00:00:00+09:00,1304.9130412025338,1304.9130412025338,1288.661376953125,1288.661376953125,18300
2023-07-24 00:00:00+09:00,1298.221248626709,1304.9131107330322,1284.8375244140625,1284.8375244140625,26900
2023-07-25 00:00:00+09:00,1303.957130432129,1303.957130432129,1284.8375244140625,1284.8375244140625,25500
2023-07-26 00:00:00+09:00,1291.5293354753703,1303.9570788959327,1281.9695328441685,1303.0010986328125,9400
2023-07-27 00:00:00+09:00,1295.353277318618,1301.0891589894015,1291.5293562047623,1300.1331787109375,10200
2023-07-28 00:00:00+09:00,1287.705492039492,1303.9571574921063,1281.013629794298,1286.74951171875,26700
2023-07-31 00:00:00+09:00,1290.5733816964284,1309.6929873511904,1289.6174014136905,1304.9130859375,14800
2023-08-01 00:00:00+09:00,1309.6930940743355,1323.0768191232703,1294.3974083041242,1312.56103515625,21900
2023-08-02 00:00:00+09:00,1308.736965276828,1319.2527480511487,1300.1331430069292,1310.64892578125,19900
2023-08-03 00:00:00+09:00,1301.0892971413352,1318.296943980824,1299.177336381392,1314.4730224609375,9000
2023-08-04 00:00:00+09:00,1321.1647232794694,1347.9321706396902,1314.4728614394141,1342.1962890625,46600
2023-08-07 00:00:00+09:00,1346.0203125,1367.0518798828125,1338.372469815341,1367.0518798828125,25600
2023-08-08 00:00:00+09:00,1367.051805478864,1367.051805478864,1342.1963181065212,1366.0958251953125,16400
2023-08-09 00:00:00+09:00,1362.2718923943744,1367.0517937711968,1339.328365785627,1356.5360107421875,42700
2023-08-10 00:00:00+09:00,1582.147256651921,1605.0907818239127,1498.9769779034514,1537.2161865234375,278100
2023-08-14 00:00:00+09:00,1534.3483384711337,1554.4239242081392,1501.8450091826487,1513.3167724609375,91200
2023-08-15 00:00:00+09:00,1511.4047351074219,1625.1663818359375,1481.7693481445312,1625.1663818359375,114800
2023-08-16 00:00:00+09:00,1601.2669851088665,1644.286098141642,1594.5751230815458,1615.606689453125,58700
2023-08-17 00:00:00+09:00,1589.7951961070316,1599.3549988497077,1549.6440245877923,1574.49951171875,32400
2023-08-18 00:00:00+09:00,1552.5120558375634,1558.2479378172588,1478.901570431472,1506.625,92000
2023-08-21 00:00:00+09:00,1527.6564976945708,1541.9962019908278,1504.7129708205598,1510.4488525390625,34600
2023-08-22 00:00:00+09:00,1524.7883854441534,1592.6629781504448,1523.8324052651915,1585.01513671875,57100
2023-08-23 00:00:00+09:00,1604.134904309265,1659.5817603580954,1604.134904309265,1657.6697998046875,45700
2023-08-24 00:00:00+09:00,1657.6697490371278,1657.6697490371278,1617.518578645225,1636.63818359375,21600
2023-08-25 00:00:00+09:00,1619.4305004882813,1644.285986328125,1604.1348168945312,1625.1663818359375,21100
2023-08-28 00:00:00+09:00,1644.28602557316,1644.28602557316,1604.1348551812573,1636.63818359375,21000
2023-08-29 00:00:00+09:00,1636.6381328561451,1728.4122337639665,1636.6381328561451,1711.20458984375,75400
2023-08-30 00:00:00+09:00,1730.3242147392107,1806.8026330702255,1711.204610156457,1803.9346923828125,64900
2023-08-31 00:00:00+09:00,1817.3183449874566,1862.2494140113442,1786.726978843533,1824.9661865234375,90300
2023-09-01 00:00:00+09:00,1817.3184635813643,1825.9222858708079,1790.5510164586508,1802.978759765625,29500
2023-09-04 00:00:00+09:00,1795.3308568218954,1801.0667381535948,1737.9720435049019,1755.1796875,40800
2023-09-05 00:00:00+09:00,1755.1797380211199,1760.915619517921,1723.6323897887141,1737.01611328125,20300
2023-09-06 00:00:00+09:00,1740.8399492302196,1771.4313157186145,1700.6887807142014,1709.2926025390625,30800
2023-09-07 00:00:00+09:00,1699.7327564019715,1727.4561815626337,1673.9212915972173,1675.833251953125,21100
2023-09-08 00:00:00+09:00,1675.8332874016387,1735.1040596885193,1675.8332874016387,1721.7203369140625,37500
2023-09-11 00:00:00+09:00,1725.5443994506695,1725.5443994506695,1651.9339181444636,1657.6697998046875,68100
2023-09-12 00:00:00+09:00,1662.449734082843,1725.54443359375,1662.449734082843,1725.54443359375,50500
2023-09-13 00:00:00+09:00,1730.3243390397083,1785.771196312804,1725.5444375506484,1769.51953125,51800
2023-09-14 00:00:00+09:00,1788.6391182738414,1806.8027437400108,1768.5635322322858,1794.375,24200
2023-09-15 00:00:00+09:00,1803.93474609375,1803.93474609375,1757.0917134712836,1768.5634765625,23000
2023-09-19 00:00:00+09:00,1772.3872980667375,1861.29345703125,1751.3557335805085,1861.29345703125,69900
2023-09-20 00:00:00+09:00,1861.2935796139247,1861.2935796139247,1810.626625469324,1822.098388671875,34200
2023-09-21 00:00:00+09:00,1802.978726893045,1817.3184304473373,1790.550983812658,1796.286865234375,12400
2023-09-22 00:00:00+09:00,1770.475593378465,1831.6583352662738,1759.9598096164978,1819.2305908203125,12100
2023-09-25 00:00:00+09:00,1813.4945007711335,1832.6141054181671,1803.9346984476167,1808.714599609375,7800
2023-09-26 00:00:00+09:00,1792.4630176518374,1852.689775044939,1786.7271359953515,1836.4381103515625,18800
2023-09-27 00:00:00+09:00,1845.0419110101336,1927.2562137805335,1842.1739702158175,1917.6964111328125,50200
2023-09-28 00:00:00+09:00,1917.696468246031,1937.77205440414,1889.9730397419755,1904.312744140625,14000
2023-09-29 00:00:00+09:00,1915.7844946687314,1969.3193907273387,1912.916553808449,1933.9481201171875,43600
2023-10-02 00:00:00+09:00,1933.9481373675555,1980.7911718366659,1911.9605905759322,1948.287841796875,45200
2023-10-03 00:00:00+09:00,1957.8475341796875,1968.363316833973,1914.828423321247,1957.8475341796875,44200
2023-10-04 00:00:00+09:00,1871.809273478727,1901.4446603417712,1811.58251953125,1811.58251953125,66700
2023-10-05 00:00:00+09:00,1823.0543991815475,1921.5203683035713,1823.0543991815475,1907.1806640625,51000
2023-10-06 00:00:00+09:00,1926.3001815257353,2041.9737904411766,1922.476260569853,2031.4580078125,70100
2023-10-10 00:00:00+09:00,2030.502125138339,2098.376725366598,2030.502125138339,2051.53369140625,46000
2023-10-11 00:00:00+09:00,2074.47693516523,2112.7161413433905,2045.797530531609,2079.2568359375,51700
2023-10-12 00:00:00+09:00,2075.43317738174,2092.640822334698,2016.1624003215522,2054.401611328125,24500
2023-10-13 00:00:00+09:00,2022.8542597601129,2062.04945099365,2009.470535924271,2032.4140625,24400
2023-10-16 00:00:00+09:00,2016.1625233022266,2048.6658546404324,2011.3826216348434,2015.20654296875,24000
2023-10-17 00:00:00+09:00,2041.0178990472295,2130.8800454221428,2041.0178990472295,2063.96142578125,48600
2023-10-18 00:00:00+09:00,2103.156424676677,2208.3142459105106,2103.156424676677,2180.5908203125,72900
2023-10-19 00:00:00+09:00,2150.955530115076,2199.7105221310176,2103.156518334741,2122.276123046875,34700
2023-10-20 00:00:00+09:00,2129.923961474454,2156.691408027993,2073.521127665211,2100.28857421875,22900
2023-10-23 00:00:00+09:00,2058.225460600517,2114.6282948668572,2002.7786065759792,2036.2379150390625,52100
2023-10-24 00:00:00+09:00,2046.7538753504216,2075.4332850937717,1990.3510361884996,2062.049560546875,41800
2023-10-25 00:00:00+09:00,2093.59680093708,2154.779538498711,2071.6092546258683,2132.7919921875,24400
2023-10-26 00:00:00+09:00,2132.7917859475206,2194.930497774768,2132.7917859475206,2161.47119140625,43900
2023-10-27 00:00:00+09:00,2176.767217477302,2197.7987847959234,2136.616043505389,2181.547119140625,35000
2023-10-30 00:00:00+09:00,2170.0748302214733,2170.0748302214733,2073.520839978139,2084.03662109375,51000
2023-10-31 00:00:00+09:00,2084.036816579246,2158.603271484375,2063.005252375235,2158.603271484375,25400
2023-11-01 00:00:00+09:00,2199.7104114849944,2227.4338369230927,2144.263560608797,2171.031005859375,40500
2023-11-02 00:00:00+09:00,2171.031160840523,2197.7986080019214,2060.137451171875,2060.137451171875,42100
2023-11-06 00:00:00+09:00,2066.829600298975,2110.8046981776765,2028.590384752278,2098.376953125,38500
2023-11-07 00:00:00+09:00,2116.540580623058,2138.5281295635864,2076.389404296875,2076.389404296875,26200
2023-11-08 00:00:00+09:00,2080.2130513025595,2094.5527552407666,2065.8733473643524,2091.684814453125,33400
2023-11-09 00:00:00+09:00,2091.68469028006,2117.4961558365326,2057.26940287143,2108.892333984375,65800
2023-11-10 00:00:00+09:00,2486.5046416491996,2586.882568359375,2485.548661394817,2586.882568359375,218000
2023-11-13 00:00:00+09:00,2647.109443424455,2753.2232564328024,2565.8511181477925,2582.102783203125,308800
2023-11-14 00:00:00+09:00,2616.518097002337,2736.971615534414,2544.819574066577,2601.222412109375,104800
2023-11-15 00:00:00+09:00,2625.1219250532035,2689.172605671763,2584.970752128136,2667.18505859375,63000
2023-11-16 00:00:00+09:00,2667.1848647614243,2667.1848647614243,2594.5303666532277,2649.021240234375,35900
2023-11-17 00:00:00+09:00,2656.6691240230944,2721.67578125,2578.278743249473,2721.67578125,49100
2023-11-20 00:00:00+09:00,2765.650825244327,2847.865125614535,2738.883378612166,2761.826904296875,60800
2023-11-21 00:00:00+09:00,2761.8271440221906,2761.8271440221906,2684.3927381150265,2695.864501953125,43600
2023-11-22 00:00:00+09:00,2695.8645131680655,2769.474998102087,2695.8645131680655,2705.42431640625,30500
2023-11-24 00:00:00+09:00,2705.4242359106092,2730.2797235903536,2631.8137531667517,2638.505615234375,25800
2023-11-27 00:00:00+09:00,2686.304585317547,2749.3992837627284,2653.8012558154846,2722.6318359375,53300
2023-11-28 00:00:00+09:00,2715.939719565344,2839.261164065143,2706.3799176661346,2825.87744140625,50300
2023-11-29 00:00:00+09:00,2825.8778288188732,2925.2997822008633,2798.154399510434,2906.18017578125,62600
2023-11-30 00:00:00+09:00,2872.720580858117,2977.878405781376,2853.600976326615,2968.318603515625,54100
2023-12-01 00:00:00+09:00,3016.11767578125,3040.0171819284865,2968.318663486777,3016.11767578125,43400
2023-12-04 00:00:00+09:00,3035.237351769051,3097.376069206843,3016.117746403577,3073.4765625,54200
2023-12-05 00:00:00+09:00,3106.935859953929,3130.8353665689597,3020.8976361398204,3063.916748046875,47200
2023-12-06 00:00:00+09:00,3063.916806175595,3068.696707589286,2987.4383835565477,3011.337890625,43600
2023-12-07 00:00:00+09:00,3001.778196227826,3001.778196227826,2896.620361328125,2896.620361328125,50100
2023-12-08 00:00:00+09:00,2896.6202098065723,2910.959913815516,2782.8585580022877,2872.720703125,42100
2023-12-11 00:00:00+09:00,2939.6389183261044,3059.1364353312306,2939.6389183261044,3030.45703125,39700
2023-12-12 00:00:00+09:00,3059.136700913242,3149.954821721604,3030.4572943421804,3140.39501953125,36600
2023-12-13 00:00:00+09:00,3183.414178512688,3231.213190202068,3097.3759574718047,3178.63427734375,63700
2023-12-14 00:00:00+09:00,3212.093773854962,3264.6726897960402,3106.9359419728053,3130.83544921875,42100
2023-12-15 00:00:00+09:00,3097.3759523000776,3140.3950627486897,3035.237237207638,3078.25634765625,47700
2023-12-18 00:00:00+09:00,3083.036423695238,3097.376127991495,2992.218296485611,3020.897705078125,25500
2023-12-19 00:00:00+09:00,3016.1175312590562,3111.715551267267,2982.658224256182,3092.595947265625,21000
2023-12-20 00:00:00+09:00,3226.433477458164,3269.452590490939,3173.854561529216,3231.21337890625,46300
2023-12-21 00:00:00+09:00,3164.2949480961993,3317.2518035932962,3164.2949480961993,3293.352294921875,41900
2023-12-22 00:00:00+09:00,3326.8111816406254,3341.1508850097657,3202.5337524414062,3250.332763671875,37100
2023-12-25 00:00:00+09:00,3250.332811932231,3293.351922678393,3202.533799992051,3288.572021484375,51900
2023-12-26 00:00:00+09:00,3288.5723105244256,3326.8115234375,3274.2326056820225,3326.8115234375,26200
2023-12-27 00:00:00+09:00,3341.151028679196,3345.9309300077784,3259.8927060932924,3264.672607421875,19500
2023-12-28 00:00:00+09:00,3282.9377124340504,3407.9104511211444,3278.1310686383927,3331.004150390625,34100
2023-12-29 00:00:00+09:00,3292.5509600328655,3403.1037659901735,3268.5177413464944,3393.490478515625,41000
2024-01-04 00:00:00+09:00,3364.65070606333,3388.6839253923536,3201.224814625968,3258.904541015625,51700
2024-01-05 00:00:00+09:00,3311.7779012651586,3311.7779012651586,3220.45166015625,3220.45166015625,39100
2024-01-09 00:00:00+09:00,3181.998474031204,3263.71142578125,3157.9652529282494,3263.71142578125,28600
2024-01-10 00:00:00+09:00,3268.5178158220306,3302.1643227496106,3239.677952741248,3278.131103515625,27300
2024-01-11 00:00:00+09:00,3297.35760377014,3446.3635596256418,3278.131028821043,3393.490478515625,40300
2024-01-12 00:00:00+09:00,3441.557101929385,3513.6567618860063,3427.137169938061,3480.01025390625,61800
2024-01-15 00:00:00+09:00,3499.2367671181023,3595.3696453356324,3499.2367671181023,3571.33642578125,10600
2024-01-16 00:00:00+09:00,3600.1760672433034,3633.8225725446428,3513.656482182717,3532.883056640625,48500
2024-01-17 00:00:00+09:00,3513.6569569492085,3566.5300438526847,3494.430379893399,3547.303466796875,22400
2024-01-18 00:00:00+09:00,3604.9826897058206,3604.9826897058206,3532.883035911704,3566.529541015625,30900
2024-01-19 00:00:00+09:00,3604.983105085283,3672.276123046875,3585.756528524828,3672.276123046875,32400
2024-01-22 00:00:00+09:00,3672.275869357073,3715.535663629604,3580.9496370039524,3686.69580078125,36500
2024-01-23 00:00:00+09:00,3729.9556679949665,3729.9556679949665,3576.1430631291946,3580.94970703125,39200
2024-01-24 00:00:00+09:00,3638.6298110804605,3729.9560546875,3604.983300277867,3729.9560546875,33700
2024-01-25 00:00:00+09:00,3662.662594456504,3686.6958135802342,3604.982868559551,3667.46923828125,29400
2024-01-26 00:00:00+09:00,3710.7290391959596,3749.1821898612025,3657.85595703125,3657.85595703125,30600
2024-01-29 00:00:00+09:00,3667.4692839150116,3705.9224349914466,3595.3696256466956,3600.17626953125,23000
2024-01-30 00:00:00+09:00,3609.789525048378,3653.049319622859,3537.6898674242425,3648.24267578125,56200
2024-01-31 00:00:00+09:00,3643.4359541912468,3768.40869140625,3624.2093792350925,3768.40869140625,26800
2024-02-01 00:00:00+09:00,3768.408679013325,3787.63525390625,3672.2758045486994,3787.63525390625,35700
2024-02-02 00:00:00+09:00,3797.2487194703353,3912.6081742390547,3749.1822799833694,3883.768310546875,42700
2024-02-05 00:00:00+09:00,3893.3816152076197,3912.608191085188,3701.115856431935,3859.735107421875,57700
2024-02-06 00:00:00+09:00,3830.8951915326425,3989.514440366491,3792.4420403001945,3936.641357421875,42600
2024-02-07 00:00:00+09:00,3936.641363996041,3989.514447028955,3864.541705314795,3927.028076171875,32400
2024-02-08 00:00:00+09:00,3922.2214654972117,3936.6413973556573,3845.315162252168,3878.961669921875,41500
2024-02-09 00:00:00+09:00,3850.121641349305,3893.3814350723305,3720.342260180227,3758.79541015625,45800
2024-02-13 00:00:00+09:00,3758.7954907839335,3758.7954907839335,3470.3968597774933,3638.62939453125,143600
2024-02-14 00:00:00+09:00,3590.562978515625,3609.7895540364584,3504.043388671875,3604.98291015625,73800
2024-02-15 00:00:00+09:00,4277.91354725484,4277.91354725484,3941.448436796594,4003.934814453125,387300
2024-02-16 00:00:00+09:00,3999.1278682605903,4008.7411564054473,3580.949833959303,3744.375732421875,274100
2024-02-19 00:00:00+09:00,3806.861572265625,4229.84619140625,3787.6349986683235,4229.84619140625,154600
2024-02-20 00:00:00+09:00,4104.873030995935,4152.939459930313,3989.5136015534263,4138.51953125,71300
2024-02-21 00:00:00+09:00,4152.940315913228,4157.746959797387,3951.0612727785574,3960.674560546875,51500
2024-02-22 00:00:00+09:00,3893.3816152076197,3951.0613428403253,3797.2487358197773,3859.735107421875,80600
2024-02-26 00:00:00+09:00,3691.5027317880795,3734.762529426221,3600.1764923297806,3629.016357421875,228200
2024-02-27 00:00:00+09:00,3561.723181319563,3624.209552921661,3508.85009765625,3508.85009765625,87000
2024-02-28 00:00:00+09:00,3508.8498902387278,3556.9163270913127,3436.7502349598494,3451.170166015625,60200
2024-02-29 00:00:00+09:00,3388.6841991527663,3590.563257825697,3331.0044681033573,3556.916748046875,116500
2024-03-01 00:00:00+09:00,3542.496639675564,3840.508568657769,3528.076707628038,3806.862060546875,111400
2024-03-04 00:00:00+09:00,3739.5690225228136,3739.5690225228136,3480.010247180613,3489.62353515625,100700
2024-03-05 00:00:00+09:00,3436.7504446847097,3585.7564080206903,3431.94380070613,3499.23681640625,125800
2024-03-06 00:00:00+09:00,3494.430372743349,3571.3366808092273,3465.5905072186447,3556.916748046875,36800
2024-03-07 00:00:00+09:00,3571.3362486861784,3585.7561797037533,3465.590087890625,3465.590087890625,46200
2024-03-08 00:00:00+09:00,3427.137196801894,3518.463433462814,3417.5239087323234,3441.55712890625,65900
2024-03-11 00:00:00+09:00,3441.5571460750702,3441.5571460750702,3355.037553017317,3417.52392578125,117000
2024-03-12 00:00:00+09:00,3412.7170348435307,3489.623334220286,3388.683816288294,3422.330322265625,40600
2024-03-13 00:00:00+09:00,3441.5569158883677,3494.4299969983845,3364.6506160919794,3393.490478515625,62200
2024-03-14 00:00:00+09:00,3374.2642098360284,3412.717363224473,3273.324682191361,3306.97119140625,94500
2024-03-15 00:00:00+09:00,3306.9711598816357,3398.2973983085994,3210.838277326937,3350.23095703125,80100
2024-03-18 00:00:00+09:00,3316.584178719237,3393.490478515625,3230.0645914483002,3393.490478515625,78200
2024-03-19 00:00:00+09:00,3335.810711669922,3494.42995300293,3278.130987548828,3460.783447265625,85800
2024-03-21 00:00:00+09:00,3393.490668553064,3475.203616662699,3364.6508045143696,3470.39697265625,95800
2024-03-22 00:00:00+09:00,3475.203682738042,3475.203682738042,3350.230936194212,3379.07080078125,51500
2024-03-25 00:00:00+09:00,3513.656579059103,3758.79541015625,3513.656579059103,3758.79541015625,297400
2024-03-26 00:00:00+09:00,3778.0222941293764,3941.4481948932425,3662.6628347666474,3672.276123046875,214800
2024-03-27 00:00:00+09:00,3648.24276583312,3648.24276583312,3508.850090985741,3518.46337890625,106200
2024-03-28 00:00:00+09:00,3513.656741625642,3585.756401166524,3494.4301657480737,3508.85009765625,56700
2024-03-29 00:00:00+09:00,3571.336489851303,3571.336489851303,3460.7836779178174,3480.01025390625,28400
2024-04-01 00:00:00+09:00,3431.943907202744,3436.7505513304786,3350.23095703125,3350.23095703125,64300
2024-04-02 00:00:00+09:00,3388.684127895818,3398.2974162019054,3292.551244834944,3326.19775390625,61800
2024-04-03 00:00:00+09:00,3268.517613211078,3316.5840486994757,3201.22460352732,3210.837890625,71800
2024-04-04 00:00:00+09:00,3210.8383607680166,3302.1646015683045,3162.771918241549,3234.87158203125,74800
2024-04-05 00:00:00+09:00,3230.064697265625,3287.744424002511,3191.6115461077006,3230.064697265625,47300
2024-04-08 00:00:00+09:00,3278.131100298545,3306.9709633510247,3215.644730351505,3282.937744140625,43800
2024-04-09 00:00:00+09:00,3287.744646884205,3297.3579353253867,3244.4848488988864,3263.71142578125,29500
2024-04-10 00:00:00+09:00,3282.937753834444,3316.5842608283547,3268.517822265625,3268.517822265625,32300
2024-04-11 00:00:00+09:00,3335.810753668334,3455.9768471001903,3282.937672558317,3393.490478515625,53200
2024-04-12 00:00:00+09:00,3460.7836063170244,3604.9829232469,3431.943742931049,3585.75634765625,74300
2024-04-15 00:00:00+09:00,3518.463171386719,3556.9163208007812,3412.717010498047,3460.783447265625,61700
2024-04-16 00:00:00+09:00,3431.944145507812,3455.97736781529,3359.8444785853794,3364.651123046875,45000
2024-04-17 00:00:00+09:00,3407.9109232003348,3422.3308565848215,3364.651123046875,3364.651123046875,19700
2024-04-18 00:00:00+09:00,3350.230908958553,3441.5571460750702,3316.5844005472045,3417.52392578125,23600
2024-04-19 00:00:00+09:00,3403.1038269309497,3431.9436898710424,3278.131087523881,3302.164306640625,42200
2024-04-22 00:00:00+09:00,3369.4574485208186,3480.010260669148,3369.4574485208186,3470.39697265625,40400
2024-04-23 00:00:00+09:00,3475.2033782958983,3489.6233093261717,3412.717010498047,3460.783447265625,26800
2024-04-24 00:00:00+09:00,3494.4301724276697,3518.46339232057,3441.5570886632895,3499.23681640625,43500
2024-04-25 00:00:00+09:00,3499.236829894682,3552.109913862871,3480.01025390625,3480.01025390625,61300
2024-04-26 00:00:00+09:00,3455.9770372741614,3475.20361328125,3388.6840212493516,3475.20361328125,63800
2024-04-30 00:00:00+09:00,3508.8501144935344,3537.6899784482757,3403.103946659483,3484.81689453125,44300
2024-05-01 00:00:00+09:00,3436.750313895089,3441.556957690747,3316.584219003653,3331.004150390625,42700
2024-05-02 00:00:00+09:00,3359.844003611597,3470.396810597387,3326.1974971376617,3345.424072265625,62200
2024-05-07 00:00:00+09:00,3364.650597733058,3480.0100467981915,3350.2306665999167,3422.330322265625,58500
2024-05-08 00:00:00+09:00,3407.9105742990155,3508.85009765625,3374.2640665132703,3508.85009765625,67000
2024-05-09 00:00:00+09:00,3494.430356091904,3494.430356091904,3225.258279143972,3254.09814453125,155300
2024-05-10 00:00:00+09:00,3263.7114809335,3436.7506757988986,3143.5453733880836,3191.61181640625,291800
2024-05-13 00:00:00+09:00,3124.3185411119675,3422.330463494955,3114.705253293161,3215.644775390625,133300
2024-05-14 00:00:00+09:00,3225.258096651532,3278.1311802031964,3109.8986416297184,3167.578369140625,85300
2024-05-15 00:00:00+09:00,3167.578434371948,3167.578434371948,3028.1857566833496,3076.252197265625,120800
2024-05-16 00:00:00+09:00,3076.2519470404986,3085.865234375,2946.4725680247275,3085.865234375,66000
2024-05-17 00:00:00+09:00,3124.318617120985,3206.0315655687646,3061.8322447785654,3105.092041015625,75700
2024-05-20 00:00:00+09:00,3052.218963433497,3109.8986918763344,3018.5724551751746,3095.478759765625,63300
2024-05-21 00:00:00+09:00,2970.5058817512277,2970.5058817512277,2908.0195120703765,2936.859375,113200
2024-05-22 00:00:00+09:00,2922.439437194127,2965.6992314946983,2845.5331362153343,2946.47265625,144800
2024-05-23 00:00:00+09:00,2932.053011419769,2932.053011419769,2849.3787297862937,2888.793212890625,64400
2024-05-24 00:00:00+09:00,2883.986568609609,2917.633078576721,2858.0306894921223,2888.793212890625,40800
2024-05-27 00:00:00+09:00,2888.792985135277,2903.212916841443,2841.6878748951344,2864.759765625,45000
2024-05-28 00:00:00+09:00,2898.4064442837066,2994.539328007876,2876.2958810271475,2965.699462890625,70100
2024-05-29 00:00:00+09:00,2941.666299981801,3052.2191184451694,2888.793212890625,2888.793212890625,61500
2024-05-30 00:00:00+09:00,2883.986525588088,2908.019746634656,2834.9587546530906,2881.1025390625,55300
2024-05-31 00:00:00+09:00,2893.5998354162375,2917.633056640625,2848.4173795143893,2917.633056640625,31800
2024-06-03 00:00:00+09:00,2932.0527375821016,2965.6992444068146,2888.7929430931854,2927.24609375,54000
2024-06-04 00:00:00+09:00,2912.826340062573,2912.826340062573,2861.8759123321056,2883.025146484375,31100
2024-06-05 00:00:00+09:00,2898.4065236836923,2917.633100955226,2858.0307114134716,2859.953369140625,30500
2024-06-06 00:00:00+09:00,2880.140991912728,2880.140991912728,2817.654621927973,2842.649169921875,33200
2024-06-07 00:00:00+09:00,2835.9200596963205,3018.5725381174398,2835.9200596963205,2980.119384765625,123900
2024-06-10 00:00:00+09:00,2946.4728755827873,2999.3459614415324,2912.8263663999496,2980.119384765625,17400
2024-06-11 00:00:00+09:00,2980.1193637055712,3023.379160920652,2980.1193637055712,3008.959228515625,23800
2024-06-12 00:00:00+09:00,3037.799014710131,3153.158470964946,3037.799014710131,3119.511962890625,50800
2024-06-13 00:00:00+09:00,3153.1585021972655,3186.805010604858,3076.252197265625,3076.252197265625,31100
2024-06-14 00:00:00+09:00,3138.738682982136,3254.09814453125,3138.738682982136,3254.09814453125,77200
2024-06-17 00:00:00+09:00,3239.677965552406,3297.357691942063,3220.451390089187,3258.904541015625,58600
2024-06-18 00:00:00+09:00,3258.904560634068,3321.3909312656947,3206.0314777919225,3230.064697265625,46200
2024-06-19 00:00:00+09:00,3220.45168221715,3282.9380581407663,3167.578594897167,3191.61181640625,48000
2024-06-20 00:00:00+09:00,3157.9653062935336,3230.064970820783,3124.318796180817,3191.61181640625,41300
2024-06-21 00:00:00+09:00,3215.644832681293,3263.711272631686,3133.931884765625,3133.931884765625,43800
2024-06-24 00:00:00+09:00,3133.931922472211,3143.5452105779545,3081.058837890625,3081.058837890625,31900
2024-06-25 00:00:00+09:00,3081.0588008201926,3153.158460745782,3066.638868835075,3133.931884765625,28700
2024-06-26 00:00:00+09:00,3133.931643625192,3167.578149001536,3085.865207373272,3129.125,39200
2024-06-27 00:00:00+09:00,3199.3549650955774,3340.7898644671805,3179.8467031132873,3253.002685546875,47800
2024-06-28 00:00:00+09:00,3248.125521725171,3277.3879138127854,3204.23193359375,3204.23193359375,46600
2024-07-01 00:00:00+09:00,3257.8797223444835,3272.510918702318,3101.813627860916,3116.44482421875,29900
2024-07-02 00:00:00+09:00,3101.8138521634614,3165.2157076322114,2975.0101412259614,2979.88720703125,65600
2024-07-03 00:00:00+09:00,2975.0101599141008,2999.395489093725,2931.116567390778,2989.641357421875,29900
2024-07-04 00:00:00+09:00,3053.043156965837,3150.584471884874,3048.1660912198854,3087.1826171875,52600
2024-07-05 00:00:00+09:00,3184.723730395103,3292.019170010252,3184.723730395103,3233.494384765625,52600
2024-07-08 00:00:00+09:00,3287.1422239791514,3374.9294050349745,3262.7568959080895,3355.421142578125,55100
2024-07-09 00:00:00+09:00,3379.8062174479164,3384.6832826967593,3287.1419777199076,3292.01904296875,34800
2024-07-10 00:00:00+09:00,3296.8962154878973,3355.421000378215,3209.109038152421,3223.740234375,21700
2024-07-11 00:00:00+09:00,3223.740161792652,3311.5273371516046,3204.2319006017733,3248.12548828125,29200
2024-07-12 00:00:00+09:00,3218.863284152117,3335.9128581212854,3213.9862185700686,3282.26513671875,38600
2024-07-16 00:00:00+09:00,3296.896175204528,3301.773240552464,3150.584214766457,3204.23193359375,35200
2024-07-17 00:00:00+09:00,3213.986024538189,3218.863089825804,3140.8300452239664,3184.7236328125,29600
2024-07-18 00:00:00+09:00,3170.0924761582,3223.7401949854925,3121.321822678843,3204.23193359375,37400
2024-07-19 00:00:00+09:00,3209.1089726623345,3209.1089726623345,3121.3217971183803,3131.075927734375,22700
2024-07-22 00:00:00+09:00,3131.07598650897,3184.7237059039835,3106.6906595112364,3160.33837890625,23900
2024-07-23 00:00:00+09:00,3204.232162959294,3384.68359375,3199.355097262248,3384.68359375,44600
2024-07-24 00:00:00+09:00,3384.6834381913714,3384.6834381913714,3267.633866841814,3306.650390625,34100
2024-07-25 00:00:00+09:00,3238.371435691766,3326.1586131653376,3238.371435691766,3287.14208984375,33400
2024-07-26 00:00:00+09:00,3306.6505589727144,3370.0524133482977,3253.002836039529,3267.634033203125,28300
2024-07-29 00:00:00+09:00,3272.510992633048,3413.9458939539995,3238.371533693508,3399.314697265625,32800
2024-07-30 00:00:00+09:00,3335.9128224660926,3365.1752156456196,3296.896298226723,3326.15869140625,47300
2024-07-31 00:00:00+09:00,3257.8797400732637,3370.05224609375,3238.3714781566573,3370.05224609375,21700
2024-08-01 00:00:00+09:00,3370.052241772677,3404.1917000829644,3306.650390625,3306.650390625,29800
2024-08-02 00:00:00+09:00,3204.2322146438237,3262.7570039523866,3087.1826360266978,3096.936767578125,87600
2024-08-05 00:00:00+09:00,3048.165817498418,3409.068650290231,2975.009837878456,3131.075927734375,121300
2024-08-06 00:00:00+09:00,3335.912768448385,3394.4375538597606,3243.2485248803746,3360.298095703125,79900
2024-08-07 00:00:00+09:00,3233.494389460637,3365.1751564522465,3179.8466695751663,3296.896240234375,40100
2024-08-08 00:00:00+09:00,3404.1918565381843,3448.0854478115994,3306.6505425972623,3384.68359375,89900
2024-08-09 00:00:00+09:00,3491.978860949382,4062.5955183950214,3491.978860949382,3848.004638671875,486900
2024-08-13 00:00:00+09:00,3877.267102193276,4067.472658149927,3540.7495801161235,3760.217529296875,163800
2024-08-14 00:00:00+09:00,3716.3239125063087,3735.832174514216,3584.6431439529356,3623.65966796875,102800
2024-08-15 00:00:00+09:00,3677.307580692252,3872.390210967703,3672.430514935366,3784.60302734375,94000
2024-08-16 00:00:00+09:00,3784.6029762583635,4028.456260811093,3774.8488448762546,4008.947998046875,98300
2024-08-19 00:00:00+09:00,4008.947978991997,4082.1039640100994,3955.300256645389,3999.19384765625,88700
2024-08-20 00:00:00+09:00,3999.193742159829,4145.505708336408,3950.423086767636,4130.87451171875,92700
2024-08-21 00:00:00+09:00,4111.3664356176405,4204.030685056235,3974.8085943397114,4038.21044921875,88000
2024-08-22 00:00:00+09:00,4018.7020417156286,4160.136943669213,3974.8084514541715,4150.3828125,77400
2024-08-23 00:00:00+09:00,4150.382961697049,4179.645356256605,3911.406739460673,4038.21044921875,90600
2024-08-26 00:00:00+09:00,4033.3329947023235,4125.99723520939,3974.808211224176,4086.980712890625,49800
2024-08-27 00:00:00+09:00,3989.4397367374627,4116.243444751123,3935.792014116299,4072.349853515625,41900
2024-08-28 00:00:00+09:00,4018.702035984849,4043.0873638731064,3955.300183475379,4023.5791015625,60700
2024-08-29 00:00:00+09:00,4116.243049806843,4452.760550324228,4116.243049806843,4418.62109375,158200
2024-08-30 00:00:00+09:00,4282.06351911662,4408.867222416201,4243.0469950244415,4364.9736328125,72200
2024-09-02 00:00:00+09:00,4364.97378957648,4638.089468030428,4364.97378957648,4633.21240234375,66200
2024-09-03 00:00:00+09:00,4681.982692307692,4818.540520833333,4681.982692307692,4755.138671875,74100
2024-09-04 00:00:00+09:00,4686.860014222964,4760.015997795643,4618.581096221797,4701.4912109375,61300
2024-09-05 00:00:00+09:00,4711.244933328511,4862.4339529280805,4711.244933328511,4740.50732421875,65600
2024-09-06 00:00:00+09:00,4838.048822139939,4945.34425972772,4764.892841966452,4774.64697265625,76600
2024-09-09 00:00:00+09:00,4730.753572475596,4842.926079864193,4662.474654934711,4808.78662109375,46900
2024-09-10 00:00:00+09:00,4906.327896317525,4935.590289337311,4794.155389741677,4852.68017578125,34700
2024-09-11 00:00:00+09:00,4862.434165421925,4877.065361506445,4408.867086801826,4540.5478515625,130000
2024-09-12 00:00:00+09:00,4579.564453125,4720.999351038338,4540.5479295627,4579.564453125,49000
2024-09-13 00:00:00+09:00,4564.933303502322,4735.63059583414,4564.933303502322,4725.87646484375,55100
2024-09-17 00:00:00+09:00,4769.770165248691,4774.64723085733,4589.318737729058,4657.59765625,38400
2024-09-18 00:00:00+09:00,4589.318554992358,4686.85986328125,4511.285508361245,4686.85986328125,33100
2024-09-19 00:00:00+09:00,4618.580903134103,4667.351556810282,4511.285465046511,4603.94970703125,50400
2024-09-20 00:00:00+09:00,4594.195700340504,4818.540713308299,4550.302110846805,4789.2783203125,59300
2024-09-24 00:00:00+09:00,4584.441778686253,4584.441778686253,4296.694901087861,4399.11328125,111800
2024-09-25 00:00:00+09:00,4330.833984375,4394.235833245354,4174.7678948479725,4330.833984375,73300
2024-09-26 00:00:00+09:00,4262.555157775217,4501.531362272912,4247.92396158148,4496.654296875,51100
2024-09-27 00:00:00+09:00,4496.654177755838,4525.9165693681325,4408.867002918956,4438.12939453125,28300
2024-09-30 00:00:00+09:00,4369.850961538461,4574.687725360577,4325.957369290865,4501.53173828125,36700
2024-10-01 00:00:00+09:00,4530.793466361465,4686.859549164013,4530.793466361465,4594.1953125,22900
2024-10-02 00:00:00+09:00,4594.195218535224,4594.195218535224,4257.677734375,4257.677734375,53600
2024-10-03 00:00:00+09:00,4384.48185128666,4389.358916749715,4257.678149247224,4282.0634765625,35500
2024-10-04 00:00:00+09:00,4282.063131165394,4360.096172280026,4208.907155120428,4233.29248046875,33400
2024-10-07 00:00:00+09:00,4316.202900401635,4403.990078036923,4316.202900401635,4325.95703125,37000
2024-10-08 00:00:00+09:00,4311.32598534059,4403.990231631847,4272.309460586376,4340.58837890625,33800
2024-10-09 00:00:00+09:00,4384.481637175772,4477.145876448675,4384.481637175772,4418.62109375,51400
2024-10-10 00:00:00+09:00,4477.146215545998,4477.146215545998,4282.06359177493,4340.58837890625,57800
2024-10-11 00:00:00+09:00,4272.309193904758,4321.079846803214,4062.595386441397,4086.980712890625,71900
2024-10-15 00:00:00+09:00,4116.243331106085,4135.751593338816,4018.702019942434,4077.226806640625,71500
2024-10-16 00:00:00+09:00,4008.9479212655483,4067.4727084373085,3955.3001996914354,3969.931396484375,51200
2024-10-17 00:00:00+09:00,4018.7020167261544,4077.226803377506,3974.8084267376403,4013.824951171875,40700
2024-10-18 00:00:00+09:00,3979.6855249297755,3979.6855249297755,3906.529541015625,3906.529541015625,32300
2024-10-21 00:00:00+09:00,3906.529452264382,4033.3331548347614,3906.529452264382,3984.5625,13600
2024-10-22 00:00:00+09:00,3994.3168573794155,4057.718712258454,3969.9315285797857,4038.21044921875,29900
2024-10-23 00:00:00+09:00,4067.4728627400223,4125.997652131965,4018.7022049134034,4047.964599609375,27000
2024-10-24 00:00:00+09:00,3979.6854619565215,4008.947855059143,3667.5532688618923,3813.865234375,97000
2024-10-25 00:00:00+09:00,3818.742487641954,3843.1278164263854,3760.2176985593187,3784.60302734375,26100
2024-10-28 00:00:00+09:00,3765.0945792039643,3882.14415161445,3755.340448169757,3813.865234375,20700
2024-10-29 00:00:00+09:00,3789.480093100636,3828.4966191557264,3765.094764316205,3784.60302734375,35700
2024-10-30 00:00:00+09:00,3784.6028534177112,3784.6028534177112,3696.815673828125,3696.815673828125,75600
2024-10-31 00:00:00+09:00,3696.8156504984017,3726.0780435102624,3623.65966796875,3623.65966796875,30500
2024-11-01 00:00:00+09:00,3565.1349166329614,3604.151441028397,3516.3642611386663,3579.76611328125,55400
2024-11-05 00:00:00+09:00,3570.0119474470052,3623.65966796875,3487.1018339134002,3623.65966796875,24500
2024-11-06 00:00:00+09:00,3623.6596836444455,3750.463387244386,3555.380766321401,3570.011962890625,46400
2024-11-07 00:00:00+09:00,3570.0118368825606,3687.0614053049394,3570.0118368825606,3628.53662109375,24000
2024-11-08 00:00:00+09:00,3633.413873274475,3652.9221356813177,3589.5202828590786,3599.2744140625,27900
2024-11-11 00:00:00+09:00,3599.274359663381,3667.553277055369,3579.766097551384,3633.413818359375,49200
2024-11-12 00:00:00+09:00,3633.4138925913217,3726.0781395164695,3609.028564453125,3609.028564453125,46500
2024-11-13 00:00:00+09:00,3643.1680389915764,3682.1845641748864,3467.593675666681,3491.97900390625,72300
2024-11-14 00:00:00+09:00,3487.101821899414,3487.101821899414,3404.191708651456,3433.4541015625,88000
2024-11-15 00:00:00+09:00,3365.175223837093,3852.881778016382,3340.789896128129,3823.619384765625,340700
2024-11-18 00:00:00+09:00,3755.3404658258296,3755.3404658258296,3452.96240234375,3452.96240234375,135100
2024-11-19 00:00:00+09:00,3511.487180159396,3652.9220804713714,3506.6101146313968,3633.413818359375,100500
2024-11-20 00:00:00+09:00,3618.78241099482,3662.675998190175,3545.626432335895,3589.52001953125,79700
2024-11-21 00:00:00+09:00,3589.5202828590786,3711.446922901846,3535.872561240261,3599.2744140625,45500
2024-11-22 00:00:00+09:00,3638.2907822366824,3774.8486132053513,3535.8724090101805,3765.094482421875,57800
2024-11-25 00:00:00+09:00,3833.3734423271153,3965.054209429955,3818.742245982355,3848.004638671875,95100
2024-11-26 00:00:00+09:00,3916.2838052205993,4038.21044921875,3887.021410661043,4038.21044921875,117700
2024-11-27 00:00:00+09:00,4106.4889740500075,4145.505496368773,4043.0871252820143,4086.980712890625,97300
2024-11-28 00:00:00+09:00,4047.964580738602,4091.8581725779363,3945.5461997801553,4038.21044921875,72100
2024-11-29 00:00:00+09:00,4096.735014457296,4238.16991376594,4082.103817977091,4111.3662109375,80700
2024-12-02 00:00:00+09:00,3994.3166068593164,4028.456065037601,3823.619315967893,3911.406494140625,49900
2024-12-03 00:00:00+09:00,3911.4066066099017,3950.4231313641153,3872.390081855688,3906.529541015625,33900
2024-12-04 00:00:00+09:00,3974.808380396339,3989.4395768885956,3867.512939453125,3867.512939453125,69700
2024-12-05 00:00:00+09:00,3867.513037588082,3979.685546875,3867.513037588082,3979.685546875,37100
2024-12-06 00:00:00+09:00,4008.9479018338207,4028.456164129849,3921.1607215016934,3960.17724609375,47500
2024-12-09 00:00:00+09:00,3930.9150390625,4023.5792893629805,3891.8985126201924,3930.9150390625,36100
2024-12-10 00:00:00+09:00,3911.4067193603514,3979.6856396484372,3887.021390686035,3901.652587890625,31600
2024-12-11 00:00:00+09:00,3930.914798797123,4067.472632998512,3930.914798797123,3994.316650390625,39900
2024-12-12 00:00:00+09:00,3940.6689453125,3994.3166661026453,3921.1606832069924,3940.6689453125,22000
2024-12-13 00:00:00+09:00,3950.422958297346,3955.30002367796,3872.389912207522,3882.14404296875,33900
2024-12-16 00:00:00+09:00,3901.652568922306,3935.792028900376,3882.144306077694,3891.8984375,19400
2024-12-17 00:00:00+09:00,3906.529344077605,3921.1605401228394,3779.725645018906,3808.988037109375,60600
2024-12-18 00:00:00+09:00,3760.2174945537863,3838.250542430389,3667.5532502003207,3804.111083984375,51300
2024-12-19 00:00:00+09:00,3735.83213779516,3945.5459523189097,3691.9385487087943,3911.406494140625,33100
2024-12-20 00:00:00+09:00,3857.75893393005,3896.775459178394,3682.1845703125,3682.1845703125,48100
2024-12-23 00:00:00+09:00,3682.1842865112144,3721.2008087523927,3535.872328106795,3662.676025390625,55800
2024-12-24 00:00:00+09:00,3594.3971377609523,3648.0448562349966,3555.380615234375,3555.380615234375,49700
2024-12-25 00:00:00+09:00,3550.5035834418404,3584.643040974935,3482.224668375651,3511.487060546875,31900
2024-12-26 00:00:00+09:00,3491.9790607145947,3584.64330953244,3418.8230748057695,3521.241455078125,51200
2024-12-27 00:00:00+09:00,3522.2266409250615,3566.5623608807614,3472.964729863172,3527.15283203125,32000
2024-12-30 00:00:00+09:00,3532.078886280889,3674.9384228250256,3527.152695365574,3625.676513671875,31000
2025-01-06 00:00:00+09:00,3576.4144869072493,3576.4144869072493,3389.21923828125,3389.21923828125,69900
2025-01-07 00:00:00+09:00,3389.21941246345,3428.6289405153507,3320.252738372624,3369.5146484375,44300
2025-01-08 00:00:00+09:00,3369.514498860917,3369.514498860917,3310.4002094072166,3344.883544921875,42600
2025-01-09 00:00:00+09:00,3310.4000748502995,3339.957218375748,3280.8429313248503,3290.6953125,23000
2025-01-10 00:00:00+09:00,3270.990636143956,3315.326352597715,3261.138254709788,3280.843017578125,21300
2025-01-14 00:00:00+09:00,3261.138444853992,3295.62178188417,3202.024152802258,3231.581298828125,30300
2025-01-15 00:00:00+09:00,3216.802536371186,3216.802536371186,3098.573959230438,3128.131103515625,42700
2025-01-16 00:00:00+09:00,3147.8359619140624,3157.6883436414932,3098.57405327691,3103.500244140625,34900
2025-01-17 00:00:00+09:00,3103.5002043968025,3187.24544800751,3093.6478227955427,3177.39306640625,23800
2025-01-20 00:00:00+09:00,3157.688303203731,3206.950211210029,3123.2049675993217,3177.39306640625,23800
2025-01-21 00:00:00+09:00,3197.0979533680293,3246.35986328125,3187.245571385385,3246.35986328125,22900
2025-01-22 00:00:00+09:00,3251.2860979352677,3339.957536969866,3251.2860979352677,3310.400390625,30300
2025-01-23 00:00:00+09:00,3413.8504028320312,3433.555167061942,3305.474199567522,3310.400390625,35900
2025-01-24 00:00:00+09:00,3379.3668337237714,3492.6692202771924,3379.3668337237714,3433.554931640625,51900
2025-01-27 00:00:00+09:00,3458.1859726281477,3507.447881070144,3389.2193008093527,3423.70263671875,30900
2025-01-28 00:00:00+09:00,3423.702740842772,3487.743223765011,3384.293212890625,3384.293212890625,21100
2025-01-29 00:00:00+09:00,3379.3668337237714,3463.1120759589085,3349.809689405488,3433.554931640625,23800
2025-01-30 00:00:00+09:00,3413.850215951192,3458.1859330414673,3305.474018619408,3344.883544921875,62300
2025-01-31 00:00:00+09:00,3295.621652770361,3359.662133317468,3270.9906987137815,3315.326416015625,16500
2025-02-03 00:00:00+09:00,3270.9908012218048,3320.2527108787594,3256.212228324718,3275.9169921875,13500
2025-02-04 00:00:00+09:00,3275.917061889831,3344.8837368769855,3275.917061889831,3295.621826171875,25200
2025-02-05 00:00:00+09:00,3266.064771354543,3433.555272449648,3266.064771354543,3408.92431640625,26200
2025-02-06 00:00:00+09:00,3443.407248853601,3472.9643926205845,3399.071533203125,3399.071533203125,35000
2025-02-07 00:00:00+09:00,3344.883710563007,3428.628958102876,3335.0313284994927,3339.95751953125,20100
2025-02-10 00:00:00+09:00,3339.9574576774403,3359.6622214395493,3295.6217392126955,3305.47412109375,21000
2025-02-12 00:00:00+09:00,3310.4002252043088,3413.8502322419436,3310.4002252043088,3315.326416015625,23100
2025-02-13 00:00:00+09:00,3315.326456829407,3374.4407472929333,3187.2454941584347,3241.43359375,49000
2025-02-14 00:00:00+09:00,3142.909940951279,3335.0313950219684,2960.640869140625,2960.640869140625,143300
2025-02-17 00:00:00+09:00,2975.419361888112,3044.3860358391607,2803.0026770104896,2817.78125,73100
2025-02-18 00:00:00+09:00,2867.043069634556,2985.2716498256714,2856.2054497837034,2980.345458984375,38200
2025-02-19 00:00:00+09:00,3049.31211325387,3197.0978376442026,3014.8287775627923,3162.614501953125,74600
2025-02-20 00:00:00+09:00,3438.4812256213713,3522.2264703714623,3330.1050265330186,3394.1455078125,181300
2025-02-21 00:00:00+09:00,3325.178617589614,3522.2262393727024,3182.319091796875,3182.319091796875,113400
2025-02-25 00:00:00+09:00,3167.5407506478964,3192.1717051630435,3039.4597871691326,3059.16455078125,87000
2025-02-26 00:00:00+09:00,3128.1313565411147,3236.507561019704,3088.721827639809,3113.352783203125,47200
2025-02-27 00:00:00+09:00,3128.131223790786,3354.7360053567327,3128.131223790786,3349.809814453125,53400
2025-02-28 00:00:00+09:00,3290.6954145951704,3359.6620849609376,3206.9501720081676,3251.285888671875,19700
2025-03-03 00:00:00+09:00,3251.2861969997066,3285.7695354527336,3128.1314168103236,3147.836181640625,37200
2025-03-04 00:00:00+09:00,3152.7622019374066,3310.4003120342772,3133.057438175298,3305.47412109375,23500
2025-03-05 00:00:00+09:00,3305.47420869491,3305.47420869491,3073.943228354134,3157.6884765625,79600
2025-03-06 00:00:00+09:00,3226.6550498522893,3354.73601366322,3221.7288589364844,3335.03125,47200
2025-03-07 00:00:00+09:00,3349.809735365317,3497.595458984375,3320.2525906415053,3497.595458984375,51200
2025-03-10 00:00:00+09:00,3497.5953502893117,3581.340591070887,3433.554872044578,3551.783447265625,54300
2025-03-11 00:00:00+09:00,3620.750180757963,3743.9049488109545,3556.709701370407,3586.266845703125,38400
2025-03-12 00:00:00+09:00,3517.300455517515,3837.502877938577,3487.7433088324938,3788.240966796875,68000
2025-03-13 00:00:00+09:00,3788.2406253943054,3788.2406253943054,3645.381095958109,3660.15966796875,36900
2025-03-14 00:00:00+09:00,3655.233587879952,3704.4954960724044,3605.9716796875,3605.9716796875,11400
2025-03-17 00:00:00+09:00,3591.1932277838832,3620.7503736915696,3517.3003630146677,3537.005126953125,13800
2025-03-18 00:00:00+09:00,3605.9718007377264,3615.824182706955,3537.005126953125,3537.005126953125,8600
2025-03-19 00:00:00+09:00,3502.5218333858797,3635.528991615723,3502.5218333858797,3601.045654296875,10600
2025-03-21 00:00:00+09:00,3601.045504987733,3625.676459194215,3561.635978257361,3576.41455078125,9700
2025-03-24 00:00:00+09:00,3586.2670028895545,3650.307485084011,3586.2670028895545,3596.119384765625,12100
2025-03-25 00:00:00+09:00,3596.1193358069436,3684.790771484375,3512.374091000481,3684.790771484375,21100
2025-03-26 00:00:00+09:00,3650.307626119474,3694.6433462747714,3605.9719059641766,3635.529052734375,13400
2025-03-27 00:00:00+09:00,3660.15966796875,3738.9787186921685,3605.9715705964,3660.15966796875,15800
2025-03-28 00:00:00+09:00,3615.8242101371693,3660.159929335037,3596.1194460492284,3630.602783203125,17900
2025-03-31 00:00:00+09:00,3601.0456055944337,3862.1337274774774,3591.193223636583,3827.650390625,74400
2025-04-01 00:00:00+09:00,3827.6500895076188,3857.2072330559404,3768.535802410976,3778.38818359375,21500
2025-04-02 00:00:00+09:00,3778.388379217257,3940.952677149681,3699.5693256742634,3867.059814453125,34400
2025-04-03 00:00:00+09:00,3729.126387289549,3945.8787796815436,3729.126387289549,3876.912109375,47000
2025-04-04 00:00:00+09:00,3807.9454775913564,4000.0669182460306,3807.9454775913564,3955.731201171875,83800
2025-04-07 00:00:00+09:00,3817.797971868327,3906.469408634301,3655.233671130708,3748.831298828125,79500
2025-04-08 00:00:00+09:00,3886.7645224294356,4123.2216796875,3867.0597593245966,4123.2216796875,30900
2025-04-09 00:00:00+09:00,4054.254901814011,4202.040621199698,4029.6239485830633,4177.40966796875,35000
2025-04-10 00:00:00+09:00,4236.524036754262,4335.0478515625,4167.557366388494,4335.0478515625,40000
2025-04-11 00:00:00+09:00,4384.310178503526,4522.243532433974,4369.531604868121,4453.27685546875,47000
2025-04-14 00:00:00+09:00,4507.464842241407,4827.667262728502,4433.571975975155,4783.33154296875,47700
2025-04-15 00:00:00+09:00,4714.36454082902,4817.81454642715,4532.095483346603,4640.4716796875,34500
2025-04-16 00:00:00+09:00,4630.619392842849,4729.143209711846,4561.652721034551,4615.8408203125,17100
2025-04-17 00:00:00+09:00,4625.6935102304515,4625.6935102304515,4384.310142816935,4512.39111328125,36100
2025-04-18 00:00:00+09:00,4532.095975404775,4546.8745492376165,4404.015002186814,4487.76025390625,27600
2025-04-21 00:00:00+09:00,4487.759633561366,4753.77392578125,4487.759633561366,4753.77392578125,30200
2025-04-22 00:00:00+09:00,4812.888536009961,4812.888536009961,4610.914707989073,4620.76708984375,16800
2025-04-23 00:00:00+09:00,4561.652869281572,4857.224329494201,4497.6123862355025,4778.4052734375,44400
2025-04-24 00:00:00+09:00,4660.176425546961,4660.176425546961,4438.4978429363755,4517.31689453125,45400
2025-04-25 00:00:00+09:00,4532.095859883406,4596.136344860019,4433.572036842462,4541.9482421875,35700
2025-04-28 00:00:00+09:00,4522.243355503166,4581.357647731966,4433.571917159967,4472.9814453125,18200
2025-04-30 00:00:00+09:00,4443.424419146557,4581.357771403877,4433.572036842462,4541.9482421875,24500
2025-05-01 00:00:00+09:00,4512.391173059995,4586.284041614471,4512.391173059995,4546.87451171875,7900
2025-05-02 00:00:00+09:00,4724.217122034545,4748.848076789678,4438.498046875,4438.498046875,37900
2025-05-07 00:00:00+09:00,4443.424436877388,4719.291142492836,4443.424436877388,4512.39111328125,56100
2025-05-08 00:00:00+09:00,4443.424125339674,4679.881285002983,4399.088407902804,4645.39794921875,34700
2025-05-09 00:00:00+09:00,4965.600239911417,5113.3859613373525,4768.5526113435035,5005.009765625,89000
2025-05-12 00:00:00+09:00,5005.009859345009,5241.4670180542225,4837.519371925983,5133.0908203125,64800
2025-05-13 00:00:00+09:00,5152.795401224276,5152.795401224276,4812.888247606231,4847.37158203125,52900
2025-05-14 00:00:00+09:00,4788.257572265626,4945.895681640625,4763.626617675782,4926.19091796875,28800
2025-05-15 00:00:00+09:00,5024.714495047643,5024.714495047643,4911.412109375,4911.412109375,9000
2025-05-16 00:00:00+09:00,4965.600613092173,4965.600613092173,4783.33154296875,4783.33154296875,13900
2025-05-19 00:00:00+09:00,4852.297853484867,5044.419291338582,4807.962137057087,5005.009765625,25000
2025-05-20 00:00:00+09:00,5103.533773918985,5123.2385375248505,4936.043283269135,4955.748046875,13400
2025-05-21 00:00:00+09:00,5014.862290919247,5014.862290919247,4891.70751953125,4891.70751953125,6500
2025-05-22 00:00:00+09:00,4916.338607906371,5142.943393441134,4916.338607906371,5083.8291015625,26500
2025-05-23 00:00:00+09:00,5044.419117647059,5073.976260914522,4926.190544577205,5024.71435546875,12300
2025-05-26 00:00:00+09:00,5024.71435546875,5064.123879825368,4975.452450022978,5024.71435546875,8100
2025-05-27 00:00:00+09:00,5054.272147520181,5054.272147520181,4995.157853397138,5034.5673828125,6200
2025-05-28 00:00:00+09:00,5024.71435546875,5083.828642003677,5005.009593290441,5024.71435546875,6800
2025-05-29 00:00:00+09:00,5024.715154607733,5024.715154607733,4837.519884141954,4921.26513671875,11300
2025-05-30 00:00:00+09:00,4926.190951575151,4936.043333478302,4832.593323495224,4867.07666015625,6800
2025-06-02 00:00:00+09:00,4807.9621331236895,4807.9621331236895,4674.954983949161,4699.5859375,17700
2025-06-03 00:00:00+09:00,4699.586407470703,4758.700701904297,4699.586407470703,4729.1435546875,14100
2025-06-04 00:00:00+09:00,4699.586383750664,4778.405442597636,4635.5458984375,4635.5458984375,18500
2025-06-05 00:00:00+09:00,4635.545662625766,4734.069481172542,4537.021844078991,4620.76708984375,33900
2025-06-06 00:00:00+09:00,4620.766964074337,4620.766964074337,4517.3169574159565,4551.80029296875,19800
2025-06-09 00:00:00+09:00,4571.505118823846,4615.840836571059,4512.390828494226,4586.28369140625,14200
2025-06-10 00:00:00+09:00,4586.283677393764,4586.283677393764,4433.571761175497,4463.12890625,24500
2025-06-11 00:00:00+09:00,4532.095686251349,4581.357595884517,4472.981394691549,4561.65283203125,15500
2025-06-12 00:00:00+09:00,4561.653123070459,4571.505505625686,4487.76025390625,4487.76025390625,18300
2025-06-13 00:00:00+09:00,4556.726363068255,4788.25732421875,4532.095409754373,4788.25732421875,36900
2025-06-16 00:00:00+09:00,4724.217138970213,4876.929058999491,4679.881420252036,4837.51953125,9700
2025-06-17 00:00:00+09:00,4881.855481974284,4926.1912027994795,4724.2173634847,4729.1435546875,24900
2025-06-18 00:00:00+09:00,4660.176562116282,5123.238503806483,4586.283699080612,5014.8623046875,58600
2025-06-19 00:00:00+09:00,5034.566876410481,5034.566876410481,4881.854965286485,4911.412109375,11200
2025-06-20 00:00:00+09:00,4896.634036741395,4896.634036741395,4758.70068359375,4758.70068359375,15700
2025-06-23 00:00:00+09:00,4729.14290201005,4936.04290397299,4729.14290201005,4901.5595703125,10700
2025-06-24 00:00:00+09:00,4901.559678984851,4901.559678984851,4832.593010134813,4847.37158203125,4600
2025-06-25 00:00:00+09:00,4876.929295883566,4955.748355210977,4852.29833984375,4852.29833984375,6600
2025-06-26 00:00:00+09:00,4945.8956650720675,4955.748046875,4886.781374254473,4955.748046875,5100
2025-06-27 00:00:00+09:00,4956.7406717312115,5120.476850076687,4842.6215171267895,4852.544921875,17500
2025-06-30 00:00:00+09:00,4862.4683266232105,4961.702374105317,4793.004493385736,4852.544921875,16100
2025-07-01 00:00:00+09:00,4763.234089176829,4961.702176225864,4713.617067414571,4882.31494140625,27900
2025-07-02 00:00:00+09:00,4912.085044362437,4991.472277402638,4847.582917517274,4936.8935546875,10900
2025-07-03 00:00:00+09:00,4961.702248795701,5041.089484776433,4956.7405465469055,5021.24267578125,10000
2025-07-04 00:00:00+09:00,5021.242489792713,5021.242489792713,4931.931852622487,4936.8935546875,14000
2025-07-07 00:00:00+09:00,4961.702138369846,4961.702138369846,4797.9659678036405,4812.85107421875,6300
2025-07-08 00:00:00+09:00,4822.774506191038,4822.774506191038,4733.4638671875,4733.4638671875,9000
2025-07-09 00:00:00+09:00,4753.310970052084,4877.353531901042,4753.310970052084,4763.234375,5500
2025-07-10 00:00:00+09:00,4763.234325079872,4773.157729923789,4619.344954843084,4659.03857421875,22700
2025-07-11 00:00:00+09:00,4659.038509356735,4718.5789375913255,4609.421485827909,4668.9619140625,17300
2025-07-14 00:00:00+09:00,4639.1916001959435,4664.000111426937,4574.689470995358,4609.42138671875,20700
2025-07-15 00:00:00+09:00,4584.612765957447,4693.770212765958,4559.804255319149,4664.0,16400
2025-07-16 00:00:00+09:00,4713.617086512193,4713.617086512193,4604.459638192963,4654.07666015625,6400
2025-07-17 00:00:00+09:00,4654.076467740334,4753.310507564222,4609.421149819585,4683.8466796875,9300
2025-07-18 00:00:00+09:00,4683.846684989142,4683.846684989142,4564.765837065689,4569.7275390625,17500
2025-07-22 00:00:00+09:00,4539.957699755231,4673.923664666041,4539.957699755231,4624.306640625,7100
2025-07-23 00:00:00+09:00,4624.306241025028,4659.038154852468,4534.99560546875,4534.99560546875,13000
2025-07-24 00:00:00+09:00,4534.995946890436,4604.459779774973,4465.5321140059,4520.11083984375,33400
2025-07-25 00:00:00+09:00,4544.919402159335,4639.1917478373125,4530.034294947022,4624.306640625,11000
2025-07-28 00:00:00+09:00,4569.727659574468,4718.5787234042555,4569.727659574468,4664.0,12600
2025-07-29 00:00:00+09:00,4664.000194476044,4664.000194476044,4609.421468796005,4634.22998046875,6300
2025-07-30 00:00:00+09:00,4624.306672608488,4624.306672608488,4525.072623840066,4544.91943359375,11200
2025-07-31 00:00:00+09:00,4539.957619083738,4654.076772350324,4539.957619083738,4599.498046875,13700
2025-08-01 00:00:00+09:00,4599.497789939839,4678.88502256016,4589.574385862299,4639.19140625,12900
2025-08-04 00:00:00+09:00,4664.000181638584,4812.851251265347,4664.000181638584,4748.34912109375,30600
2025-08-05 00:00:00+09:00,4773.157663473034,4778.119365825916,4654.076807003852,4668.9619140625,8800
2025-08-06 00:00:00+09:00,4738.425812970081,4738.425812970081,4629.268359687001,4659.03857421875,3000
2025-08-07 00:00:00+09:00,4614.383141447368,4748.3491036184205,4614.383141447368,4713.6171875,15000
2025-08-08 00:00:00+09:00,4738.425814507546,4862.468375096749,4738.425814507546,4807.8896484375,11400
2025-08-12 00:00:00+09:00,4917.046885088455,4917.046885088455,4718.578796891142,4802.927734375,20000
2025-08-13 00:00:00+09:00,4778.119339499431,4912.085302289134,4778.119339499431,4897.2001953125,18300
2025-08-14 00:00:00+09:00,4922.008659638554,4956.740575583584,4817.812911803464,4941.85546875,37200
2025-08-15 00:00:00+09:00,4917.046996600811,5299.098075045073,4887.2767826960635,5160.17041015625,96600
2025-08-18 00:00:00+09:00,5160.170380563447,5249.481021765507,5090.706548517401,5239.5576171875,24400
2025-08-19 00:00:00+09:00,5209.787303003772,5259.404324937141,5080.783045977012,5180.01708984375,27200
2025-08-20 00:00:00+09:00,5090.70647837123,5180.0171183426555,5080.783073929962,5100.6298828125,21700
2025-08-21 00:00:00+09:00,5060.936458460738,5170.093911486362,5011.319434358183,5070.85986328125,14800
2025-08-22 00:00:00+09:00,5070.859568197896,5120.47658941314,5041.08935546875,5041.08935546875,9600
2025-08-25 00:00:00+09:00,5011.319015203738,5090.706247127757,4981.54880323223,5060.93603515625,15500
2025-08-26 00:00:00+09:00,5001.39574679003,5041.089363828047,4917.0468105842465,4926.97021484375,17500
2025-08-27 00:00:00+09:00,4872.391334753535,4907.123248545057,4644.153044123533,4649.11474609375,49800
2025-08-28 00:00:00+09:00,4654.076823946796,4763.234276107595,4599.498097866396,4703.69384765625,27600
2025-08-29 00:00:00+09:00,4683.84695619035,4743.387383599549,4584.612910508351,4678.88525390625,14900
2025-09-01 00:00:00+09:00,4678.884977696305,4733.463699599443,4624.306255793167,4683.8466796875,36500
2025-09-02 00:00:00+09:00,4748.3492517325785,4922.008837741608,4718.579036988174,4877.353515625,44400
2025-09-03 00:00:00+09:00,4912.085255082831,4971.625682417169,4832.698018637048,4941.85546875,30900
2025-09-04 00:00:00+09:00,4991.472389283219,4991.472389283219,4857.506430525121,4882.31494140625,24600
2025-09-05 00:00:00+09:00,4907.1235240589485,5051.012889274024,4862.468203819787,5021.24267578125,15100
2025-09-08 00:00:00+09:00,4961.70212152436,5090.706376683994,4931.9319087952135,5041.08935546875,17900
2025-09-09 00:00:00+09:00,5011.319015203738,5080.7828431372545,4981.54880323223,5060.93603515625,12100
2025-09-10 00:00:00+09:00,4981.548993774655,5051.012824365138,4981.548993774655,5031.166015625,6700
2025-09-11 00:00:00+09:00,4981.549069056497,5011.319282616595,4862.468214816102,4907.12353515625,17100
2025-09-12 00:00:00+09:00,4887.276514956826,4946.816939504523,4862.468004728618,4902.16162109375,5500
2025-09-16 00:00:00+09:00,4902.161918640137,5090.7066078186035,4897.200216293335,5080.783203125,13600
2025-09-17 00:00:00+09:00,5080.782907662082,5160.170140594302,5011.31907884639,5051.0126953125,18800
2025-09-18 00:00:00+09:00,5080.78323699422,5150.2470703125,5011.31940367594,5150.2470703125,13300
2025-09-19 00:00:00+09:00,5140.323306410179,5160.170114543037,5070.859477945177,5130.39990234375,6000
2025-09-22 00:00:00+09:00,5160.170140594302,5160.170140594302,5051.0126953125,5051.0126953125,11100
2025-09-24 00:00:00+09:00,5041.089419995069,5041.089419995069,4961.702185034516,5031.166015625,9000
2025-09-25 00:00:00+09:00,5041.089681618002,5160.1705402389,4991.472657192628,5140.32373046875,13500
2025-09-26 00:00:00+09:00,5140.323596070545,5150.247000696164,5001.395931311881,5011.3193359375,18900
2025-09-29 00:00:00+09:00,5041.089680666004,5041.089680666004,4877.353500093191,4991.47265625,12800
2025-09-30 00:00:00+09:00,4931.932076214029,4946.81718308389,4793.0044120953235,4827.736328125,13700
2025-10-01 00:00:00+09:00,4822.774355530363,4822.774355530363,4718.57861328125,4718.57861328125,16900
2025-10-02 00:00:00+09:00,4718.578836135125,4788.042667581909,4564.76606650296,4609.42138671875,36000
2025-10-03 00:00:00+09:00,4678.88497265221,4797.9658203125,4668.96156868052,4797.9658203125,22300
2025-10-06 00:00:00+09:00,4768.196060527831,4768.196060527831,4569.727962274851,4579.6513671875,41500
2025-10-07 00:00:00+09:00,4579.651383463542,4594.536490885416,4415.915201822917,4465.5322265625,45300
2025-10-08 00:00:00+09:00,4435.761830451939,4455.608639536736,4336.527785027958,4381.18310546875,23400
2025-10-09 00:00:00+09:00,4415.915064517921,4435.761873796653,4108.289520697571,4187.6767578125,51200
2025-10-10 00:00:00+09:00,4192.63818359375,4242.255203517936,4083.48073976054,4192.63818359375,20800
2025-10-14 00:00:00+09:00,4207.523314987937,4217.4467190327205,4058.672254316194,4113.2509765625,38300
2025-10-15 00:00:00+09:00,4152.944723011364,4202.561744791667,4078.519190340909,4093.404296875,20800
2025-10-16 00:00:00+09:00,4088.4425490857316,4138.0595703125,4068.5957405950244,4138.0595703125,23100
2025-10-17 00:00:00+09:00,4138.059663660386,4138.059663660386,3994.1702988568477,4048.7490234375,19800
2025-10-20 00:00:00+09:00,4118.212836304465,4118.212836304465,3994.17028099409,4014.01708984375,12000
2025-10-21 00:00:00+09:00,4023.940403118387,4133.097849318886,4009.055296818319,4103.32763671875,23000
2025-10-22 00:00:00+09:00,4123.174380607283,4147.9828907192405,4033.863744204237,4113.2509765625,15400
2025-10-23 00:00:00+09:00,4152.9447042376605,4152.9447042376605,4038.825554658848,4058.67236328125,11800
2025-10-24 00:00:00+09:00,4043.78730311824,4043.78730311824,3979.285174356845,4014.01708984375,9600
2025-10-27 00:00:00+09:00,4014.017062026515,4103.32770123106,3994.170253314394,4093.404296875,12600
2025-10-28 00:00:00+09:00,4157.90657434141,4157.90657434141,4088.4427413571857,4108.28955078125,11300
2025-10-29 00:00:00+09:00,4143.021463571037,4152.944868274201,3954.476774210918,3959.4384765625,47000
2025-10-30 00:00:00+09:00,4028.9022586706915,4028.9022586706915,3880.051190000592,3929.668212890625,15800
2025-10-31 00:00:00+09:00,3989.2085930184926,4023.94050862935,3934.6298684871454,3974.323486328125,11800
2025-11-04 00:00:00+09:00,3974.3235511063635,3994.17036035034,3934.62993261841,3964.400146484375,16600
2025-11-05 00:00:00+09:00,3989.2086754129186,4018.9788894085377,3919.744842756475,3999.132080078125,14600
2025-11-06 00:00:00+09:00,4018.978839111328,4018.978839111328,3929.6681982421874,3969.36181640625,8600
2025-11-07 00:00:00+09:00,3969.3616821134347,3969.3616821134347,3894.936150573808,3914.782958984375,19500
2025-11-10 00:00:00+09:00,3914.7831721904113,4028.902326766304,3914.7831721904113,3994.17041015625,17000
2025-11-11 00:00:00+09:00,3964.4001343070445,4078.519287109375,3964.4001343070445,4078.519287109375,18500
2025-11-12 00:00:00+09:00,4038.825688222008,4237.293781009331,4038.825688222008,4187.6767578125,30400
2025-11-13 00:00:00+09:00,4242.255487856658,4356.374641331165,4187.676762281893,4336.52783203125,72300
2025-11-14 00:00:00+09:00,4351.412926443179,4505.225698073439,4301.795903336643,4450.64697265625,60400
2025-11-17 00:00:00+09:00,4465.531797129479,4758.2722149413,4465.531797129479,4569.7275390625,38900
2025-11-18 00:00:00+09:00,4544.919232150364,4594.536254335412,4425.83837890625,4425.83837890625,39600
2025-11-19 00:00:00+09:00,4425.838522850433,4485.378951408959,4227.370427655347,4291.87255859375,22600
2025-11-20 00:00:00+09:00,4316.681118057657,4346.451332664951,3984.247054942872,4098.3662109375,40000
2025-11-21 00:00:00+09:00,4058.6724413170664,4366.297980878995,4058.6724413170664,4346.451171875,18300
2025-11-25 00:00:00+09:00,4346.45108011745,4475.455335920023,4316.680867239933,4435.76171875,24000
2025-11-26 00:00:00+09:00,4445.685416666666,4534.996061197917,4445.685416666666,4465.5322265625,14600
2025-11-27 00:00:00+09:00,4440.7232527927035,4440.7232527927035,4366.29772341629,4386.14453125,8800
2025-11-28 00:00:00+09:00,4410.953319095944,4445.685234994337,4361.336296383954,4381.18310546875,9900
2025-12-01 00:00:00+09:00,4381.183069507875,4425.838389582134,4311.71923828125,4311.71923828125,12200
2025-12-02 00:00:00+09:00,4311.719416823343,4316.681119259273,4207.5236656688085,4247.21728515625,8800
2025-12-03 00:00:00+09:00,4177.753499252878,4247.21733415732,4157.90668928018,4202.56201171875,11700
2025-12-04 00:00:00+09:00,4202.561697907299,4202.561697907299,4123.17446394447,4138.0595703125,4500
2025-12-05 00:00:00+09:00,4138.0596997364455,4192.638424792922,4118.212890625,4118.212890625,5900
2025-12-08 00:00:00+09:00,4187.676791958042,4267.06402972028,4177.753387237763,4257.140625,3600
2025-12-09 00:00:00+09:00,4212.484971658711,4232.331779534606,4128.136038186158,4157.90625,6300
2025-12-10 00:00:00+09:00,4128.136375762195,4157.906590010481,4058.6725425161967,4068.595947265625,11700
2025-12-11 00:00:00+09:00,4058.6724632906626,4162.868211125753,4023.9405473456322,4118.212890625,7800
2025-12-12 00:00:00+09:00,4048.7489268543954,4103.32765013307,4048.7489268543954,4063.634033203125,4500
2025-12-15 00:00:00+09:00,4063.633994105872,4192.638247887011,4058.672292037367,4182.71484375,9500
2025-12-16 00:00:00+09:00,4113.251291076254,4475.45556640625,4113.251291076254,4475.45556640625,28100
2025-12-17 00:00:00+09:00,4465.531797129479,4663.9998770019,4386.144565180511,4569.7275390625,11600
2025-12-18 00:00:00+09:00,4500.263856301576,4604.459601596321,4500.263856301576,4584.61279296875,6500
2025-12-19 00:00:00+09:00,4569.727867004848,4733.464044649973,4564.7661646519655,4668.9619140625,24400
2025-12-22 00:00:00+09:00,4599.498130623863,4812.85133409401,4569.727916186168,4773.15771484375,29000
2025-12-23 00:00:00+09:00,4912.085329353746,4912.085329353746,4604.459783475027,4668.9619140625,12500
2025-12-24 00:00:00+09:00,4609.421581925447,4639.191796663394,4465.532210692037,4579.6513671875,4300
2025-12-25 00:00:00+09:00,4649.115121575851,4763.234276107595,4629.268312092069,4703.69384765625,8500
2025-12-26 00:00:00+09:00,4634.229787234042,4758.272340425532,4634.229787234042,4664.0,1100
2025-12-29 00:00:00+09:00,4700.0,4820.0,4690.0,4775.0,12300
2025-12-30 00:00:00+09:00,4775.0,4950.0,4775.0,4950.0,13900
2026-01-05 00:00:00+09:00,4940.0,4975.0,4875.0,4965.0,13200
2026-01-06 00:00:00+09:00,4970.0,4990.0,4915.0,4965.0,5700
2026-01-07 00:00:00+09:00,4895.0,4900.0,4740.0,4745.0,25200
2026-01-08 00:00:00+09:00,4750.0,4750.0,4665.0,4665.0,17000
2026-01-09 00:00:00+09:00,4665.0,4890.0,4665.0,4855.0,12000
2026-01-13 00:00:00+09:00,4855.0,4925.0,4760.0,4795.0,12900
2026-01-14 00:00:00+09:00,4810.0,4810.0,4715.0,4740.0,8400
2026-01-15 00:00:00+09:00,4740.0,4840.0,4655.0,4680.0,14000
2026-01-16 00:00:00+09:00,4680.0,4725.0,4630.0,4660.0,16800
2026-01-19 00:00:00+09:00,4660.0,4825.0,4660.0,4790.0,31000
2026-01-20 00:00:00+09:00,4800.0,4960.0,4760.0,4895.0,16600
2026-01-21 00:00:00+09:00,4895.0,4895.0,4795.0,4855.0,6500
2026-01-22 00:00:00+09:00,4855.0,4900.0,4800.0,4840.0,8000
