Date,Open,High,Low,Close,Volume
2000-01-05 00:00:00+09:00,377.0553894042969,377.0553894042969,377.0553894042969,377.0553894042969,1000
2000-01-06 00:00:00+09:00,377.0553894042969,377.0553894042969,377.0553894042969,377.0553894042969,1000
2000-01-07 00:00:00+09:00,372.9570007324219,377.05542931189905,372.9570007324219,372.9570007324219,0
2000-01-10 00:00:00+09:00,372.9570007324219,372.9570007324219,372.9570007324219,372.9570007324219,0
2000-01-11 00:00:00+09:00,377.05542931189905,377.05542931189905,372.9570007324219,372.9570007324219,3000
2000-01-12 00:00:00+09:00,363.9404602050781,377.05543174399986,363.9404602050781,363.9404602050781,0
2000-01-13 00:00:00+09:00,363.9404602050781,377.05543174399986,363.9404602050781,363.9404602050781,0
2000-01-14 00:00:00+09:00,363.9404602050781,377.05543174399986,363.9404602050781,363.9404602050781,0
2000-01-17 00:00:00+09:00,363.9404602050781,377.05543174399986,363.9404602050781,363.9404602050781,0
2000-01-18 00:00:00+09:00,368.85858154296875,368.85858154296875,368.85858154296875,368.85858154296875,1000
2000-01-19 00:00:00+09:00,363.9404602050781,377.05543174399986,363.9404602050781,363.9404602050781,0
2000-01-20 00:00:00+09:00,377.0553894042969,377.0553894042969,377.0553894042969,377.0553894042969,1000
2000-01-21 00:00:00+09:00,368.85858154296875,377.0554389105903,368.85858154296875,368.85858154296875,0
2000-01-24 00:00:00+09:00,377.0553894042969,377.0553894042969,377.0553894042969,377.0553894042969,1000
2000-01-25 00:00:00+09:00,368.85858154296875,377.0554389105903,368.85858154296875,368.85858154296875,0
2000-01-26 00:00:00+09:00,368.85858154296875,377.0554389105903,368.85858154296875,368.85858154296875,0
2000-01-27 00:00:00+09:00,377.0554389105903,377.0554389105903,368.85858154296875,368.85858154296875,3000
2000-01-28 00:00:00+09:00,369.6782531738281,377.055424523195,369.6782531738281,369.6782531738281,0
2000-01-31 00:00:00+09:00,377.0553894042969,377.0553894042969,377.0553894042969,377.0553894042969,1000
2000-02-01 00:00:00+09:00,377.0553894042969,377.0553894042969,377.0553894042969,377.0553894042969,1000
2000-02-02 00:00:00+09:00,377.0553894042969,377.0553894042969,377.0553894042969,377.0553894042969,2000
2000-02-03 00:00:00+09:00,368.85858154296875,377.0554389105903,368.85858154296875,368.85858154296875,0
2000-02-04 00:00:00+09:00,363.9404602050781,377.05543174399986,363.9404602050781,363.9404602050781,0
2000-02-07 00:00:00+09:00,363.9404602050781,377.05543174399986,363.9404602050781,363.9404602050781,0
2000-02-08 00:00:00+09:00,368.85858154296875,377.0554389105903,368.85858154296875,368.85858154296875,0
2000-02-09 00:00:00+09:00,368.85858154296875,377.0554389105903,368.85858154296875,368.85858154296875,0
2000-02-10 00:00:00+09:00,368.85858154296875,368.85858154296875,368.85858154296875,368.85858154296875,1000
2000-02-11 00:00:00+09:00,368.85858154296875,368.85858154296875,368.85858154296875,368.85858154296875,0
2000-02-14 00:00:00+09:00,368.85858154296875,368.85858154296875,368.85858154296875,368.85858154296875,3000
2000-02-15 00:00:00+09:00,368.85858154296875,377.0554389105903,368.85858154296875,368.85858154296875,0
2000-02-16 00:00:00+09:00,368.85858154296875,377.0554389105903,368.85858154296875,368.85858154296875,0
2000-02-17 00:00:00+09:00,368.85858154296875,377.0554389105903,368.85858154296875,368.85858154296875,0
2000-02-18 00:00:00+09:00,377.0553894042969,377.0553894042969,377.0553894042969,377.0553894042969,1000
2000-02-21 00:00:00+09:00,377.0553894042969,377.0553894042969,377.0553894042969,377.0553894042969,1000
2000-02-22 00:00:00+09:00,377.0553894042969,377.0553894042969,377.0553894042969,377.0553894042969,0
2000-02-23 00:00:00+09:00,386.0719299316406,434.43338187636846,386.0719299316406,386.0719299316406,0
2000-02-24 00:00:00+09:00,386.0719299316406,434.43338187636846,386.0719299316406,386.0719299316406,0
2000-02-25 00:00:00+09:00,390.17041015625,426.2365825236344,390.17041015625,390.17041015625,0
2000-02-28 00:00:00+09:00,389.3506164550781,426.2364643297697,389.3506164550781,389.3506164550781,0
2000-02-29 00:00:00+09:00,390.17041015625,390.17041015625,390.17041015625,390.17041015625,1000
2000-03-01 00:00:00+09:00,389.3506164550781,418.03960924650494,389.3506164550781,389.3506164550781,0
2000-03-02 00:00:00+09:00,389.3506164550781,418.03960924650494,389.3506164550781,389.3506164550781,0
2000-03-03 00:00:00+09:00,389.3506164550781,399.18684255499585,389.3506164550781,389.3506164550781,0
2000-03-06 00:00:00+09:00,389.3506164550781,389.3506164550781,389.3506164550781,389.3506164550781,0
2000-03-07 00:00:00+09:00,389.3506164550781,401.6458990799753,389.3506164550781,389.3506164550781,0
2000-03-08 00:00:00+09:00,393.4491271972656,393.4491271972656,393.4491271972656,393.4491271972656,1000
2000-03-09 00:00:00+09:00,389.3506164550781,401.6458990799753,389.3506164550781,389.3506164550781,0
2000-03-10 00:00:00+09:00,389.3506164550781,401.6458990799753,389.3506164550781,389.3506164550781,0
2000-03-13 00:00:00+09:00,389.3506164550781,405.74432662160774,389.3506164550781,389.3506164550781,0
2000-03-14 00:00:00+09:00,389.3506164550781,389.3506164550781,389.3506164550781,389.3506164550781,0
2000-03-15 00:00:00+09:00,389.3506164550781,405.74432662160774,389.3506164550781,389.3506164550781,0
2000-03-16 00:00:00+09:00,397.5475769042969,405.74443416005556,397.5475769042969,397.5475769042969,0
2000-03-17 00:00:00+09:00,397.5475769042969,405.74443416005556,397.5475769042969,397.5475769042969,0
2000-03-20 00:00:00+09:00,397.5475769042969,397.5475769042969,397.5475769042969,397.5475769042969,0
2000-03-21 00:00:00+09:00,401.6460266113281,401.6460266113281,401.6460266113281,401.6460266113281,1000
2000-03-22 00:00:00+09:00,401.6460266113281,401.6460266113281,401.6460266113281,401.6460266113281,0
2000-03-23 00:00:00+09:00,403.28533935546875,467.2208199849943,403.28533935546875,403.28533935546875,0
2000-03-24 00:00:00+09:00,435.25317382812506,435.25317382812506,435.25317382812506,435.253173828125,1000
2000-03-27 00:00:00+09:00,394.2688293457031,438.5318580040565,394.2688293457031,394.2688293457031,0
2000-03-28 00:00:00+09:00,400.5138854980469,400.5138854980469,400.5138854980469,400.5138854980469,0
2000-03-29 00:00:00+09:00,358.0477294921875,413.83656176190044,358.0477294921875,358.0477294921875,0
2000-03-30 00:00:00+09:00,358.0477294921875,416.3345691769622,358.0477294921875,358.0477294921875,0
2000-03-31 00:00:00+09:00,349.7210693359375,408.00791422526044,349.7210693359375,349.7210693359375,0
2000-04-03 00:00:00+09:00,378.8644104003906,378.8644104003906,378.8644104003906,378.8644104003906,1000
2000-04-04 00:00:00+09:00,350.5537414550781,383.02784101980035,350.5537414550781,350.5537414550781,0
2000-04-05 00:00:00+09:00,374.7011413574219,374.7011413574219,374.7011413574219,374.7011413574219,1000
2000-04-06 00:00:00+09:00,374.70106176427896,374.70106176427896,369.7050476074219,369.7050476074219,2000
2000-04-07 00:00:00+09:00,350.5537414550781,408.00791760804816,350.5537414550781,350.5537414550781,0
2000-04-10 00:00:00+09:00,350.5537414550781,399.68122541196556,350.5537414550781,350.5537414550781,0
2000-04-11 00:00:00+09:00,350.5537414550781,395.51787931392425,350.5537414550781,350.5537414550781,0
2000-04-12 00:00:00+09:00,358.0477294921875,395.5178407181141,358.0477294921875,358.0477294921875,0
2000-04-13 00:00:00+09:00,376.3664855957031,395.5178775618562,376.3664855957031,376.3664855957031,0
2000-04-14 00:00:00+09:00,376.3664855957031,376.3664855957031,376.3664855957031,376.3664855957031,1000
2000-04-17 00:00:00+09:00,340.5616760253906,441.31464130429595,340.5616760253906,340.5616760253906,0
2000-04-18 00:00:00+09:00,340.5616760253906,340.5616760253906,340.5616760253906,340.5616760253906,0
2000-04-19 00:00:00+09:00,369.7050476074219,449.64127411713474,369.7050476074219,369.7050476074219,0
2000-04-20 00:00:00+09:00,369.7050476074219,457.9679643785632,369.7050476074219,369.7050476074219,0
2000-04-21 00:00:00+09:00,391.3544921875,395.51783784906917,391.3544921875,391.3544921875,0
2000-04-24 00:00:00+09:00,391.3544921875,395.51783784906917,391.3544921875,391.3544921875,0
2000-04-25 00:00:00+09:00,391.3544921875,391.3544921875,391.3544921875,391.3544921875,0
2000-04-26 00:00:00+09:00,391.3544921875,391.3544921875,391.3544921875,391.3544921875,0
2000-04-27 00:00:00+09:00,369.7050476074219,395.51778741785,369.7050476074219,369.7050476074219,0
2000-04-28 00:00:00+09:00,369.7050476074219,394.68511839170714,369.7050476074219,369.7050476074219,0
2000-05-01 00:00:00+09:00,374.7011413574219,394.6852022298177,374.7011413574219,374.7011413574219,0
2000-05-02 00:00:00+09:00,394.6851501464844,394.6851501464844,394.6851501464844,394.6851501464844,1000
2000-05-03 00:00:00+09:00,394.6851501464844,394.6851501464844,394.6851501464844,394.6851501464844,0
2000-05-04 00:00:00+09:00,394.6851501464844,394.6851501464844,394.6851501464844,394.6851501464844,0
2000-05-05 00:00:00+09:00,394.6851501464844,394.6851501464844,394.6851501464844,394.6851501464844,0
2000-05-08 00:00:00+09:00,374.7011413574219,457.96806165907117,374.7011413574219,374.7011413574219,0
2000-05-09 00:00:00+09:00,374.7011413574219,374.7011413574219,374.7011413574219,374.7011413574219,0
2000-05-10 00:00:00+09:00,374.7011413574219,399.68121744791665,374.7011413574219,374.7011413574219,0
2000-05-11 00:00:00+09:00,374.7011413574219,399.68121744791665,374.7011413574219,374.7011413574219,0
2000-05-12 00:00:00+09:00,374.7011413574219,399.68121744791665,374.7011413574219,374.7011413574219,0
2000-05-15 00:00:00+09:00,374.7011413574219,374.7011413574219,374.7011413574219,374.7011413574219,0
2000-05-16 00:00:00+09:00,374.7011413574219,374.7011413574219,374.7011413574219,374.7011413574219,0
2000-05-17 00:00:00+09:00,374.7011413574219,408.0079094780816,374.7011413574219,374.7011413574219,0
2000-05-18 00:00:00+09:00,374.7011413574219,374.7011413574219,374.7011413574219,374.7011413574219,1000
2000-05-19 00:00:00+09:00,374.7011413574219,391.35452541775174,374.7011413574219,374.7011413574219,0
2000-05-22 00:00:00+09:00,366.3743896484375,399.68115234375,366.3743896484375,366.3743896484375,0
2000-05-23 00:00:00+09:00,358.0477294921875,399.6811864098837,358.0477294921875,358.0477294921875,0
2000-05-24 00:00:00+09:00,374.7011413574219,399.68121744791665,374.7011413574219,374.7011413574219,0
2000-05-25 00:00:00+09:00,374.7011413574219,399.68121744791665,374.7011413574219,374.7011413574219,0
2000-05-26 00:00:00+09:00,374.7011413574219,399.68121744791665,374.7011413574219,374.7011413574219,0
2000-05-29 00:00:00+09:00,374.7011413574219,374.7011413574219,374.7011413574219,374.7011413574219,0
2000-05-30 00:00:00+09:00,374.7011413574219,374.7011413574219,374.7011413574219,374.7011413574219,0
2000-05-31 00:00:00+09:00,374.7011413574219,374.7011413574219,374.7011413574219,374.7011413574219,0
2000-06-01 00:00:00+09:00,374.7011413574219,374.7011413574219,374.7011413574219,374.7011413574219,0
2000-06-02 00:00:00+09:00,374.7011413574219,374.7011413574219,374.7011413574219,374.7011413574219,0
2000-06-05 00:00:00+09:00,374.7011413574219,374.7011413574219,374.7011413574219,374.7011413574219,0
2000-06-06 00:00:00+09:00,383.0277404785156,441.3145705513332,383.0277404785156,383.0277404785156,0
2000-06-07 00:00:00+09:00,383.0277404785156,441.3145705513332,383.0277404785156,383.0277404785156,0
2000-06-08 00:00:00+09:00,383.0277404785156,457.96795057213825,383.0277404785156,383.0277404785156,0
2000-06-09 00:00:00+09:00,383.0277404785156,457.96795057213825,383.0277404785156,383.0277404785156,0
2000-06-12 00:00:00+09:00,383.8604431152344,383.8604431152344,383.8604431152344,383.8604431152344,1000
2000-06-13 00:00:00+09:00,383.0277404785156,383.0277404785156,383.0277404785156,383.0277404785156,1000
2000-06-14 00:00:00+09:00,383.0277404785156,383.0277404785156,383.0277404785156,383.0277404785156,0
2000-06-15 00:00:00+09:00,383.0277404785156,383.0277404785156,383.0277404785156,383.0277404785156,0
2000-06-16 00:00:00+09:00,383.0277404785156,441.3145705513332,383.0277404785156,383.0277404785156,0
2000-06-19 00:00:00+09:00,383.0277404785156,440.48190155029295,383.0277404785156,383.0277404785156,0
2000-06-20 00:00:00+09:00,383.0277404785156,411.33848651388416,383.0277404785156,383.0277404785156,0
2000-06-21 00:00:00+09:00,383.0277404785156,407.1751415086829,383.0277404785156,383.0277404785156,0
2000-06-22 00:00:00+09:00,383.0277404785156,411.33848651388416,383.0277404785156,383.0277404785156,0
2000-06-23 00:00:00+09:00,383.0277404785156,411.33848651388416,383.0277404785156,383.0277404785156,0
2000-06-26 00:00:00+09:00,383.0277404785156,383.0277404785156,383.0277404785156,383.0277404785156,0
2000-06-27 00:00:00+09:00,383.0277404785156,383.0277404785156,383.0277404785156,383.0277404785156,2000
2000-06-28 00:00:00+09:00,383.0277404785156,407.1751415086829,383.0277404785156,383.0277404785156,0
2000-06-29 00:00:00+09:00,374.7011413574219,383.0278333875868,374.7011413574219,374.7011413574219,0
2000-06-30 00:00:00+09:00,374.7011413574219,383.0278333875868,374.7011413574219,374.7011413574219,0
2000-07-03 00:00:00+09:00,374.7011413574219,383.0278333875868,374.7011413574219,374.7011413574219,0
2000-07-04 00:00:00+09:00,383.0277404785156,383.0277404785156,383.0277404785156,383.0277404785156,1000
2000-07-05 00:00:00+09:00,374.7011413574219,390.52185621473524,374.7011413574219,374.7011413574219,0
2000-07-06 00:00:00+09:00,383.0277404785156,383.0277404785156,383.0277404785156,383.0277404785156,1000
2000-07-07 00:00:00+09:00,383.0277404785156,390.5217614878779,383.0277404785156,383.0277404785156,0
2000-07-10 00:00:00+09:00,383.0277404785156,390.5217614878779,383.0277404785156,383.0277404785156,0
2000-07-11 00:00:00+09:00,387.1911315917969,390.5218079925865,387.1911315917969,387.1911315917969,0
2000-07-12 00:00:00+09:00,387.1911315917969,390.5218079925865,387.1911315917969,387.1911315917969,0
2000-07-13 00:00:00+09:00,387.1911315917969,390.5218079925865,387.1911315917969,387.1911315917969,0
2000-07-14 00:00:00+09:00,387.1911315917969,390.5218079925865,387.1911315917969,387.1911315917969,0
2000-07-17 00:00:00+09:00,387.1911315917969,388.85646979219166,387.1911315917969,387.1911315917969,0
2000-07-18 00:00:00+09:00,387.1911315917969,387.1911315917969,387.1911315917969,387.1911315917969,0
2000-07-19 00:00:00+09:00,387.1911315917969,387.1911315917969,387.1911315917969,387.1911315917969,0
2000-07-20 00:00:00+09:00,387.1911315917969,387.1911315917969,387.1911315917969,387.1911315917969,0
2000-07-21 00:00:00+09:00,383.0277404785156,416.3345005201257,383.0277404785156,383.0277404785156,0
2000-07-24 00:00:00+09:00,387.1911315917969,416.3345500987063,387.1911315917969,387.1911315917969,0
2000-07-25 00:00:00+09:00,383.0277404785156,416.3345005201257,383.0277404785156,383.0277404785156,0
2000-07-26 00:00:00+09:00,383.0277404785156,416.3345005201257,383.0277404785156,383.0277404785156,0
2000-07-27 00:00:00+09:00,383.0277404785156,399.6811204993206,383.0277404785156,383.0277404785156,0
2000-07-28 00:00:00+09:00,383.0277404785156,399.6811204993206,383.0277404785156,383.0277404785156,0
2000-07-31 00:00:00+09:00,383.0277404785156,383.0277404785156,383.0277404785156,383.0277404785156,0
2000-08-01 00:00:00+09:00,383.0277404785156,391.3544304889181,383.0277404785156,383.0277404785156,0
2000-08-02 00:00:00+09:00,383.0277404785156,387.19108548371685,383.0277404785156,383.0277404785156,0
2000-08-03 00:00:00+09:00,383.0277404785156,383.0277404785156,383.0277404785156,383.0277404785156,1000
2000-08-04 00:00:00+09:00,383.0277404785156,383.0277404785156,383.0277404785156,383.0277404785156,0
2000-08-07 00:00:00+09:00,383.0277404785156,383.0277404785156,383.0277404785156,383.0277404785156,0
2000-08-08 00:00:00+09:00,383.0277404785156,383.0277404785156,383.0277404785156,383.0277404785156,0
2000-08-09 00:00:00+09:00,383.0277404785156,383.0277404785156,383.0277404785156,383.0277404785156,1000
2000-08-10 00:00:00+09:00,383.0277404785156,383.0277404785156,383.0277404785156,383.0277404785156,0
2000-08-11 00:00:00+09:00,383.0277404785156,383.0277404785156,383.0277404785156,383.0277404785156,0
2000-08-14 00:00:00+09:00,383.0277404785156,383.0277404785156,383.0277404785156,383.0277404785156,0
2000-08-15 00:00:00+09:00,383.0277404785156,383.0277404785156,383.0277404785156,383.0277404785156,0
2000-08-16 00:00:00+09:00,383.0277404785156,383.0277404785156,383.0277404785156,383.0277404785156,0
2000-08-17 00:00:00+09:00,383.0277404785156,383.0277404785156,383.0277404785156,383.0277404785156,0
2000-08-18 00:00:00+09:00,383.0277404785156,383.0277404785156,383.0277404785156,383.0277404785156,0
2000-08-21 00:00:00+09:00,383.0277404785156,383.0277404785156,383.0277404785156,383.0277404785156,0
2000-08-22 00:00:00+09:00,383.0277404785156,383.0277404785156,383.0277404785156,383.0277404785156,0
2000-08-23 00:00:00+09:00,383.0277404785156,383.0277404785156,383.0277404785156,383.0277404785156,0
2000-08-24 00:00:00+09:00,383.0277404785156,383.0277404785156,383.0277404785156,383.0277404785156,0
2000-08-25 00:00:00+09:00,383.0277404785156,383.0277404785156,383.0277404785156,383.0277404785156,0
2000-08-28 00:00:00+09:00,383.0277404785156,383.0277404785156,383.0277404785156,383.0277404785156,0
2000-08-29 00:00:00+09:00,383.0277404785156,383.0277404785156,383.0277404785156,383.0277404785156,0
2000-08-30 00:00:00+09:00,383.0277404785156,383.0277404785156,383.0277404785156,383.0277404785156,0
2000-08-31 00:00:00+09:00,383.0277404785156,383.0277404785156,383.0277404785156,383.0277404785156,0
2000-09-01 00:00:00+09:00,383.0277404785156,383.0277404785156,383.0277404785156,383.0277404785156,0
2000-09-04 00:00:00+09:00,383.8604431152344,398.8484864472826,383.8604431152344,383.8604431152344,0
2000-09-05 00:00:00+09:00,383.8604431152344,391.3544647812585,383.8604431152344,383.8604431152344,0
2000-09-06 00:00:00+09:00,383.8604431152344,391.3544647812585,383.8604431152344,383.8604431152344,0
2000-09-07 00:00:00+09:00,383.8604431152344,391.3544647812585,383.8604431152344,383.8604431152344,0
2000-09-08 00:00:00+09:00,383.8604431152344,391.3544647812585,383.8604431152344,383.8604431152344,0
2000-09-11 00:00:00+09:00,387.1911315917969,391.3544770927839,387.1911315917969,387.1911315917969,0
2000-09-12 00:00:00+09:00,387.1911315917969,391.3544770927839,387.1911315917969,387.1911315917969,0
2000-09-13 00:00:00+09:00,387.1911315917969,391.3544770927839,387.1911315917969,387.1911315917969,0
2000-09-14 00:00:00+09:00,387.1911315917969,391.3544770927839,387.1911315917969,387.1911315917969,0
2000-09-15 00:00:00+09:00,387.1911315917969,387.1911315917969,387.1911315917969,387.1911315917969,0
2000-09-18 00:00:00+09:00,389.68914794921875,395.51783178606604,389.68914794921875,389.68914794921875,0
2000-09-19 00:00:00+09:00,388.8564758300781,391.35448316945764,388.8564758300781,388.8564758300781,0
2000-09-20 00:00:00+09:00,388.8564758300781,388.8564758300781,388.8564758300781,388.8564758300781,1000
2000-09-21 00:00:00+09:00,391.3544921875,391.3544921875,391.3544921875,391.3544921875,1000
2000-09-22 00:00:00+09:00,383.0277404785156,395.5177754941194,383.0277404785156,383.0277404785156,0
2000-09-25 00:00:00+09:00,383.0277404785156,395.5177754941194,383.0277404785156,383.0277404785156,0
2000-09-26 00:00:00+09:00,383.0277404785156,395.5177754941194,383.0277404785156,383.0277404785156,0
2000-09-27 00:00:00+09:00,383.0277404785156,395.5177754941194,383.0277404785156,383.0277404785156,0
2000-09-28 00:00:00+09:00,374.7011413574219,395.5178714328342,374.7011413574219,374.7011413574219,0
2000-09-29 00:00:00+09:00,374.7011413574219,395.5178714328342,374.7011413574219,374.7011413574219,0
2000-10-02 00:00:00+09:00,374.7011413574219,374.7011413574219,374.7011413574219,374.7011413574219,0
2000-10-03 00:00:00+09:00,374.7011413574219,374.7011413574219,374.7011413574219,374.7011413574219,0
2000-10-04 00:00:00+09:00,350.5537414550781,395.51787931392425,350.5537414550781,350.5537414550781,0
2000-10-05 00:00:00+09:00,354.7169494628906,395.51772534007756,354.7169494628906,354.7169494628906,0
2000-10-06 00:00:00+09:00,349.7210693359375,395.51787603469126,349.7210693359375,349.7210693359375,0
2000-10-09 00:00:00+09:00,349.7210693359375,349.7210693359375,349.7210693359375,349.7210693359375,0
2000-10-10 00:00:00+09:00,350.5537414550781,395.51787931392425,350.5537414550781,350.5537414550781,0
2000-10-11 00:00:00+09:00,351.38629150390625,395.5177451761978,351.38629150390625,351.38629150390625,0
2000-10-12 00:00:00+09:00,353.88433837890625,395.5177899528952,353.88433837890625,353.88433837890625,0
2000-10-13 00:00:00+09:00,353.88433837890625,353.88433837890625,353.88433837890625,353.88433837890625,0
2000-10-16 00:00:00+09:00,353.88433837890625,353.88433837890625,353.88433837890625,353.88433837890625,0
2000-10-17 00:00:00+09:00,353.88433837890625,353.88433837890625,353.88433837890625,353.88433837890625,0
2000-10-18 00:00:00+09:00,353.88433837890625,353.88433837890625,353.88433837890625,353.88433837890625,0
2000-10-19 00:00:00+09:00,374.7011413574219,395.5178714328342,374.7011413574219,374.7011413574219,0
2000-10-20 00:00:00+09:00,374.7011413574219,374.7011413574219,374.7011413574219,374.7011413574219,1000
2000-10-23 00:00:00+09:00,374.7011413574219,374.7011413574219,374.7011413574219,374.7011413574219,0
2000-10-24 00:00:00+09:00,374.7011413574219,374.7011413574219,374.7011413574219,374.7011413574219,0
2000-10-25 00:00:00+09:00,374.7011413574219,374.7011413574219,374.7011413574219,374.7011413574219,0
2000-10-26 00:00:00+09:00,366.3743896484375,374.7010803222656,366.3743896484375,366.3743896484375,0
2000-10-27 00:00:00+09:00,366.3743896484375,366.3743896484375,366.3743896484375,366.3743896484375,0
2000-10-30 00:00:00+09:00,366.3743896484375,366.3743896484375,366.3743896484375,366.3743896484375,0
2000-10-31 00:00:00+09:00,366.3743896484375,366.3743896484375,366.3743896484375,366.3743896484375,0
2000-11-01 00:00:00+09:00,370.5377502441406,370.5377502441406,370.5377502441406,370.5377502441406,1000
2000-11-02 00:00:00+09:00,366.3743896484375,370.53773498535156,366.3743896484375,366.3743896484375,0
2000-11-03 00:00:00+09:00,366.3743896484375,366.3743896484375,366.3743896484375,366.3743896484375,0
2000-11-06 00:00:00+09:00,366.3743896484375,366.3743896484375,366.3743896484375,366.3743896484375,2000
2000-11-07 00:00:00+09:00,366.3743896484375,366.3743896484375,366.3743896484375,366.3743896484375,3000
2000-11-08 00:00:00+09:00,366.3743896484375,366.3743896484375,366.3743896484375,366.3743896484375,1000
2000-11-09 00:00:00+09:00,366.3743896484375,366.3743896484375,366.3743896484375,366.3743896484375,4000
2000-11-10 00:00:00+09:00,366.3743896484375,366.3743896484375,366.3743896484375,366.3743896484375,0
2000-11-13 00:00:00+09:00,350.5537414550781,366.3744566276351,350.5537414550781,350.5537414550781,0
2000-11-14 00:00:00+09:00,350.5537414550781,366.3744566276351,350.5537414550781,350.5537414550781,0
2000-11-15 00:00:00+09:00,345.55767822265625,366.37440582643075,345.55767822265625,345.55767822265625,0
2000-11-16 00:00:00+09:00,345.55767822265625,366.37440582643075,345.55767822265625,345.55767822265625,0
2000-11-17 00:00:00+09:00,345.55767822265625,366.37440582643075,345.55767822265625,345.55767822265625,0
2000-11-20 00:00:00+09:00,345.55767822265625,345.55767822265625,345.55767822265625,345.55767822265625,0
2000-11-21 00:00:00+09:00,345.55767822265625,345.55767822265625,345.55767822265625,345.55767822265625,0
2000-11-22 00:00:00+09:00,345.55767822265625,345.55767822265625,345.55767822265625,345.55767822265625,0
2000-11-23 00:00:00+09:00,345.55767822265625,345.55767822265625,345.55767822265625,345.55767822265625,0
2000-11-24 00:00:00+09:00,345.55767822265625,345.55767822265625,345.55767822265625,345.55767822265625,0
2000-11-27 00:00:00+09:00,345.55767822265625,345.55767822265625,345.55767822265625,345.55767822265625,0
2000-11-28 00:00:00+09:00,345.55767822265625,345.55767822265625,345.55767822265625,345.55767822265625,0
2000-11-29 00:00:00+09:00,358.0477294921875,358.0477294921875,358.0477294921875,358.0477294921875,1000
2000-11-30 00:00:00+09:00,358.0477294921875,383.0278036428052,358.0477294921875,358.0477294921875,0
2000-12-01 00:00:00+09:00,358.0477294921875,383.0278036428052,358.0477294921875,358.0477294921875,0
2000-12-04 00:00:00+09:00,358.0477294921875,383.0278036428052,358.0477294921875,358.0477294921875,0
2000-12-05 00:00:00+09:00,358.88039863054144,358.88039863054144,358.0477294921875,358.0477294921875,2000
2000-12-06 00:00:00+09:00,355.5497567727277,355.5497567727277,350.5537414550781,350.5537414550781,2000
2000-12-07 00:00:00+09:00,350.5537414550781,350.5537414550781,350.5537414550781,350.5537414550781,0
2000-12-08 00:00:00+09:00,350.5537414550781,350.5537414550781,350.5537414550781,350.5537414550781,1000
2000-12-11 00:00:00+09:00,333.0675964355469,395.5177707672119,333.0675964355469,333.0675964355469,0
2000-12-12 00:00:00+09:00,349.7210693359375,349.7210693359375,349.7210693359375,349.7210693359375,1000
2000-12-13 00:00:00+09:00,349.7210693359375,349.7210693359375,349.7210693359375,349.7210693359375,0
2000-12-14 00:00:00+09:00,349.7210693359375,349.7210693359375,349.7210693359375,349.7210693359375,0
2000-12-15 00:00:00+09:00,358.0477294921875,358.0477294921875,358.0477294921875,358.0477294921875,1000
2000-12-18 00:00:00+09:00,358.0477294921875,358.0477294921875,358.0477294921875,358.0477294921875,0
2000-12-19 00:00:00+09:00,349.7210693359375,358.04776146298366,349.7210693359375,349.7210693359375,0
2000-12-20 00:00:00+09:00,358.0477294921875,358.0477294921875,358.0477294921875,358.0477294921875,1000
2000-12-21 00:00:00+09:00,358.04776146298366,358.04776146298366,349.7210693359375,349.7210693359375,2000
2000-12-22 00:00:00+09:00,358.0477294921875,358.0477294921875,358.0477294921875,358.0477294921875,1000
2000-12-25 00:00:00+09:00,358.0477294921875,358.0477294921875,358.0477294921875,358.0477294921875,1000
2000-12-26 00:00:00+09:00,358.0477294921875,358.0477294921875,358.0477294921875,358.0477294921875,1000
2000-12-27 00:00:00+09:00,358.0477294921875,358.0477294921875,358.0477294921875,358.0477294921875,0
2000-12-28 00:00:00+09:00,358.0477294921875,358.0477294921875,358.0477294921875,358.0477294921875,0
2000-12-29 00:00:00+09:00,358.0477294921875,358.0477294921875,358.0477294921875,358.0477294921875,0
2001-01-01 00:00:00+09:00,358.0477294921875,358.0477294921875,358.0477294921875,358.0477294921875,0
2001-01-02 00:00:00+09:00,358.0477294921875,358.0477294921875,358.0477294921875,358.0477294921875,0
2001-01-03 00:00:00+09:00,358.0477294921875,358.0477294921875,358.0477294921875,358.0477294921875,0
2001-01-04 00:00:00+09:00,358.0477294921875,358.0477294921875,358.0477294921875,358.0477294921875,1000
2001-01-05 00:00:00+09:00,358.0477294921875,424.66126056050143,358.0477294921875,358.0477294921875,0
2001-01-08 00:00:00+09:00,358.0477294921875,358.0477294921875,358.0477294921875,358.0477294921875,0
2001-01-09 00:00:00+09:00,358.0477294921875,424.66126056050143,358.0477294921875,358.0477294921875,0
2001-01-10 00:00:00+09:00,358.0477294921875,358.0477294921875,358.0477294921875,358.0477294921875,1000
2001-01-11 00:00:00+09:00,358.0477294921875,358.0477294921875,358.0477294921875,358.0477294921875,1000
2001-01-12 00:00:00+09:00,333.0675964355469,374.70104598999023,333.0675964355469,333.0675964355469,0
2001-01-15 00:00:00+09:00,349.7210693359375,420.4979524158296,349.7210693359375,349.7210693359375,0
2001-01-16 00:00:00+09:00,374.7011413574219,374.7011413574219,374.7011413574219,374.7011413574219,1000
2001-01-17 00:00:00+09:00,374.7011413574219,374.7011413574219,374.7011413574219,374.7011413574219,1000
2001-01-18 00:00:00+09:00,366.3743896484375,420.4978790283203,366.3743896484375,366.3743896484375,0
2001-01-19 00:00:00+09:00,374.7011413574219,420.497947523329,374.7011413574219,374.7011413574219,0
2001-01-22 00:00:00+09:00,374.7011413574219,428.8246395534939,374.7011413574219,374.7011413574219,0
2001-01-23 00:00:00+09:00,374.7011413574219,428.8246395534939,374.7011413574219,374.7011413574219,0
2001-01-24 00:00:00+09:00,374.7011413574219,428.8246395534939,374.7011413574219,374.7011413574219,0
2001-01-25 00:00:00+09:00,374.7011413574219,428.8246395534939,374.7011413574219,374.7011413574219,0
2001-01-26 00:00:00+09:00,374.7011413574219,428.8246395534939,374.7011413574219,374.7011413574219,0
2001-01-29 00:00:00+09:00,374.7011413574219,374.7011413574219,374.7011413574219,374.7011413574219,0
2001-01-30 00:00:00+09:00,374.7011413574219,374.7011413574219,374.7011413574219,374.7011413574219,0
2001-01-31 00:00:00+09:00,349.7210693359375,424.6612984793527,349.7210693359375,349.7210693359375,0
2001-02-01 00:00:00+09:00,349.7210693359375,424.6612984793527,349.7210693359375,349.7210693359375,0
2001-02-02 00:00:00+09:00,349.7210693359375,349.7210693359375,349.7210693359375,349.7210693359375,1000
2001-02-05 00:00:00+09:00,355.5497131347656,355.5497131347656,355.5497131347656,355.5497131347656,1816000
2001-02-06 00:00:00+09:00,355.5497131347656,355.5497131347656,355.5497131347656,355.5497131347656,0
2001-02-07 00:00:00+09:00,355.5497131347656,355.5497131347656,355.5497131347656,355.5497131347656,0
2001-02-08 00:00:00+09:00,355.5497131347656,355.5497131347656,355.5497131347656,355.5497131347656,0
2001-02-09 00:00:00+09:00,355.5497131347656,355.5497131347656,355.5497131347656,355.5497131347656,0
2001-02-12 00:00:00+09:00,355.5497131347656,355.5497131347656,355.5497131347656,355.5497131347656,0
2001-02-13 00:00:00+09:00,355.5497131347656,355.5497131347656,355.5497131347656,355.5497131347656,0
2001-02-14 00:00:00+09:00,355.5497131347656,355.5497131347656,355.5497131347656,355.5497131347656,0
2001-02-15 00:00:00+09:00,355.5497131347656,355.5497131347656,355.5497131347656,355.5497131347656,0
2001-02-16 00:00:00+09:00,355.5497131347656,355.5497131347656,355.5497131347656,355.5497131347656,0
2001-02-19 00:00:00+09:00,355.5497131347656,355.5497131347656,355.5497131347656,355.5497131347656,0
2001-02-20 00:00:00+09:00,355.5497131347656,355.5497131347656,355.5497131347656,355.5497131347656,0
2001-02-21 00:00:00+09:00,355.5497131347656,355.5497131347656,355.5497131347656,355.5497131347656,0
2001-02-22 00:00:00+09:00,355.5497131347656,355.5497131347656,355.5497131347656,355.5497131347656,0
2001-02-23 00:00:00+09:00,355.5497131347656,355.5497131347656,355.5497131347656,355.5497131347656,0
2001-02-26 00:00:00+09:00,355.5497131347656,355.5497131347656,355.5497131347656,355.5497131347656,0
2001-02-27 00:00:00+09:00,355.5497131347656,355.5497131347656,355.5497131347656,355.5497131347656,0
2001-02-28 00:00:00+09:00,355.5497131347656,355.5497131347656,355.5497131347656,355.5497131347656,0
2001-03-01 00:00:00+09:00,355.5497131347656,355.5497131347656,355.5497131347656,355.5497131347656,0
2001-03-02 00:00:00+09:00,355.5497131347656,355.5497131347656,355.5497131347656,355.5497131347656,0
2001-03-05 00:00:00+09:00,355.5497131347656,355.5497131347656,355.5497131347656,355.5497131347656,0
2001-03-06 00:00:00+09:00,355.5497131347656,355.5497131347656,355.5497131347656,355.5497131347656,0
2001-03-07 00:00:00+09:00,355.5497131347656,355.5497131347656,355.5497131347656,355.5497131347656,0
2001-03-08 00:00:00+09:00,355.5497131347656,355.5497131347656,355.5497131347656,355.5497131347656,0
2001-03-09 00:00:00+09:00,355.5497131347656,355.5497131347656,355.5497131347656,355.5497131347656,0
2001-03-12 00:00:00+09:00,355.5497131347656,355.5497131347656,355.5497131347656,355.5497131347656,0
2001-03-13 00:00:00+09:00,355.5497131347656,355.5497131347656,355.5497131347656,355.5497131347656,0
2001-03-14 00:00:00+09:00,355.5497131347656,355.5497131347656,355.5497131347656,355.5497131347656,0
2001-03-15 00:00:00+09:00,355.5497131347656,355.5497131347656,355.5497131347656,355.5497131347656,0
2001-03-16 00:00:00+09:00,355.5497131347656,355.5497131347656,355.5497131347656,355.5497131347656,0
2001-03-19 00:00:00+09:00,378.8644104003906,415.5018478896592,378.8644104003906,378.8644104003906,0
2001-03-20 00:00:00+09:00,378.8644104003906,378.8644104003906,378.8644104003906,378.8644104003906,0
2001-03-21 00:00:00+09:00,384.693115234375,384.693115234375,384.693115234375,384.693115234375,1000
2001-03-22 00:00:00+09:00,384.693115234375,384.693115234375,384.693115234375,384.693115234375,0
2001-03-23 00:00:00+09:00,384.693115234375,395.5178132820955,384.693115234375,384.693115234375,0
2001-03-26 00:00:00+09:00,399.6811828613281,416.33456548055017,399.6811828613281,399.6811828613281,0
2001-03-27 00:00:00+09:00,360.299560546875,402.1948582848837,360.299560546875,360.299560546875,0
2001-03-28 00:00:00+09:00,360.299560546875,418.9529773800872,360.299560546875,360.299560546875,0
2001-03-29 00:00:00+09:00,360.299560546875,393.81579873728197,360.299560546875,360.299560546875,0
2001-03-30 00:00:00+09:00,360.299560546875,393.81579873728197,360.299560546875,360.299560546875,0
2001-04-02 00:00:00+09:00,377.0576477050781,377.0576477050781,377.0576477050781,377.0576477050781,1000
2001-04-03 00:00:00+09:00,360.299560546875,377.0576796420785,360.299560546875,360.299560546875,0
2001-04-04 00:00:00+09:00,360.299560546875,377.0576796420785,360.299560546875,360.299560546875,0
2001-04-05 00:00:00+09:00,360.299560546875,377.0576796420785,360.299560546875,360.299560546875,0
2001-04-06 00:00:00+09:00,360.299560546875,377.0576796420785,360.299560546875,360.299560546875,0
2001-04-09 00:00:00+09:00,360.299560546875,360.299560546875,360.299560546875,360.299560546875,0
2001-04-10 00:00:00+09:00,360.299560546875,377.0576796420785,360.299560546875,360.299560546875,0
2001-04-11 00:00:00+09:00,360.299560546875,377.0576796420785,360.299560546875,360.299560546875,0
2001-04-12 00:00:00+09:00,368.6786804199219,368.6786804199219,368.6786804199219,368.6786804199219,1000
2001-04-13 00:00:00+09:00,360.299560546875,435.7110964752907,360.299560546875,360.299560546875,0
2001-04-16 00:00:00+09:00,360.299560546875,418.115071425327,360.299560546875,360.299560546875,0
2001-04-17 00:00:00+09:00,360.299560546875,360.299560546875,360.299560546875,360.299560546875,1000
2001-04-18 00:00:00+09:00,360.299560546875,418.115071425327,360.299560546875,360.299560546875,0
2001-04-19 00:00:00+09:00,360.299560546875,418.115071425327,360.299560546875,360.299560546875,0
2001-04-20 00:00:00+09:00,388.7884216308594,418.11513446939404,388.7884216308594,388.7884216308594,0
2001-04-23 00:00:00+09:00,369.51654052734375,403.03278003095767,369.51654052734375,369.51654052734375,0
2001-04-24 00:00:00+09:00,360.299560546875,403.0327642396439,360.299560546875,360.299560546875,0
2001-04-25 00:00:00+09:00,360.299560546875,403.0327642396439,360.299560546875,360.299560546875,0
2001-04-26 00:00:00+09:00,360.299560546875,403.0327642396439,360.299560546875,360.299560546875,0
2001-04-27 00:00:00+09:00,360.299560546875,403.0327642396439,360.299560546875,360.299560546875,0
2001-04-30 00:00:00+09:00,360.299560546875,360.299560546875,360.299560546875,360.299560546875,0
2001-05-01 00:00:00+09:00,364.48919677734375,398.0054447568696,364.48919677734375,364.48919677734375,0
2001-05-02 00:00:00+09:00,368.6786804199219,398.0053936351429,368.6786804199219,368.6786804199219,0
2001-05-03 00:00:00+09:00,368.6786804199219,368.6786804199219,368.6786804199219,368.6786804199219,0
2001-05-04 00:00:00+09:00,368.6786804199219,368.6786804199219,368.6786804199219,368.6786804199219,0
2001-05-07 00:00:00+09:00,372.8681335449219,398.00531108727614,372.8681335449219,372.8681335449219,0
2001-05-08 00:00:00+09:00,372.8681335449219,398.00531108727614,372.8681335449219,372.8681335449219,0
2001-05-09 00:00:00+09:00,372.8681335449219,372.8681335449219,372.8681335449219,372.8681335449219,1000
2001-05-10 00:00:00+09:00,347.7309875488281,398.0053471944418,347.7309875488281,347.7309875488281,0
2001-05-11 00:00:00+09:00,347.7309875488281,347.7309875488281,347.7309875488281,347.7309875488281,0
2001-05-14 00:00:00+09:00,347.7309875488281,347.7309875488281,347.7309875488281,347.7309875488281,0
2001-05-15 00:00:00+09:00,347.7309875488281,347.7309875488281,347.7309875488281,347.7309875488281,0
2001-05-16 00:00:00+09:00,347.7309875488281,347.7309875488281,347.7309875488281,347.7309875488281,0
2001-05-17 00:00:00+09:00,360.299560546875,400.51904637536336,360.299560546875,360.299560546875,0
2001-05-18 00:00:00+09:00,360.299560546875,400.51904637536336,360.299560546875,360.299560546875,0
2001-05-21 00:00:00+09:00,361.1374816894531,417.27718301936807,361.1374816894531,361.1374816894531,0
2001-05-22 00:00:00+09:00,361.1374816894531,417.27718301936807,361.1374816894531,361.1374816894531,0
2001-05-23 00:00:00+09:00,377.0576477050781,402.19482421875,377.0576477050781,377.0576477050781,0
2001-05-24 00:00:00+09:00,377.0576477050781,417.2771301269531,377.0576477050781,377.0576477050781,0
2001-05-25 00:00:00+09:00,377.0576477050781,402.19482421875,377.0576477050781,377.0576477050781,0
2001-05-28 00:00:00+09:00,377.0576477050781,377.0576477050781,377.0576477050781,377.0576477050781,0
2001-05-29 00:00:00+09:00,385.4367980957031,385.4367980957031,385.4367980957031,385.4367980957031,1000
2001-05-30 00:00:00+09:00,377.0576477050781,452.46917724609375,377.0576477050781,377.0576477050781,0
2001-05-31 00:00:00+09:00,377.0576477050781,481.79588317871094,377.0576477050781,377.0576477050781,0
2001-06-01 00:00:00+09:00,429.0079345703125,429.0079345703125,429.0079345703125,429.0079345703125,1000
2001-06-04 00:00:00+09:00,429.0079345703125,429.0079345703125,429.0079345703125,429.0079345703125,0
2001-06-05 00:00:00+09:00,377.0576477050781,427.3320007324219,377.0576477050781,377.0576477050781,0
2001-06-06 00:00:00+09:00,377.0576477050781,427.3320007324219,377.0576477050781,377.0576477050781,0
2001-06-07 00:00:00+09:00,402.1949157714844,402.1949157714844,402.1949157714844,402.1949157714844,1000
2001-06-08 00:00:00+09:00,377.0576477050781,427.3320007324219,377.0576477050781,377.0576477050781,0
2001-06-11 00:00:00+09:00,368.6786804199219,418.11513983986595,368.6786804199219,368.6786804199219,0
2001-06-12 00:00:00+09:00,368.6786804199219,402.1949240944602,368.6786804199219,368.6786804199219,0
2001-06-13 00:00:00+09:00,335.16241455078125,402.1948974609375,335.16241455078125,335.16241455078125,0
2001-06-14 00:00:00+09:00,402.1949157714844,402.1949157714844,402.1949157714844,402.1949157714844,1000
2001-06-15 00:00:00+09:00,377.0576477050781,400.5190124511719,377.0576477050781,377.0576477050781,0
2001-06-18 00:00:00+09:00,351.9205017089844,402.19485909598217,351.9205017089844,351.9205017089844,0
2001-06-19 00:00:00+09:00,402.1949157714844,402.1949157714844,402.1949157714844,402.1949157714844,1000
2001-06-20 00:00:00+09:00,351.9205017089844,402.19485909598217,351.9205017089844,351.9205017089844,0
2001-06-21 00:00:00+09:00,335.16241455078125,400.5190853881836,335.16241455078125,335.16241455078125,0
2001-06-22 00:00:00+09:00,356.11004638671875,356.11004638671875,356.11004638671875,356.11004638671875,1000
2001-06-25 00:00:00+09:00,356.11004638671875,418.9529957490809,356.11004638671875,356.11004638671875,0
2001-06-26 00:00:00+09:00,356.11004638671875,402.1948759191177,356.11004638671875,356.11004638671875,0
2001-06-27 00:00:00+09:00,360.299560546875,402.1948582848837,360.299560546875,360.299560546875,0
2001-06-28 00:00:00+09:00,360.299560546875,402.1948582848837,360.299560546875,360.299560546875,0
2001-06-29 00:00:00+09:00,360.299560546875,360.299560546875,360.299560546875,360.299560546875,3000
2001-07-02 00:00:00+09:00,360.299560546875,360.299560546875,360.299560546875,360.299560546875,11000
2001-07-03 00:00:00+09:00,360.299560546875,360.299560546875,360.299560546875,360.299560546875,5000
2001-07-04 00:00:00+09:00,356.11004638671875,368.6786362591912,356.11004638671875,356.11004638671875,0
2001-07-05 00:00:00+09:00,356.11004638671875,368.6786362591912,356.11004638671875,356.11004638671875,0
2001-07-06 00:00:00+09:00,356.11004638671875,368.6786362591912,356.11004638671875,356.11004638671875,0
2001-07-09 00:00:00+09:00,356.11004638671875,368.6786362591912,356.11004638671875,356.11004638671875,0
2001-07-10 00:00:00+09:00,356.11003077307413,360.299560546875,356.11003077307413,360.299560546875,2000
2001-07-11 00:00:00+09:00,360.299560546875,360.299560546875,360.299560546875,360.299560546875,1000
2001-07-12 00:00:00+09:00,351.9205017089844,368.67862083798366,351.9205017089844,351.9205017089844,0
2001-07-13 00:00:00+09:00,351.9205017089844,368.67862083798366,351.9205017089844,351.9205017089844,0
2001-07-16 00:00:00+09:00,351.9205017089844,351.9205017089844,351.9205017089844,351.9205017089844,0
2001-07-17 00:00:00+09:00,368.6786804199219,368.6786804199219,368.6786804199219,368.6786804199219,1000
2001-07-18 00:00:00+09:00,351.9205017089844,368.67862083798366,351.9205017089844,351.9205017089844,0
2001-07-19 00:00:00+09:00,351.9205017089844,368.67862083798366,351.9205017089844,351.9205017089844,0
2001-07-20 00:00:00+09:00,351.9205017089844,351.9205017089844,351.9205017089844,351.9205017089844,0
2001-07-23 00:00:00+09:00,351.9205017089844,351.9205017089844,351.9205017089844,351.9205017089844,1000
2001-07-24 00:00:00+09:00,335.16241455078125,351.9205352783203,335.16241455078125,335.16241455078125,0
2001-07-25 00:00:00+09:00,335.16241455078125,351.9205352783203,335.16241455078125,335.16241455078125,0
2001-07-26 00:00:00+09:00,335.16241455078125,351.9205352783203,335.16241455078125,335.16241455078125,0
2001-07-27 00:00:00+09:00,351.9205017089844,351.9205017089844,351.9205017089844,351.9205017089844,1000
2001-07-30 00:00:00+09:00,351.9205017089844,351.9205017089844,351.9205017089844,351.9205017089844,1000
2001-07-31 00:00:00+09:00,335.16241455078125,351.9205352783203,335.16241455078125,335.16241455078125,0
2001-08-01 00:00:00+09:00,335.16241455078125,335.16241455078125,335.16241455078125,335.16241455078125,0
2001-08-02 00:00:00+09:00,343.5414749145508,343.5414749145508,335.16241455078125,335.16241455078125,2000
2001-08-03 00:00:00+09:00,318.404296875,343.5414782072368,318.404296875,318.404296875,0
2001-08-06 00:00:00+09:00,330.9728698730469,330.9728698730469,330.9728698730469,330.9728698730469,1000
2001-08-07 00:00:00+09:00,326.7833707765545,343.54149235483936,326.7833707765545,327.62127685546875,4000
2001-08-08 00:00:00+09:00,327.62123115735176,327.62123115735176,326.7833251953125,326.7833251953125,2000
2001-08-09 00:00:00+09:00,326.7833251953125,326.7833251953125,326.7833251953125,326.7833251953125,2000
2001-08-10 00:00:00+09:00,318.404296875,318.404296875,318.404296875,318.404296875,2000
2001-08-13 00:00:00+09:00,319.24224797739373,320.9180603027344,319.24224797739373,320.9180603027344,2000
2001-08-14 00:00:00+09:00,320.9180608634248,320.9180608634248,319.24224853515625,319.24224853515625,2000
2001-08-15 00:00:00+09:00,318.4042822265625,318.4042822265625,314.2147521972656,314.2147521972656,2000
2001-08-16 00:00:00+09:00,310.0252411582253,310.0252411582253,294.94293212890625,294.94293212890625,2000
2001-08-17 00:00:00+09:00,293.2670745414886,294.10498046875,293.2670745414886,294.10498046875,3000
2001-08-20 00:00:00+09:00,294.10498046875,294.10498046875,294.10498046875,294.10498046875,1000
2001-08-21 00:00:00+09:00,294.1050570242746,294.1050570242746,293.26715087890625,293.26715087890625,4000
2001-08-22 00:00:00+09:00,293.2670745414886,294.10498046875,293.2670745414886,294.10498046875,3000
2001-08-23 00:00:00+09:00,294.1050570242746,294.1050570242746,293.26715087890625,293.26715087890625,4000
2001-08-24 00:00:00+09:00,293.26715087890625,293.26715087890625,293.26715087890625,293.26715087890625,2000
2001-08-27 00:00:00+09:00,293.26715087890625,293.26715087890625,293.26715087890625,293.26715087890625,12000
2001-08-28 00:00:00+09:00,291.59124755859375,293.2670593261719,291.59124755859375,291.59124755859375,0
2001-08-29 00:00:00+09:00,291.59124755859375,293.2670593261719,291.59124755859375,291.59124755859375,0
2001-08-30 00:00:00+09:00,293.26715087890625,293.26715087890625,293.26715087890625,293.26715087890625,1000
2001-08-31 00:00:00+09:00,291.59124755859375,293.2670593261719,291.59124755859375,291.59124755859375,0
2001-09-03 00:00:00+09:00,293.26710523370343,293.26710523370343,292.42919921875,292.42919921875,3000
2001-09-04 00:00:00+09:00,292.4292315262154,292.4292315262154,284.88807655849064,285.7259826660156,13000
2001-09-05 00:00:00+09:00,284.8880633729877,284.8880633729877,276.5090026855469,276.5090026855469,4000
2001-09-06 00:00:00+09:00,276.5090026855469,301.6461847478693,276.5090026855469,276.5090026855469,0
2001-09-07 00:00:00+09:00,277.346923828125,289.07760942810614,277.346923828125,277.346923828125,0
2001-09-10 00:00:00+09:00,278.184814453125,278.184814453125,278.184814453125,278.184814453125,1000
2001-09-11 00:00:00+09:00,278.184814453125,278.184814453125,278.184814453125,278.184814453125,2000
2001-09-12 00:00:00+09:00,278.184814453125,278.184814453125,278.184814453125,278.184814453125,0
2001-09-13 00:00:00+09:00,276.50901771384065,277.346923828125,276.50901771384065,277.346923828125,2000
2001-09-14 00:00:00+09:00,277.346923828125,277.346923828125,277.346923828125,277.346923828125,2000
2001-09-17 00:00:00+09:00,277.346923828125,277.346923828125,277.346923828125,277.346923828125,2000
2001-09-18 00:00:00+09:00,278.18480493577863,278.18480493577863,244.66856337725108,247.18228149414062,5000
2001-09-19 00:00:00+09:00,247.18232574462888,251.3718566894531,247.18232574462888,251.37185668945312,4000
2001-09-20 00:00:00+09:00,249.6959687310296,249.6959687310296,248.02015686035156,248.02015686035156,7000
2001-09-21 00:00:00+09:00,247.18228149414062,251.37181168895657,247.18228149414062,247.18228149414062,0
2001-09-24 00:00:00+09:00,247.18228149414062,247.18228149414062,247.18228149414062,247.18228149414062,0
2001-09-25 00:00:00+09:00,251.3718566894531,251.3718566894531,251.3718566894531,251.37185668945312,1000
2001-09-26 00:00:00+09:00,251.3718566894531,252.20976287841796,251.3718566894531,251.37185668945312,4000
2001-09-27 00:00:00+09:00,251.3718566894531,251.3718566894531,251.3718566894531,251.37185668945312,2000
2001-09-28 00:00:00+09:00,251.3718566894531,251.3718566894531,251.3718566894531,251.37185668945312,0
2001-10-01 00:00:00+09:00,251.3718566894531,251.3718566894531,251.3718566894531,251.37185668945312,6000
2001-10-02 00:00:00+09:00,251.37184352090915,251.37184352090915,244.6685943603516,244.66859436035156,5000
2001-10-03 00:00:00+09:00,248.02015686035156,248.02015686035156,248.02015686035156,248.02015686035156,1000
2001-10-04 00:00:00+09:00,248.02018753310384,248.02018753310384,247.18228149414062,247.18228149414062,3000
2001-10-05 00:00:00+09:00,247.18228149414062,248.02018753310384,247.18228149414062,247.18228149414062,0
2001-10-08 00:00:00+09:00,247.18228149414062,247.18228149414062,247.18228149414062,247.18228149414062,0
2001-10-09 00:00:00+09:00,246.34434498967352,248.02015686035156,246.34434498967352,248.02015686035156,5000
2001-10-10 00:00:00+09:00,246.34437561035156,246.34437561035156,246.34437561035156,246.34437561035156,1000
2001-10-11 00:00:00+09:00,246.34437561035156,246.34437561035156,246.34437561035156,246.34437561035156,3000
2001-10-12 00:00:00+09:00,245.50645446777344,245.50645446777344,245.50645446777344,245.50645446777344,3000
2001-10-15 00:00:00+09:00,245.50643936683392,248.02015717605065,242.9927215576172,242.9927215576172,9000
2001-10-16 00:00:00+09:00,245.50645446777344,245.50645446777344,245.50645446777344,245.50645446777344,1000
2001-10-17 00:00:00+09:00,238.80322265625,246.34437705592106,238.80322265625,238.80322265625,0
2001-10-18 00:00:00+09:00,238.80322265625,245.50647101151316,238.80322265625,238.80322265625,0
2001-10-19 00:00:00+09:00,245.50645446777344,245.50645446777344,245.50645446777344,245.50645446777344,1000
2001-10-22 00:00:00+09:00,242.9927215576172,245.50643936683392,242.9927215576172,242.9927215576172,0
2001-10-23 00:00:00+09:00,242.9927215576172,242.9927215576172,242.9927215576172,242.9927215576172,3000
2001-10-24 00:00:00+09:00,242.9927215576172,243.83062749402276,242.9927215576172,242.9927215576172,3000
2001-10-25 00:00:00+09:00,243.83062749402276,248.02015717605065,242.9927215576172,242.9927215576172,11000
2001-10-26 00:00:00+09:00,242.9927215576172,242.9927215576172,242.9927215576172,242.9927215576172,7000
2001-10-29 00:00:00+09:00,242.9927215576172,243.83062749402276,242.9927215576172,242.9927215576172,3000
2001-10-30 00:00:00+09:00,242.9927215576172,243.83062749402276,242.9927215576172,242.9927215576172,3000
2001-10-31 00:00:00+09:00,242.9927215576172,247.18225123964507,242.9927215576172,242.9927215576172,6000
2001-11-01 00:00:00+09:00,242.9927512993247,247.18228149414062,242.9927512993247,247.18228149414062,4000
2001-11-02 00:00:00+09:00,243.83065749187858,247.18228164984257,243.83065749187858,246.34437561035156,4000
2001-11-05 00:00:00+09:00,246.34440665049098,246.34440665049098,244.6685943603516,244.66859436035156,5000
2001-11-06 00:00:00+09:00,244.66853343042834,244.66853343042834,242.9927215576172,242.9927215576172,4000
2001-11-07 00:00:00+09:00,243.8306427001953,244.66854868885576,243.8306427001953,243.8306427001953,0
2001-11-08 00:00:00+09:00,243.83062749402276,243.83062749402276,242.9927215576172,242.9927215576172,5000
2001-11-09 00:00:00+09:00,242.9927215576172,242.9927215576172,242.9927215576172,242.9927215576172,0
2001-11-12 00:00:00+09:00,242.9927215576172,242.9927215576172,242.9927215576172,242.9927215576172,5000
2001-11-13 00:00:00+09:00,242.9927215576172,242.9927215576172,242.9927215576172,242.9927215576172,3000
2001-11-14 00:00:00+09:00,242.9927215576172,242.9927215576172,242.9927215576172,242.9927215576172,2000
2001-11-15 00:00:00+09:00,240.47901916503906,241.31692515516116,240.47901916503906,240.47901916503906,0
2001-11-16 00:00:00+09:00,240.47897333531947,248.858031639686,239.6410675048828,239.6410675048828,21000
2001-11-19 00:00:00+09:00,238.8031918755893,242.9927215576172,238.8031918755893,242.9927215576172,13000
2001-11-20 00:00:00+09:00,243.8306427001953,268.12991637134877,243.8306427001953,243.8306427001953,0
2001-11-21 00:00:00+09:00,250.5338592529297,250.5338592529297,250.5338592529297,250.5338592529297,1000
2001-11-22 00:00:00+09:00,247.18228149414062,253.04762376688296,247.18228149414062,247.18228149414062,0
2001-11-23 00:00:00+09:00,247.18228149414062,247.18228149414062,247.18228149414062,247.18228149414062,0
2001-11-26 00:00:00+09:00,247.18228149414062,247.18228149414062,247.18228149414062,247.18228149414062,0
2001-11-27 00:00:00+09:00,243.8306427001953,254.72342055278133,243.8306427001953,243.8306427001953,0
2001-11-28 00:00:00+09:00,253.04757690429688,253.04757690429688,253.04757690429688,253.04757690429688,1000
2001-11-29 00:00:00+09:00,243.8306427001953,253.88551456412088,243.8306427001953,243.8306427001953,0
2001-11-30 00:00:00+09:00,247.18228149414062,253.88552980584615,247.18228149414062,247.18228149414062,0
2001-12-03 00:00:00+09:00,247.18228149414062,253.88552980584615,247.18228149414062,247.18228149414062,0
2001-12-04 00:00:00+09:00,253.88560485839844,253.88560485839844,253.88560485839844,253.88560485839844,1000
2001-12-05 00:00:00+09:00,251.3718566894531,263.9404495239258,251.3718566894531,251.37185668945312,0
2001-12-06 00:00:00+09:00,251.3718566894531,266.4541680908203,251.3718566894531,251.37185668945312,0
2001-12-07 00:00:00+09:00,251.37185761422825,251.37185761422825,248.85813903808594,248.85813903808594,2000
2001-12-10 00:00:00+09:00,247.18228149414062,247.18228149414062,247.18228149414062,247.18228149414062,2000
2001-12-11 00:00:00+09:00,247.18228149414062,247.18228149414062,247.18228149414062,247.18228149414062,1000
2001-12-12 00:00:00+09:00,247.18228149414062,247.18228149414062,247.18228149414062,247.18228149414062,1000
2001-12-13 00:00:00+09:00,247.18228149414062,266.45412039029395,247.18228149414062,247.18228149414062,0
2001-12-14 00:00:00+09:00,247.18228149414062,256.3992479227357,247.18228149414062,247.18228149414062,0
2001-12-17 00:00:00+09:00,251.37185761422825,251.37185761422825,248.85813903808594,248.85813903808594,2000
2001-12-18 00:00:00+09:00,247.18228149414062,251.37181168895657,247.18228149414062,247.18228149414062,0
2001-12-19 00:00:00+09:00,248.02015686035156,251.37178060170768,248.02015686035156,248.02015686035156,0
2001-12-20 00:00:00+09:00,250.5338592529297,251.37176513671875,250.5338592529297,250.5338592529297,0
2001-12-21 00:00:00+09:00,250.53395142218082,250.53395142218082,248.85813903808594,248.85813903808594,4000
2001-12-24 00:00:00+09:00,248.85813903808594,248.85813903808594,248.85813903808594,248.85813903808594,0
2001-12-25 00:00:00+09:00,248.85813903808594,248.85813903808594,248.85813903808594,248.85813903808594,2000
2001-12-26 00:00:00+09:00,251.37185761422825,251.37185761422825,248.85813903808594,248.85813903808594,2000
2001-12-27 00:00:00+09:00,248.85813903808594,263.9404504949396,248.85813903808594,248.85813903808594,0
2001-12-28 00:00:00+09:00,248.85813903808594,268.1299814551768,248.85813903808594,248.85813903808594,0
2001-12-31 00:00:00+09:00,248.85813903808594,248.85813903808594,248.85813903808594,248.85813903808594,0
2002-01-01 00:00:00+09:00,248.85813903808594,248.85813903808594,248.85813903808594,248.85813903808594,0
2002-01-02 00:00:00+09:00,248.85813903808594,248.85813903808594,248.85813903808594,248.85813903808594,0
2002-01-03 00:00:00+09:00,248.85813903808594,248.85813903808594,248.85813903808594,248.85813903808594,0
2002-01-04 00:00:00+09:00,258.0750427246094,258.0750427246094,258.0750427246094,258.0750427246094,1000
2002-01-07 00:00:00+09:00,258.0750427246094,258.0750427246094,258.0750427246094,258.0750427246094,1000
2002-01-08 00:00:00+09:00,251.3718566894531,258.0751062011719,251.3718566894531,251.37185668945312,0
2002-01-09 00:00:00+09:00,251.3718566894531,258.0751062011719,251.3718566894531,251.37185668945312,0
2002-01-10 00:00:00+09:00,255.56126403808594,255.56126403808594,255.56126403808594,255.56126403808594,1000
2002-01-11 00:00:00+09:00,255.56126403808594,258.07498138928025,255.56126403808594,255.56126403808594,0
2002-01-14 00:00:00+09:00,255.56126403808594,255.56126403808594,255.56126403808594,255.56126403808594,0
2002-01-15 00:00:00+09:00,257.2371520996094,257.2371520996094,257.2371520996094,257.2371520996094,1000
2002-01-16 00:00:00+09:00,255.56132477599306,258.0750427246094,255.56132477599306,258.0750427246094,2000
2002-01-17 00:00:00+09:00,251.3718566894531,259.75091857910155,251.3718566894531,251.37185668945312,0
2002-01-18 00:00:00+09:00,251.3718566894531,251.3718566894531,251.3718566894531,251.37185668945312,3000
2002-01-21 00:00:00+09:00,249.69604431152342,251.3718566894531,249.69604431152342,251.37185668945312,2000
2002-01-22 00:00:00+09:00,248.85813903808594,251.37185761422825,248.85813903808594,248.85813903808594,0
2002-01-23 00:00:00+09:00,248.85813903808594,251.37185761422825,248.85813903808594,248.85813903808594,0
2002-01-24 00:00:00+09:00,244.6685943603516,251.37184352090915,244.6685943603516,244.66859436035156,0
2002-01-25 00:00:00+09:00,251.3718566894531,251.3718566894531,251.3718566894531,251.37185668945312,1000
2002-01-28 00:00:00+09:00,251.3718566894531,251.3718566894531,251.3718566894531,251.37185668945312,1000
2002-01-29 00:00:00+09:00,251.3718566894531,251.3718566894531,251.3718566894531,251.37185668945312,2000
2002-01-30 00:00:00+09:00,248.85813903808594,251.37185761422825,248.85813903808594,248.85813903808594,0
2002-01-31 00:00:00+09:00,248.85813903808594,248.85813903808594,248.85813903808594,248.85813903808594,0
2002-02-01 00:00:00+09:00,251.3718566894531,259.75091857910155,251.3718566894531,251.37185668945312,0
2002-02-04 00:00:00+09:00,251.3718566894531,251.3718566894531,251.3718566894531,251.37185668945312,1000
2002-02-05 00:00:00+09:00,244.6685943603516,251.37184352090915,244.6685943603516,244.66859436035156,0
2002-02-06 00:00:00+09:00,244.6685943603516,251.37184352090915,244.6685943603516,244.66859436035156,0
2002-02-07 00:00:00+09:00,251.3718566894531,251.3718566894531,251.3718566894531,251.37185668945312,1000
2002-02-08 00:00:00+09:00,248.85813903808594,259.7509195347025,248.85813903808594,248.85813903808594,0
2002-02-11 00:00:00+09:00,248.85813903808594,248.85813903808594,248.85813903808594,248.85813903808594,0
2002-02-12 00:00:00+09:00,258.0750427246094,258.0750427246094,258.0750427246094,258.0750427246094,1000
2002-02-13 00:00:00+09:00,251.3718566894531,251.3718566894531,251.3718566894531,251.37185668945312,1000
2002-02-14 00:00:00+09:00,251.3718566894531,258.9130123901367,251.3718566894531,251.37185668945312,0
2002-02-15 00:00:00+09:00,252.20970153808594,258.9129494194969,252.20970153808594,252.20970153808594,0
2002-02-18 00:00:00+09:00,253.04757690429688,258.07501220703125,253.04757690429688,253.04757690429688,0
2002-02-19 00:00:00+09:00,254.7234344482422,258.07505858571903,254.7234344482422,254.7234344482422,0
2002-02-20 00:00:00+09:00,251.3718566894531,253.88557525634764,251.3718566894531,251.37185668945312,0
2002-02-21 00:00:00+09:00,255.56132477599306,258.0750427246094,255.56132477599306,258.0750427246094,3000
2002-02-22 00:00:00+09:00,255.56126403808594,258.07498138928025,255.56126403808594,255.56126403808594,0
2002-02-25 00:00:00+09:00,258.0750427246094,258.0750427246094,258.0750427246094,258.0750427246094,1000
2002-02-26 00:00:00+09:00,258.0750427246094,258.0750427246094,258.0750427246094,258.0750427246094,1000
2002-02-27 00:00:00+09:00,258.0750728484123,259.7508850097656,258.0750728484123,259.7508850097656,3000
2002-02-28 00:00:00+09:00,272.3194274902344,272.3194274902344,272.3194274902344,272.3194274902344,1000
2002-03-01 00:00:00+09:00,272.3194723418265,276.5090026855469,272.3194723418265,276.5090026855469,2000
2002-03-04 00:00:00+09:00,277.346923828125,285.7259849709687,277.346923828125,277.346923828125,0
2002-03-05 00:00:00+09:00,279.0227208917791,279.0227208917791,276.5090026855469,276.5090026855469,2000
2002-03-06 00:00:00+09:00,272.3194274902344,276.5089571439303,272.3194274902344,272.3194274902344,0
2002-03-07 00:00:00+09:00,272.3194122314453,272.3194122314453,261.4266357421875,261.4266357421875,5000
2002-03-08 00:00:00+09:00,268.1299133300781,268.1299133300781,265.61619539260863,268.1299133300781,3000
2002-03-11 00:00:00+09:00,276.5089571439303,276.5089571439303,272.3194274902344,272.3194274902344,3000
2002-03-12 00:00:00+09:00,268.1299133300781,268.1299133300781,268.1299133300781,268.1299133300781,1000
2002-03-13 00:00:00+09:00,272.3194432258606,272.3194432258606,268.1299133300781,268.1299133300781,4000
2002-03-14 00:00:00+09:00,268.1299133300781,268.1299133300781,268.1299133300781,268.1299133300781,2000
2002-03-15 00:00:00+09:00,272.3194274902344,272.3194274902344,272.3194274902344,272.3194274902344,3000
2002-03-18 00:00:00+09:00,276.5089566814366,280.698486328125,276.5089566814366,280.698486328125,2000
2002-03-19 00:00:00+09:00,282.37431308521946,284.8880310058594,282.37431308521946,284.8880310058594,4000
2002-03-20 00:00:00+09:00,289.0776070961155,289.0776070961155,280.6985460208658,285.7259826660156,3000
2002-03-21 00:00:00+09:00,285.7259826660156,285.7259826660156,285.7259826660156,285.7259826660156,0
2002-03-22 00:00:00+09:00,285.725936979406,289.0775608735926,284.8880310058594,284.8880310058594,4000
2002-03-25 00:00:00+09:00,289.0775603366036,289.91546630859375,285.725936448643,289.91546630859375,8000
2002-03-26 00:00:00+09:00,282.308349609375,282.308349609375,282.308349609375,282.308349609375,1000
2002-03-27 00:00:00+09:00,245.1180647510593,253.57041181144066,245.1180647510593,249.34423828125,4000
2002-03-28 00:00:00+09:00,251.0347442626953,258.64185772520125,251.0347442626953,251.0347442626953,0
2002-03-29 00:00:00+09:00,251.87995910644534,251.87995910644534,251.87995910644534,251.8799591064453,1000
2002-04-01 00:00:00+09:00,251.87995910644534,251.87995910644534,251.87995910644534,251.8799591064453,1000
2002-04-02 00:00:00+09:00,251.87995910644534,251.87995910644534,251.87995910644534,251.8799591064453,1000
2002-04-03 00:00:00+09:00,251.87995910644534,251.87995910644534,251.87995910644534,251.8799591064453,1000
2002-04-04 00:00:00+09:00,251.87995910644534,263.71324577587563,251.87995910644534,251.8799591064453,0
2002-04-05 00:00:00+09:00,251.87995910644534,260.33230672746697,251.87995910644534,251.8799591064453,0
2002-04-08 00:00:00+09:00,251.87995910644534,255.26089815485398,251.87995910644534,251.8799591064453,0
2002-04-09 00:00:00+09:00,251.87995910644534,251.87995910644534,251.87995910644534,251.8799591064453,1000
2002-04-10 00:00:00+09:00,257.7965087890625,257.7965087890625,257.7965087890625,257.7965087890625,1000
2002-04-11 00:00:00+09:00,253.57041931152347,253.57041931152347,253.57041931152347,253.57041931152344,1000
2002-04-12 00:00:00+09:00,253.57041931152347,254.41565404256187,253.57041931152347,253.57041931152344,0
2002-04-15 00:00:00+09:00,251.87995910644534,262.0227762516713,251.87995910644534,251.8799591064453,0
2002-04-16 00:00:00+09:00,251.87994984944663,253.57041931152347,251.87994984944663,253.57041931152344,2000
2002-04-17 00:00:00+09:00,236.66566467285156,252.72512048993792,236.66566467285156,236.66566467285156,0
2002-04-18 00:00:00+09:00,251.0347442626953,253.57044875019727,251.0347442626953,251.0347442626953,0
2002-04-19 00:00:00+09:00,251.0347442626953,251.0347442626953,251.0347442626953,251.0347442626953,1000
2002-04-22 00:00:00+09:00,249.34423828125,249.34423828125,249.34423828125,249.34423828125,1000
2002-04-23 00:00:00+09:00,236.66566467285156,236.66566467285156,236.66566467285156,236.66566467285156,2000
2002-04-24 00:00:00+09:00,238.35617065429688,238.35617065429688,238.35617065429688,238.35617065429688,1000
2002-04-25 00:00:00+09:00,238.35617065429688,249.3442210745304,238.35617065429688,238.35617065429688,0
2002-04-26 00:00:00+09:00,239.20140075683594,249.34421633663112,239.20140075683594,239.20140075683594,0
2002-04-29 00:00:00+09:00,239.20140075683594,239.20140075683594,239.20140075683594,239.20140075683594,0
2002-04-30 00:00:00+09:00,239.20140075683594,249.34421633663112,239.20140075683594,239.20140075683594,0
2002-05-01 00:00:00+09:00,244.27282714843753,244.27282714843753,244.27282714843753,244.2728271484375,1000
2002-05-02 00:00:00+09:00,236.66566467285156,236.66566467285156,236.66566467285156,236.66566467285156,4000
2002-05-03 00:00:00+09:00,236.66566467285156,236.66566467285156,236.66566467285156,236.66566467285156,0
2002-05-06 00:00:00+09:00,236.66566467285156,236.66566467285156,236.66566467285156,236.66566467285156,0
2002-05-07 00:00:00+09:00,240.89187622070312,240.89187622070312,240.89187622070312,240.89187622070312,1000
2002-05-08 00:00:00+09:00,245.11802673339844,245.11802673339844,245.11802673339844,245.11802673339844,1000
2002-05-09 00:00:00+09:00,236.66566467285156,249.3441824231829,236.66566467285156,236.66566467285156,0
2002-05-10 00:00:00+09:00,240.89187622070312,240.89187622070312,240.89187622070312,240.89187622070312,1000
2002-05-13 00:00:00+09:00,249.34423828125,249.34423828125,249.34423828125,249.34423828125,1000
2002-05-14 00:00:00+09:00,239.20140075683594,253.5703894948791,239.20140075683594,239.20140075683594,0
2002-05-15 00:00:00+09:00,239.20140075683594,253.5703894948791,239.20140075683594,239.20140075683594,0
2002-05-16 00:00:00+09:00,239.20140075683594,253.5703894948791,239.20140075683594,239.20140075683594,0
2002-05-17 00:00:00+09:00,239.20140075683594,253.5703894948791,239.20140075683594,239.20140075683594,0
2002-05-20 00:00:00+09:00,239.20140075683594,253.5703894948791,239.20140075683594,239.20140075683594,0
2002-05-21 00:00:00+09:00,239.20140075683594,253.5703894948791,239.20140075683594,239.20140075683594,0
2002-05-22 00:00:00+09:00,249.34423828125,249.34423828125,249.34423828125,249.34423828125,1000
2002-05-23 00:00:00+09:00,240.89187622070312,253.5703960217928,240.89187622070312,240.89187622070312,0
2002-05-24 00:00:00+09:00,246.8085479736328,253.5704260003077,246.8085479736328,246.8085479736328,0
2002-05-27 00:00:00+09:00,245.118049487733,245.118049487733,240.89187622070312,240.89187622070312,4000
2002-05-28 00:00:00+09:00,240.89187622070312,251.87992671498083,240.89187622070312,240.89187622070312,0
2002-05-29 00:00:00+09:00,240.89187622070312,252.7251613683868,240.89187622070312,240.89187622070312,0
2002-05-30 00:00:00+09:00,240.89187622070312,252.7251613683868,240.89187622070312,240.89187622070312,0
2002-05-31 00:00:00+09:00,240.89187622070312,251.87992671498083,240.89187622070312,240.89187622070312,0
2002-06-03 00:00:00+09:00,251.87994984944663,253.57041931152347,245.96330673217776,253.57041931152344,3000
2002-06-04 00:00:00+09:00,245.11802673339844,253.57037248282597,245.11802673339844,245.11802673339844,0
2002-06-05 00:00:00+09:00,245.11802673339844,253.57037248282597,245.11802673339844,245.11802673339844,0
2002-06-06 00:00:00+09:00,245.11802673339844,253.57037248282597,245.11802673339844,245.11802673339844,0
2002-06-07 00:00:00+09:00,245.11802673339844,253.57037248282597,245.11802673339844,245.11802673339844,0
2002-06-10 00:00:00+09:00,245.11802673339844,249.3441996081122,245.11802673339844,245.11802673339844,0
2002-06-11 00:00:00+09:00,245.11802673339844,249.3441996081122,245.11802673339844,245.11802673339844,0
2002-06-12 00:00:00+09:00,245.11802673339844,249.3441996081122,245.11802673339844,245.11802673339844,0
2002-06-13 00:00:00+09:00,249.34423828125,249.34423828125,249.34423828125,249.34423828125,1000
2002-06-14 00:00:00+09:00,245.11802673339844,251.87990333294047,245.11802673339844,245.11802673339844,0
2002-06-17 00:00:00+09:00,246.8085479736328,256.9513650136451,246.8085479736328,246.8085479736328,0
2002-06-18 00:00:00+09:00,249.34423828125,253.57041181144066,249.34423828125,249.34423828125,0
2002-06-19 00:00:00+09:00,249.34423828125,253.57041181144066,249.34423828125,249.34423828125,0
2002-06-20 00:00:00+09:00,249.34423828125,252.72517710540254,249.34423828125,249.34423828125,0
2002-06-21 00:00:00+09:00,249.34423828125,252.72517710540254,249.34423828125,249.34423828125,0
2002-06-24 00:00:00+09:00,249.34423828125,252.72517710540254,249.34423828125,249.34423828125,0
2002-06-25 00:00:00+09:00,252.72512817382812,252.72512817382812,252.72512817382812,252.72512817382812,1000
2002-06-26 00:00:00+09:00,253.57046944754467,266.2489929199219,250.18952985491072,266.2489929199219,3000
2002-06-27 00:00:00+09:00,262.0227355957031,266.24890875047254,262.0227355957031,262.0227355957031,0
2002-06-28 00:00:00+09:00,250.18942260742188,263.71317518079604,250.18942260742188,250.18942260742188,0
2002-07-01 00:00:00+09:00,256.9512743340164,257.7965087890625,256.9512743340164,257.7965087890625,2000
2002-07-02 00:00:00+09:00,257.7965087890625,257.7965087890625,257.7965087890625,257.7965087890625,1000
2002-07-03 00:00:00+09:00,257.79651096888955,260.33221435546875,257.79651096888955,260.33221435546875,2000
2002-07-04 00:00:00+09:00,253.57041931152347,261.17753189086915,253.57041931152347,253.57041931152344,0
2002-07-05 00:00:00+09:00,253.57041931152347,261.17753189086915,253.57041931152347,253.57041931152344,0
2002-07-08 00:00:00+09:00,254.41561889648438,262.0227304249507,254.41561889648438,254.41561889648438,0
2002-07-09 00:00:00+09:00,254.41561889648438,262.0227304249507,254.41561889648438,254.41561889648438,0
2002-07-10 00:00:00+09:00,262.0227355957031,262.0227355957031,262.0227355957031,262.0227355957031,1000
2002-07-11 00:00:00+09:00,262.0227355957031,262.0227355957031,262.0227355957031,262.0227355957031,1000
2002-07-12 00:00:00+09:00,254.41561889648438,261.17749581067665,254.41561889648438,254.41561889648438,0
2002-07-15 00:00:00+09:00,253.57041931152347,261.17753189086915,253.57041931152347,253.57041931152344,0
2002-07-16 00:00:00+09:00,253.57041931152347,257.79659296671554,253.57041931152347,253.57041931152344,0
2002-07-17 00:00:00+09:00,253.57041931152347,253.57041931152347,253.57041931152347,253.57041931152344,2000
2002-07-18 00:00:00+09:00,257.7965624409337,262.0227355957031,256.95132780997983,262.0227355957031,5000
2002-07-19 00:00:00+09:00,248.4989776611328,262.02273154745296,248.4989776611328,248.4989776611328,0
2002-07-22 00:00:00+09:00,249.34423828125,262.022758871822,249.34423828125,249.34423828125,0
2002-07-23 00:00:00+09:00,253.57041931152347,262.0227666219076,253.57041931152347,253.57041931152344,0
2002-07-24 00:00:00+09:00,248.4989776611328,265.403670019033,248.4989776611328,248.4989776611328,0
2002-07-25 00:00:00+09:00,248.4989776611328,264.55843540113796,248.4989776611328,248.4989776611328,0
2002-07-26 00:00:00+09:00,253.57041931152347,265.4037055460612,253.57041931152347,253.57041931152344,0
2002-07-29 00:00:00+09:00,255.2607879638672,264.55836633341204,255.2607879638672,255.2607879638672,0
2002-07-30 00:00:00+09:00,255.2607879638672,264.55836633341204,255.2607879638672,255.2607879638672,0
2002-07-31 00:00:00+09:00,255.2607879638672,264.55836633341204,255.2607879638672,255.2607879638672,0
2002-08-01 00:00:00+09:00,262.0227355957031,262.0227355957031,262.0227355957031,262.0227355957031,1000
2002-08-02 00:00:00+09:00,255.2607879638672,263.7131319361807,255.2607879638672,255.2607879638672,0
2002-08-05 00:00:00+09:00,248.4989776611328,262.02273154745296,248.4989776611328,248.4989776611328,0
2002-08-06 00:00:00+09:00,253.57041931152347,253.57041931152347,253.57041931152347,253.57041931152344,1000
2002-08-07 00:00:00+09:00,248.4989776611328,262.02273154745296,248.4989776611328,248.4989776611328,0
2002-08-08 00:00:00+09:00,256.1061706542969,262.0228148608318,256.1061706542969,256.1061706542969,0
2002-08-09 00:00:00+09:00,256.1061706542969,262.0228148608318,256.1061706542969,256.1061706542969,0
2002-08-12 00:00:00+09:00,256.1061706542969,265.4037544074232,256.1061706542969,256.1061706542969,0
2002-08-13 00:00:00+09:00,256.1061706542969,265.4037544074232,256.1061706542969,256.1061706542969,0
2002-08-14 00:00:00+09:00,265.4036560058594,265.4036560058594,265.4036560058594,265.4036560058594,1000
2002-08-15 00:00:00+09:00,256.1061706542969,262.0228148608318,256.1061706542969,256.1061706542969,0
2002-08-16 00:00:00+09:00,256.1061706542969,262.0228148608318,256.1061706542969,256.1061706542969,0
2002-08-19 00:00:00+09:00,256.1061706542969,262.0228148608318,256.1061706542969,256.1061706542969,0
2002-08-20 00:00:00+09:00,256.1061706542969,262.0228148608318,256.1061706542969,256.1061706542969,0
2002-08-21 00:00:00+09:00,262.0227355957031,262.0227355957031,262.0227355957031,262.0227355957031,1000
2002-08-22 00:00:00+09:00,256.1061706542969,264.55851952077535,256.1061706542969,256.1061706542969,0
2002-08-23 00:00:00+09:00,256.1061706542969,256.1061706542969,256.1061706542969,256.1061706542969,0
2002-08-26 00:00:00+09:00,262.0227355957031,263.7132048576109,262.0227355957031,262.0227355957031,0
2002-08-27 00:00:00+09:00,262.0227355957031,262.0227355957031,262.0227355957031,262.0227355957031,1000
2002-08-28 00:00:00+09:00,262.0227355957031,262.0227355957031,262.0227355957031,262.0227355957031,1000
2002-08-29 00:00:00+09:00,258.6418762207031,263.71328555836396,258.6418762207031,258.6418762207031,0
2002-08-30 00:00:00+09:00,258.6418762207031,263.71328555836396,258.6418762207031,258.6418762207031,0
2002-09-02 00:00:00+09:00,261.1775817871094,263.7132864646541,261.1775817871094,261.1775817871094,0
2002-09-03 00:00:00+09:00,262.8680515721392,268.78469581974366,261.1775817871094,261.1775817871094,7000
2002-09-04 00:00:00+09:00,259.48711111031326,262.0228157791437,258.6418762207031,258.6418762207031,3000
2002-09-05 00:00:00+09:00,270.47511393229166,270.47511393229166,253.57041931152347,253.57041931152344,2000
2002-09-06 00:00:00+09:00,254.41561889648438,270.475076567691,254.41561889648438,254.41561889648438,0
2002-09-09 00:00:00+09:00,256.1061706542969,265.4037544074232,256.1061706542969,256.1061706542969,0
2002-09-10 00:00:00+09:00,258.6418762207031,265.40375533758424,258.6418762207031,258.6418762207031,0
2002-09-11 00:00:00+09:00,259.487060546875,265.4037036212337,259.487060546875,259.487060546875,0
2002-09-12 00:00:00+09:00,259.487060546875,265.4037036212337,259.487060546875,259.487060546875,0
2002-09-13 00:00:00+09:00,259.487060546875,265.4037036212337,259.487060546875,259.487060546875,0
2002-09-16 00:00:00+09:00,259.487060546875,259.487060546875,259.487060546875,259.487060546875,0
2002-09-17 00:00:00+09:00,262.0226832798549,262.0226832798549,260.33221435546875,260.33221435546875,2000
2002-09-18 00:00:00+09:00,253.57041931152347,265.4037055460612,253.57041931152347,253.57041931152344,0
2002-09-19 00:00:00+09:00,253.57041931152347,265.4037055460612,253.57041931152347,253.57041931152344,0
2002-09-20 00:00:00+09:00,253.57041931152347,263.7132360839844,253.57041931152347,253.57041931152344,0
2002-09-23 00:00:00+09:00,253.57041931152347,253.57041931152347,253.57041931152347,253.57041931152344,0
2002-09-24 00:00:00+09:00,253.57041931152347,253.57041931152347,253.57041931152347,253.57041931152344,2000
2002-09-25 00:00:00+09:00,253.57041931152347,253.57041931152347,253.57041931152347,253.57041931152344,0
2002-09-26 00:00:00+09:00,260.3322971598308,260.3322971598308,253.57041931152347,253.57041931152344,2000
2002-09-27 00:00:00+09:00,253.57041931152347,253.57041931152347,253.57041931152347,253.57041931152344,0
2002-09-30 00:00:00+09:00,253.57041931152347,300.05832951863607,253.57041931152347,253.57041931152344,0
2002-10-01 00:00:00+09:00,276.3916931152344,276.3916931152344,276.3916931152344,276.3916931152344,1000
2002-10-02 00:00:00+09:00,253.57041931152347,270.47511393229166,253.57041931152347,253.57041931152344,0
2002-10-03 00:00:00+09:00,253.57041931152347,266.2489402770996,253.57041931152347,253.57041931152344,0
2002-10-04 00:00:00+09:00,257.7965087890625,257.7965087890625,257.7965087890625,257.7965087890625,1000
2002-10-07 00:00:00+09:00,253.57041931152347,270.47511393229166,253.57041931152347,253.57041931152344,0
2002-10-08 00:00:00+09:00,253.57041931152347,266.2489402770996,253.57041931152347,253.57041931152344,0
2002-10-09 00:00:00+09:00,253.57041931152347,266.2489402770996,253.57041931152347,253.57041931152344,0
2002-10-10 00:00:00+09:00,253.57041931152347,266.2489402770996,253.57041931152347,253.57041931152344,0
2002-10-11 00:00:00+09:00,253.57041931152347,262.0227666219076,253.57041931152347,253.57041931152344,0
2002-10-14 00:00:00+09:00,253.57041931152347,253.57041931152347,253.57041931152347,253.57041931152344,0
2002-10-15 00:00:00+09:00,253.57041931152347,266.2489402770996,253.57041931152347,253.57041931152344,0
2002-10-16 00:00:00+09:00,259.48711373465403,266.2489929199219,259.48711373465403,266.2489929199219,117000
2002-10-17 00:00:00+09:00,244.27282714843753,265.40369454882136,244.27282714843753,244.2728271484375,0
2002-10-18 00:00:00+09:00,250.18942260742188,265.4036442524678,250.18942260742188,250.18942260742188,0
2002-10-21 00:00:00+09:00,253.57041931152347,262.0227666219076,253.57041931152347,253.57041931152344,0
2002-10-22 00:00:00+09:00,253.57041931152347,265.4037055460612,253.57041931152347,253.57041931152344,0
2002-10-23 00:00:00+09:00,255.2607879638672,255.2607879638672,255.2607879638672,255.2607879638672,1000
2002-10-24 00:00:00+09:00,253.57041931152347,265.4037055460612,253.57041931152347,253.57041931152344,0
2002-10-25 00:00:00+09:00,253.57041931152347,265.4037055460612,253.57041931152347,253.57041931152344,0
2002-10-28 00:00:00+09:00,257.7965087890625,269.62979115970796,257.7965087890625,257.7965087890625,0
2002-10-29 00:00:00+09:00,257.7965087890625,266.2488533395235,257.7965087890625,257.7965087890625,0
2002-10-30 00:00:00+09:00,266.2489929199219,266.2489929199219,266.2489929199219,266.2489929199219,1000
2002-10-31 00:00:00+09:00,267.0941162109375,269.62981984585144,267.0941162109375,267.0941162109375,0
2002-11-01 00:00:00+09:00,267.9394226074219,269.6298921506864,267.9394226074219,267.9394226074219,0
2002-11-04 00:00:00+09:00,267.9394226074219,267.9394226074219,267.9394226074219,267.9394226074219,0
2002-11-05 00:00:00+09:00,268.78460693359375,268.78460693359375,268.78460693359375,268.78460693359375,1000
2002-11-06 00:00:00+09:00,268.78460693359375,268.78460693359375,268.78460693359375,268.78460693359375,4000
2002-11-07 00:00:00+09:00,268.78460693359375,268.78460693359375,268.78460693359375,268.78460693359375,1000
2002-11-08 00:00:00+09:00,257.7965087890625,268.7845567046619,257.7965087890625,257.7965087890625,0
2002-11-11 00:00:00+09:00,253.57041931152347,266.2489402770996,253.57041931152347,253.57041931152344,0
2002-11-12 00:00:00+09:00,253.57041931152347,262.0227666219076,253.57041931152347,253.57041931152344,0
2002-11-13 00:00:00+09:00,257.7965087890625,257.7965087890625,257.7965087890625,257.7965087890625,1000
2002-11-14 00:00:00+09:00,254.41561889648438,257.7965573535805,254.41561889648438,254.41561889648438,0
2002-11-15 00:00:00+09:00,254.41561889648438,257.7965573535805,254.41561889648438,254.41561889648438,0
2002-11-18 00:00:00+09:00,254.41561889648438,257.7965573535805,254.41561889648438,254.41561889648438,0
2002-11-19 00:00:00+09:00,257.7965087890625,257.7965087890625,257.7965087890625,257.7965087890625,1000
2002-11-20 00:00:00+09:00,254.41561889648438,254.41561889648438,254.41561889648438,254.41561889648438,1000
2002-11-21 00:00:00+09:00,254.41561889648438,254.41561889648438,254.41561889648438,254.41561889648438,1000
2002-11-22 00:00:00+09:00,254.41561889648438,254.41561889648438,254.41561889648438,254.41561889648438,1000
2002-11-25 00:00:00+09:00,263.7131652832031,270.4750413161058,263.7131652832031,263.7131652832031,0
2002-11-26 00:00:00+09:00,263.7131652832031,263.7131652832031,263.7131652832031,263.7131652832031,1000
2002-11-27 00:00:00+09:00,263.7131652832031,263.7131652832031,263.7131652832031,263.7131652832031,1000
2002-11-28 00:00:00+09:00,262.0227355957031,262.0227355957031,262.0227355957031,262.0227355957031,1000
2002-11-29 00:00:00+09:00,262.0227355957031,262.0227355957031,262.0227355957031,262.0227355957031,2000
2002-12-02 00:00:00+09:00,262.0227355957031,262.0227355957031,262.0227355957031,262.0227355957031,0
2002-12-03 00:00:00+09:00,270.47509765625,270.47509765625,270.47509765625,270.47509765625,3000
2002-12-04 00:00:00+09:00,270.47509765625,274.7012710571289,270.47509765625,270.47509765625,0
2002-12-05 00:00:00+09:00,270.47509765625,274.7012710571289,270.47509765625,270.47509765625,0
2002-12-06 00:00:00+09:00,270.47509765625,270.47509765625,270.47509765625,270.47509765625,2000
2002-12-09 00:00:00+09:00,270.47509765625,270.47509765625,270.47509765625,270.47509765625,2000
2002-12-10 00:00:00+09:00,270.47509765625,278.9274444580078,270.47509765625,270.47509765625,0
2002-12-11 00:00:00+09:00,270.47509765625,270.47509765625,270.47509765625,270.47509765625,1000
2002-12-12 00:00:00+09:00,270.47509765625,270.47509765625,270.47509765625,270.47509765625,2000
2002-12-13 00:00:00+09:00,271.3203125,271.3203125,271.3203125,271.3203125,1000
2002-12-16 00:00:00+09:00,270.47509765625,271.3203323364258,270.47509765625,270.47509765625,0
2002-12-17 00:00:00+09:00,270.47509765625,270.47509765625,270.47509765625,270.47509765625,6000
2002-12-18 00:00:00+09:00,271.3203125,271.3203125,271.3203125,271.3203125,1000
2002-12-19 00:00:00+09:00,271.3203125,271.3203125,271.3203125,271.3203125,1000
2002-12-20 00:00:00+09:00,270.47509765625,278.9274444580078,270.47509765625,270.47509765625,0
2002-12-23 00:00:00+09:00,270.47509765625,270.47509765625,270.47509765625,270.47509765625,0
2002-12-24 00:00:00+09:00,270.47509765625,278.9274444580078,270.47509765625,270.47509765625,0
2002-12-25 00:00:00+09:00,270.47509765625,278.9274444580078,270.47509765625,270.47509765625,0
2002-12-26 00:00:00+09:00,270.47509765625,287.3797912597656,270.47509765625,270.47509765625,0
2002-12-27 00:00:00+09:00,271.3203125,271.3203125,271.3203125,271.3203125,1000
2002-12-30 00:00:00+09:00,270.47509765625,287.3797912597656,270.47509765625,270.47509765625,0
2002-12-31 00:00:00+09:00,270.47509765625,270.47509765625,270.47509765625,270.47509765625,0
2003-01-01 00:00:00+09:00,270.47509765625,270.47509765625,270.47509765625,270.47509765625,0
2003-01-02 00:00:00+09:00,270.47509765625,270.47509765625,270.47509765625,270.47509765625,0
2003-01-03 00:00:00+09:00,270.47509765625,270.47509765625,270.47509765625,270.47509765625,0
2003-01-06 00:00:00+09:00,278.92742919921875,287.379775538589,278.92742919921875,278.92742919921875,0
2003-01-07 00:00:00+09:00,283.153564453125,283.153564453125,283.153564453125,283.153564453125,2000
2003-01-08 00:00:00+09:00,278.0821838378906,283.15359144587643,278.0821838378906,278.0821838378906,0
2003-01-09 00:00:00+09:00,270.47509765625,285.6893218994141,270.47509765625,270.47509765625,0
2003-01-10 00:00:00+09:00,277.2369689941406,283.99884628668065,277.2369689941406,277.2369689941406,0
2003-01-13 00:00:00+09:00,277.2369689941406,277.2369689941406,277.2369689941406,277.2369689941406,0
2003-01-14 00:00:00+09:00,278.92742919921875,278.92742919921875,278.92742919921875,278.92742919921875,1000
2003-01-15 00:00:00+09:00,270.47509765625,283.1536178588867,270.47509765625,270.47509765625,0
2003-01-16 00:00:00+09:00,274.7012023925781,283.15354708158054,274.7012023925781,274.7012023925781,0
2003-01-17 00:00:00+09:00,274.7012023925781,283.15354708158054,274.7012023925781,274.7012023925781,0
2003-01-20 00:00:00+09:00,278.92742919921875,278.92742919921875,278.92742919921875,278.92742919921875,2000
2003-01-21 00:00:00+09:00,278.92742919921875,287.379775538589,278.92742919921875,278.92742919921875,0
2003-01-22 00:00:00+09:00,283.9988708496094,304.28450448172435,283.9988708496094,283.9988708496094,0
2003-01-23 00:00:00+09:00,274.7012023925781,283.99878155048077,274.7012023925781,274.7012023925781,0
2003-01-24 00:00:00+09:00,278.92742919921875,283.9988370028409,278.92742919921875,278.92742919921875,0
2003-01-27 00:00:00+09:00,278.92742919921875,283.9988370028409,278.92742919921875,278.92742919921875,0
2003-01-28 00:00:00+09:00,270.47509765625,278.9274444580078,270.47509765625,270.47509765625,0
2003-01-29 00:00:00+09:00,274.7012023925781,278.92737473707933,274.7012023925781,274.7012023925781,0
2003-01-30 00:00:00+09:00,274.7012023925781,278.92737473707933,274.7012023925781,274.7012023925781,0
2003-01-31 00:00:00+09:00,274.7012023925781,278.92737473707933,274.7012023925781,274.7012023925781,0
2003-02-03 00:00:00+09:00,276.3916931152344,283.99880393491975,276.3916931152344,276.3916931152344,0
2003-02-04 00:00:00+09:00,283.9988708496094,283.9988708496094,283.9988708496094,283.9988708496094,1000
2003-02-05 00:00:00+09:00,283.9988708496094,288.22504452296664,283.9988708496094,283.9988708496094,0
2003-02-06 00:00:00+09:00,285.68927001953125,285.68927001953125,285.68927001953125,285.68927001953125,1000
2003-02-07 00:00:00+09:00,278.92742919921875,291.6059487082741,278.92742919921875,278.92742919921875,0
2003-02-10 00:00:00+09:00,283.153564453125,291.605909660681,283.153564453125,283.153564453125,0
2003-02-11 00:00:00+09:00,283.153564453125,283.153564453125,283.153564453125,283.153564453125,0
2003-02-12 00:00:00+09:00,283.9988708496094,297.5226266043527,283.9988708496094,283.9988708496094,0
2003-02-13 00:00:00+09:00,283.9988370028409,283.9988370028409,278.92742919921875,278.92742919921875,3000
2003-02-14 00:00:00+09:00,278.92742919921875,298.3678257797703,278.92742919921875,278.92742919921875,0
2003-02-17 00:00:00+09:00,278.92742919921875,299.21306041370735,278.92742919921875,278.92742919921875,0
2003-02-18 00:00:00+09:00,293.29638671875,293.29638671875,293.29638671875,293.29638671875,1000
2003-02-19 00:00:00+09:00,278.92742919921875,291.6059487082741,278.92742919921875,278.92742919921875,0
2003-02-20 00:00:00+09:00,293.29638671875,293.29638671875,293.29638671875,293.29638671875,1000
2003-02-21 00:00:00+09:00,292.4512023925781,304.2844880385206,292.4512023925781,292.4512023925781,0
2003-02-24 00:00:00+09:00,278.92742919921875,302.59399894945545,278.92742919921875,278.92742919921875,0
2003-02-25 00:00:00+09:00,302.5939851548937,304.2844543457031,302.5939851548937,304.2844543457031,2000
2003-02-26 00:00:00+09:00,304.2844543457031,304.2844543457031,304.2844543457031,304.2844543457031,1000
2003-02-27 00:00:00+09:00,279.7726745605469,295.83213322112204,279.7726745605469,279.7726745605469,0
2003-02-28 00:00:00+09:00,283.153564453125,283.153564453125,283.153564453125,283.153564453125,2000
2003-03-03 00:00:00+09:00,283.9988708496094,338.93912860325406,283.9988708496094,283.9988708496094,0
2003-03-04 00:00:00+09:00,308.5106506347656,308.5106506347656,308.5106506347656,308.5106506347656,1000
2003-03-05 00:00:00+09:00,304.2844543457031,304.2844543457031,304.2844543457031,304.2844543457031,1000
2003-03-06 00:00:00+09:00,283.9988708496094,306.8202086857387,283.9988708496094,283.9988708496094,0
2003-03-07 00:00:00+09:00,293.29638671875,306.8201394204791,293.29638671875,293.29638671875,0
2003-03-10 00:00:00+09:00,304.2844543457031,304.2844543457031,304.2844543457031,304.2844543457031,2000
2003-03-11 00:00:00+09:00,291.6059265136719,339.7842969811481,291.6059265136719,291.6059265136719,0
2003-03-12 00:00:00+09:00,291.6059265136719,315.27249446260754,291.6059265136719,291.6059265136719,0
2003-03-13 00:00:00+09:00,291.6059265136719,304.28444505774456,291.6059265136719,291.6059265136719,0
2003-03-14 00:00:00+09:00,292.4512023925781,300.0583145935411,292.4512023925781,292.4512023925781,0
2003-03-17 00:00:00+09:00,289.07025146484375,304.28447522615136,289.07025146484375,289.07025146484375,0
2003-03-18 00:00:00+09:00,296.6773376464844,304.28444886818914,296.6773376464844,296.6773376464844,0
2003-03-19 00:00:00+09:00,296.6773376464844,296.6773376464844,296.6773376464844,296.6773376464844,1000
2003-03-20 00:00:00+09:00,296.6773376464844,303.43921428799973,296.6773376464844,296.6773376464844,0
2003-03-21 00:00:00+09:00,296.6773376464844,296.6773376464844,296.6773376464844,296.6773376464844,0
2003-03-24 00:00:00+09:00,300.05828136867945,304.2844543457031,300.05828136867945,304.2844543457031,6000
2003-03-25 00:00:00+09:00,304.2844543457031,304.2844543457031,304.2844543457031,304.2844543457031,3000
2003-03-26 00:00:00+09:00,273.6003112792969,303.43212092034173,273.6003112792969,273.6003112792969,0
2003-03-27 00:00:00+09:00,273.6003112792969,302.57978350202615,273.6003112792969,273.6003112792969,0
2003-03-28 00:00:00+09:00,273.6003112792969,273.6003112792969,273.6003112792969,273.6003112792969,2000
2003-03-31 00:00:00+09:00,272.74798583984375,277.0096731185913,272.74798583984375,272.74798583984375,0
2003-04-01 00:00:00+09:00,274.4526062011719,274.4526062011719,274.4526062011719,274.4526062011719,1000
2003-04-02 00:00:00+09:00,272.74798583984375,272.74798583984375,272.74798583984375,272.74798583984375,1000
2003-04-03 00:00:00+09:00,221.60775756835938,272.74800931490387,221.60775756835938,221.60775756835938,0
2003-04-04 00:00:00+09:00,272.74798583984375,272.74798583984375,272.74798583984375,272.74798583984375,1000
2003-04-07 00:00:00+09:00,222.46005249023438,289.7947043934088,222.46005249023438,222.46005249023438,0
2003-04-08 00:00:00+09:00,230.1310577392578,289.79466530128764,230.1310577392578,230.1310577392578,0
2003-04-09 00:00:00+09:00,230.1310577392578,289.79466530128764,230.1310577392578,230.1310577392578,0
2003-04-10 00:00:00+09:00,230.1310577392578,289.79466530128764,230.1310577392578,230.1310577392578,0
2003-04-11 00:00:00+09:00,230.1310577392578,272.74792028356484,230.1310577392578,230.1310577392578,0
2003-04-14 00:00:00+09:00,239.50685119628906,272.74801559719754,239.50685119628906,239.50685119628906,0
2003-04-15 00:00:00+09:00,239.50685119628906,272.74801559719754,239.50685119628906,239.50685119628906,0
2003-04-16 00:00:00+09:00,239.50685119628906,272.74801559719754,239.50685119628906,239.50685119628906,0
2003-04-17 00:00:00+09:00,248.0301513671875,272.7479327749141,248.0301513671875,248.0301513671875,0
2003-04-18 00:00:00+09:00,255.70126342773438,255.70126342773438,255.70126342773438,255.70126342773438,1000
2003-04-21 00:00:00+09:00,255.70126342773438,272.7480143229167,255.70126342773438,255.70126342773438,0
2003-04-22 00:00:00+09:00,258.25823974609375,272.74797596947195,258.25823974609375,258.25823974609375,0
2003-04-23 00:00:00+09:00,258.25823974609375,272.74797596947195,258.25823974609375,258.25823974609375,0
2003-04-24 00:00:00+09:00,258.25823974609375,272.74797596947195,258.25823974609375,258.25823974609375,0
2003-04-25 00:00:00+09:00,258.25823974609375,272.74797596947195,258.25823974609375,258.25823974609375,0
2003-04-28 00:00:00+09:00,258.25823974609375,272.74797596947195,258.25823974609375,258.25823974609375,0
2003-04-29 00:00:00+09:00,258.25823974609375,258.25823974609375,258.25823974609375,258.25823974609375,0
2003-04-30 00:00:00+09:00,258.25823974609375,271.89563854456736,258.25823974609375,258.25823974609375,0
2003-05-01 00:00:00+09:00,258.25823974609375,271.89563854456736,258.25823974609375,258.25823974609375,0
2003-05-02 00:00:00+09:00,258.25823974609375,271.89563854456736,258.25823974609375,258.25823974609375,0
2003-05-05 00:00:00+09:00,258.25823974609375,258.25823974609375,258.25823974609375,258.25823974609375,0
2003-05-06 00:00:00+09:00,264.224609375,271.89564642137094,264.224609375,264.224609375,0
2003-05-07 00:00:00+09:00,256.5535888671875,271.8956639489462,256.5535888671875,256.5535888671875,0
2003-05-08 00:00:00+09:00,257.4058837890625,271.8956189692415,257.4058837890625,257.4058837890625,0
2003-05-09 00:00:00+09:00,264.224609375,272.74798387096774,264.224609375,264.224609375,0
2003-05-12 00:00:00+09:00,258.25823974609375,272.74797596947195,258.25823974609375,258.25823974609375,0
2003-05-13 00:00:00+09:00,268.4862365722656,272.7479228670635,268.4862365722656,268.4862365722656,0
2003-05-14 00:00:00+09:00,272.74798583984375,272.74798583984375,272.74798583984375,272.74798583984375,1000
2003-05-15 00:00:00+09:00,268.4862365722656,272.7479228670635,268.4862365722656,268.4862365722656,0
2003-05-16 00:00:00+09:00,268.4862365722656,272.7479228670635,268.4862365722656,268.4862365722656,0
2003-05-19 00:00:00+09:00,272.74798583984375,272.74798583984375,272.74798583984375,272.74798583984375,1000
2003-05-20 00:00:00+09:00,272.74798583984375,272.74798583984375,272.74798583984375,272.74798583984375,1000
2003-05-21 00:00:00+09:00,268.4862365722656,272.7479228670635,268.4862365722656,268.4862365722656,0
2003-05-22 00:00:00+09:00,268.4862365722656,272.7479228670635,268.4862365722656,268.4862365722656,0
2003-05-23 00:00:00+09:00,264.224609375,264.224609375,264.224609375,264.224609375,2000
2003-05-26 00:00:00+09:00,239.50685119628906,272.74801559719754,239.50685119628906,239.50685119628906,0
2003-05-27 00:00:00+09:00,248.88247680664065,272.74791978809935,248.88247680664065,248.88247680664062,0
2003-05-28 00:00:00+09:00,242.06382751464844,272.7479746643926,242.06382751464844,242.06382751464844,0
2003-05-29 00:00:00+09:00,242.91615295410156,264.2245874237596,242.91615295410156,242.91615295410156,0
2003-05-30 00:00:00+09:00,255.70126342773438,259.96295115153,255.70126342773438,255.70126342773438,0
2003-06-02 00:00:00+09:00,258.25822115260246,258.25822115260246,257.4058837890625,257.4058837890625,2000
2003-06-03 00:00:00+09:00,259.962890625,259.962890625,259.962890625,259.962890625,1000
2003-06-04 00:00:00+09:00,258.25823974609375,271.89563854456736,258.25823974609375,258.25823974609375,0
2003-06-05 00:00:00+09:00,259.11053466796875,264.2245583785208,259.11053466796875,259.11053466796875,0
2003-06-06 00:00:00+09:00,259.11053466796875,259.11053466796875,259.11053466796875,259.11053466796875,1000
2003-06-09 00:00:00+09:00,257.4058837890625,264.22458269738206,257.4058837890625,257.4058837890625,0
2003-06-10 00:00:00+09:00,257.4058837890625,264.22458269738206,257.4058837890625,257.4058837890625,0
2003-06-11 00:00:00+09:00,259.962890625,264.22457735655735,259.962890625,259.962890625,0
2003-06-12 00:00:00+09:00,264.224609375,264.224609375,264.224609375,264.224609375,1000
2003-06-13 00:00:00+09:00,259.962890625,271.89561347336064,259.962890625,259.962890625,0
2003-06-16 00:00:00+09:00,260.8152160644531,271.8956010606554,260.8152160644531,260.8152160644531,0
2003-06-17 00:00:00+09:00,271.8956483840942,272.74798583984375,271.8956483840942,272.74798583984375,2000
2003-06-18 00:00:00+09:00,260.8152160644531,272.74793836805554,260.8152160644531,260.8152160644531,0
2003-06-19 00:00:00+09:00,260.8152160644531,271.8956010606554,260.8152160644531,260.8152160644531,0
2003-06-20 00:00:00+09:00,271.8956298828125,271.8956298828125,271.8956298828125,271.8956298828125,2000
2003-06-23 00:00:00+09:00,264.224609375,272.74798387096774,264.224609375,264.224609375,0
2003-06-24 00:00:00+09:00,268.4862365722656,272.7479228670635,268.4862365722656,268.4862365722656,0
2003-06-25 00:00:00+09:00,268.4862365722656,272.7479228670635,268.4862365722656,268.4862365722656,0
2003-06-26 00:00:00+09:00,268.4862365722656,272.7479228670635,268.4862365722656,268.4862365722656,0
2003-06-27 00:00:00+09:00,268.4862365722656,272.7479228670635,268.4862365722656,268.4862365722656,0
2003-06-30 00:00:00+09:00,272.74798583984375,272.74798583984375,272.74798583984375,272.74798583984375,1000
2003-07-01 00:00:00+09:00,272.74798583984375,272.74798583984375,272.74798583984375,272.74798583984375,1000
2003-07-02 00:00:00+09:00,272.74798583984375,276.1573356628418,272.74798583984375,272.74798583984375,0
2003-07-03 00:00:00+09:00,272.74798583984375,276.1573356628418,272.74798583984375,272.74798583984375,0
2003-07-04 00:00:00+09:00,272.74798583984375,276.1573356628418,272.74798583984375,272.74798583984375,0
2003-07-07 00:00:00+09:00,262.51995849609375,262.51995849609375,262.51995849609375,262.51995849609375,1000
2003-07-08 00:00:00+09:00,262.51995849609375,272.74800882711037,262.51995849609375,262.51995849609375,0
2003-07-09 00:00:00+09:00,264.224609375,264.224609375,264.224609375,264.224609375,1000
2003-07-10 00:00:00+09:00,265.0769348144531,265.0769348144531,265.0769348144531,265.0769348144531,1000
2003-07-11 00:00:00+09:00,268.4862365722656,268.4862365722656,268.4862365722656,268.4862365722656,1000
2003-07-14 00:00:00+09:00,262.51995849609375,268.48632118918675,262.51995849609375,262.51995849609375,0
2003-07-15 00:00:00+09:00,264.2246335512632,264.2246335512632,262.51995849609375,262.51995849609375,2000
2003-07-16 00:00:00+09:00,259.962890625,264.22457735655735,259.962890625,259.962890625,0
2003-07-17 00:00:00+09:00,259.962890625,261.667565317623,259.962890625,259.962890625,0
2003-07-18 00:00:00+09:00,259.962890625,259.962890625,259.962890625,259.962890625,1000
2003-07-21 00:00:00+09:00,259.962890625,259.962890625,259.962890625,259.962890625,0
2003-07-22 00:00:00+09:00,259.962890625,259.962890625,259.962890625,259.962890625,1000
2003-07-23 00:00:00+09:00,256.5535888671875,268.4863139307776,256.5535888671875,256.5535888671875,0
2003-07-24 00:00:00+09:00,256.5535888671875,296.6134515806686,256.5535888671875,256.5535888671875,0
2003-07-25 00:00:00+09:00,256.5535888671875,281.2713764989099,256.5535888671875,256.5535888671875,0
2003-07-28 00:00:00+09:00,264.224609375,264.224609375,264.224609375,264.224609375,1000
2003-07-29 00:00:00+09:00,259.962890625,259.962890625,259.962890625,259.962890625,1000
2003-07-30 00:00:00+09:00,259.962890625,259.962890625,259.962890625,259.962890625,1000
2003-07-31 00:00:00+09:00,260.8152160644531,260.8152160644531,260.8152160644531,260.8152160644531,1000
2003-08-01 00:00:00+09:00,260.8152160644531,260.8152160644531,260.8152160644531,260.8152160644531,1000
2003-08-04 00:00:00+09:00,257.4058837890625,281.27132996818085,257.4058837890625,257.4058837890625,0
2003-08-05 00:00:00+09:00,260.8152160644531,260.8152160644531,260.8152160644531,260.8152160644531,1000
2003-08-06 00:00:00+09:00,258.25823974609375,281.27135021851797,258.25823974609375,258.25823974609375,0
2003-08-07 00:00:00+09:00,258.25823974609375,279.56667536870873,258.25823974609375,258.25823974609375,0
2003-08-08 00:00:00+09:00,258.25823974609375,280.4190127936134,258.25823974609375,258.25823974609375,0
2003-08-11 00:00:00+09:00,259.11053466796875,272.7479312294408,259.11053466796875,259.11053466796875,0
2003-08-12 00:00:00+09:00,259.11053466796875,259.11053466796875,259.11053466796875,259.11053466796875,1000
2003-08-13 00:00:00+09:00,256.5535888671875,268.4863139307776,256.5535888671875,256.5535888671875,0
2003-08-14 00:00:00+09:00,268.4862365722656,268.4862365722656,268.4862365722656,268.4862365722656,1000
2003-08-15 00:00:00+09:00,268.4862365722656,268.4862365722656,268.4862365722656,268.4862365722656,2000
2003-08-18 00:00:00+09:00,269.33856201171875,269.33856201171875,269.33856201171875,269.33856201171875,1000
2003-08-19 00:00:00+09:00,269.33856201171875,269.33856201171875,269.33856201171875,269.33856201171875,1000
2003-08-20 00:00:00+09:00,264.224609375,269.33863407258065,264.224609375,264.224609375,0
2003-08-21 00:00:00+09:00,264.224609375,264.224609375,264.224609375,264.224609375,1000
2003-08-22 00:00:00+09:00,264.224609375,272.74798387096774,264.224609375,264.224609375,0
2003-08-25 00:00:00+09:00,261.6676330566406,268.48633359231854,261.6676330566406,261.6676330566406,0
2003-08-26 00:00:00+09:00,272.74798583984375,272.74798583984375,272.74798583984375,272.74798583984375,1000
2003-08-27 00:00:00+09:00,259.962890625,296.61339651639344,259.962890625,259.962890625,0
2003-08-28 00:00:00+09:00,259.962890625,259.962890625,259.962890625,259.962890625,1000
2003-08-29 00:00:00+09:00,259.962890625,281.2713242827869,259.962890625,259.962890625,0
2003-09-01 00:00:00+09:00,270.1909734725952,272.74798583984375,270.1909734725952,272.74798583984375,2000
2003-09-02 00:00:00+09:00,272.74798583984375,272.74798583984375,272.74798583984375,272.74798583984375,1000
2003-09-03 00:00:00+09:00,259.962890625,281.2713242827869,259.962890625,259.962890625,0
2003-09-04 00:00:00+09:00,276.1573181152344,276.1573181152344,276.1573181152344,276.1573181152344,1000
2003-09-05 00:00:00+09:00,264.224609375,277.0096711189516,264.224609375,264.224609375,0
2003-09-08 00:00:00+09:00,259.962878757053,260.8152160644531,259.962878757053,260.8152160644531,2000
2003-09-09 00:00:00+09:00,260.8152160644531,260.8152160644531,260.8152160644531,260.8152160644531,1000
2003-09-10 00:00:00+09:00,260.8152160644531,272.74793836805554,260.8152160644531,260.8152160644531,0
2003-09-11 00:00:00+09:00,264.224609375,264.224609375,264.224609375,264.224609375,1000
2003-09-12 00:00:00+09:00,264.224609375,289.79473286290323,264.224609375,264.224609375,0
2003-09-15 00:00:00+09:00,264.224609375,264.224609375,264.224609375,264.224609375,0
2003-09-16 00:00:00+09:00,264.224609375,281.2713583669355,264.224609375,264.224609375,0
2003-09-17 00:00:00+09:00,272.74798583984375,280.41902294158933,272.74798583984375,272.74798583984375,0
2003-09-18 00:00:00+09:00,281.2714355839785,281.2714355839785,280.4190979003906,280.4190979003906,2000
2003-09-19 00:00:00+09:00,281.27142333984375,281.27142333984375,281.27142333984375,281.27142333984375,1000
2003-09-22 00:00:00+09:00,283.828369140625,296.61343081362617,283.828369140625,283.828369140625,0
2003-09-23 00:00:00+09:00,283.828369140625,283.828369140625,283.828369140625,283.828369140625,0
2003-09-24 00:00:00+09:00,264.224609375,264.224609375,264.224609375,264.224609375,3000
2003-09-25 00:00:00+09:00,265.0769348144531,288.9423823218637,265.0769348144531,265.0769348144531,0
2003-09-26 00:00:00+09:00,265.0769348144531,285.5330326779479,265.0769348144531,265.0769348144531,0
2003-09-29 00:00:00+09:00,268.4862365722656,296.61336611793155,268.4862365722656,268.4862365722656,0
2003-09-30 00:00:00+09:00,295.7610368870977,295.7610368870977,285.5329895019531,285.5329895019531,2000
2003-10-01 00:00:00+09:00,267.6339111328125,296.6133792172572,267.6339111328125,267.6339111328125,0
2003-10-02 00:00:00+09:00,285.5329895019531,285.5329895019531,285.5329895019531,285.5329895019531,1000
2003-10-03 00:00:00+09:00,281.27142333984375,295.76116333007815,281.27142333984375,281.27142333984375,0
2003-10-06 00:00:00+09:00,285.5329895019531,286.3853267840485,285.5329895019531,285.5329895019531,3000
2003-10-07 00:00:00+09:00,285.5330374449762,285.5330374449762,282.1236877441406,282.1236877441406,2000
2003-10-08 00:00:00+09:00,265.9292907714844,285.5330525911771,265.9292907714844,265.9292907714844,0
2003-10-09 00:00:00+09:00,269.33856201171875,285.5329692212841,269.33856201171875,269.33856201171875,0
2003-10-10 00:00:00+09:00,272.74798583984375,272.74798583984375,272.74798583984375,272.74798583984375,1000
2003-10-13 00:00:00+09:00,272.74798583984375,272.74798583984375,272.74798583984375,272.74798583984375,0
2003-10-14 00:00:00+09:00,281.2713613656851,281.2713613656851,277.0096740722656,277.0096740722656,3000
2003-10-15 00:00:00+09:00,261.6676330566406,285.53308493151343,261.6676330566406,261.6676330566406,0
2003-10-16 00:00:00+09:00,281.27142333984375,281.27142333984375,281.27142333984375,281.27142333984375,1000
2003-10-17 00:00:00+09:00,277.0096740722656,277.0096740722656,277.0096740722656,277.0096740722656,1000
2003-10-20 00:00:00+09:00,272.74798583984375,272.74798583984375,272.74798583984375,272.74798583984375,1000
2003-10-21 00:00:00+09:00,269.33856201171875,280.41894589194766,269.33856201171875,269.33856201171875,0
2003-10-22 00:00:00+09:00,270.19097900390625,277.0096787894938,270.19097900390625,270.19097900390625,0
2003-10-23 00:00:00+09:00,277.0096740722656,277.0096740722656,277.0096740722656,277.0096740722656,1000
2003-10-24 00:00:00+09:00,277.0096740722656,277.0096740722656,277.0096740722656,277.0096740722656,1000
2003-10-27 00:00:00+09:00,265.0769348144531,277.00965856815844,265.0769348144531,265.0769348144531,0
2003-10-28 00:00:00+09:00,272.74798583984375,277.0096731185913,272.74798583984375,272.74798583984375,0
2003-10-29 00:00:00+09:00,272.74798583984375,277.0096731185913,272.74798583984375,272.74798583984375,0
2003-10-30 00:00:00+09:00,272.74798583984375,277.0096731185913,272.74798583984375,272.74798583984375,0
2003-10-31 00:00:00+09:00,277.0096740722656,277.0096740722656,277.0096740722656,277.0096740722656,1000
2003-11-03 00:00:00+09:00,277.0096740722656,277.0096740722656,277.0096740722656,277.0096740722656,0
2003-11-04 00:00:00+09:00,280.4190979003906,280.4190979003906,280.4190979003906,280.4190979003906,1000
2003-11-05 00:00:00+09:00,280.4190979003906,280.4190979003906,280.4190979003906,280.4190979003906,1000
2003-11-06 00:00:00+09:00,281.27142333984375,281.27142333984375,281.27142333984375,281.27142333984375,1000
2003-11-07 00:00:00+09:00,281.27142333984375,281.27142333984375,281.27142333984375,281.27142333984375,1000
2003-11-10 00:00:00+09:00,296.6134346008301,296.6134346008301,272.74798583984375,272.74798583984375,2000
2003-11-11 00:00:00+09:00,272.74798583984375,295.76109714508056,272.74798583984375,272.74798583984375,0
2003-11-12 00:00:00+09:00,273.6003112792969,273.6003112792969,273.6003112792969,273.6003112792969,1000
2003-11-13 00:00:00+09:00,276.1573181152344,276.1573181152344,276.1573181152344,276.1573181152344,1000
2003-11-14 00:00:00+09:00,273.6003112792969,295.76108415550163,273.6003112792969,273.6003112792969,0
2003-11-17 00:00:00+09:00,295.7610778808594,295.7610778808594,295.7610778808594,295.7610778808594,1000
2003-11-18 00:00:00+09:00,277.0096740722656,293.2040857872596,277.0096740722656,277.0096740722656,0
2003-11-19 00:00:00+09:00,277.0096740722656,293.2040857872596,277.0096740722656,277.0096740722656,0
2003-11-20 00:00:00+09:00,281.27142333984375,281.27142333984375,281.27142333984375,281.27142333984375,1000
2003-11-21 00:00:00+09:00,277.0096740722656,281.2713613656851,277.0096740722656,277.0096740722656,0
2003-11-24 00:00:00+09:00,277.0096740722656,277.0096740722656,277.0096740722656,277.0096740722656,0
2003-11-25 00:00:00+09:00,277.0096740722656,277.0096740722656,277.0096740722656,277.0096740722656,0
2003-11-26 00:00:00+09:00,269.33856201171875,293.20400421528876,269.33856201171875,269.33856201171875,0
2003-11-27 00:00:00+09:00,281.27142333984375,281.27142333984375,281.27142333984375,281.27142333984375,2000
2003-11-28 00:00:00+09:00,281.27142333984375,281.27142333984375,281.27142333984375,281.27142333984375,1000
2003-12-01 00:00:00+09:00,280.41908569335936,281.27142333984375,280.41908569335936,281.27142333984375,3000
2003-12-02 00:00:00+09:00,281.27142333984375,281.27142333984375,281.27142333984375,281.27142333984375,1000
2003-12-03 00:00:00+09:00,278.7143249511719,281.2713371066872,278.7143249511719,278.7143249511719,0
2003-12-04 00:00:00+09:00,279.5666809082031,279.5666809082031,279.5666809082031,279.5666809082031,1000
2003-12-05 00:00:00+09:00,279.5666809082031,281.27135579178974,279.5666809082031,279.5666809082031,4000
2003-12-08 00:00:00+09:00,272.74798583984375,290.64707241058346,272.74798583984375,272.74798583984375,0
2003-12-09 00:00:00+09:00,277.0096740722656,277.0096740722656,277.0096740722656,277.0096740722656,1000
2003-12-10 00:00:00+09:00,268.4862365722656,268.4862365722656,268.4862365722656,268.4862365722656,1000
2003-12-11 00:00:00+09:00,272.74798583984375,272.74798583984375,272.74798583984375,272.74798583984375,1000
2003-12-12 00:00:00+09:00,272.74798583984375,277.0096731185913,272.74798583984375,272.74798583984375,0
2003-12-15 00:00:00+09:00,272.74798583984375,272.74798583984375,272.74798583984375,272.74798583984375,3000
2003-12-16 00:00:00+09:00,285.5329895019531,285.5329895019531,285.5329895019531,285.5329895019531,1000
2003-12-17 00:00:00+09:00,270.19097900390625,289.7947408874704,270.19097900390625,270.19097900390625,0
2003-12-18 00:00:00+09:00,277.0096740722656,277.0096740722656,277.0096740722656,277.0096740722656,1000
2003-12-19 00:00:00+09:00,272.74798677884615,277.0096740722656,272.74798677884615,277.0096740722656,2000
2003-12-22 00:00:00+09:00,272.74798583984375,272.74798583984375,272.74798583984375,272.74798583984375,2000
2003-12-23 00:00:00+09:00,272.74798583984375,272.74798583984375,272.74798583984375,272.74798583984375,0
2003-12-24 00:00:00+09:00,272.7479228670635,272.7479228670635,268.4862365722656,268.4862365722656,2000
2003-12-25 00:00:00+09:00,270.19097900390625,281.271366155486,270.19097900390625,270.19097900390625,0
2003-12-26 00:00:00+09:00,281.27142333984375,281.27142333984375,281.27142333984375,281.27142333984375,1000
2003-12-29 00:00:00+09:00,277.0096740722656,277.0096740722656,277.0096740722656,277.0096740722656,1000
2003-12-30 00:00:00+09:00,277.86199951171875,298.3180976352809,277.86199951171875,277.86199951171875,0
2003-12-31 00:00:00+09:00,277.86199951171875,277.86199951171875,277.86199951171875,277.86199951171875,0
2004-01-01 00:00:00+09:00,277.86199951171875,277.86199951171875,277.86199951171875,277.86199951171875,0
2004-01-02 00:00:00+09:00,277.86199951171875,277.86199951171875,277.86199951171875,277.86199951171875,0
2004-01-05 00:00:00+09:00,288.09006383559284,289.79473876953125,288.09006383559284,289.79473876953125,2000
2004-01-06 00:00:00+09:00,294.05645751953125,294.05645751953125,294.05645751953125,294.05645751953125,1000
2004-01-07 00:00:00+09:00,288.9424133300781,294.0564383447698,288.9424133300781,288.9424133300781,0
2004-01-08 00:00:00+09:00,294.0563694053972,302.5797424316406,294.0563694053972,302.5797424316406,2000
2004-01-09 00:00:00+09:00,298.31817626953125,298.31817626953125,298.31817626953125,298.31817626953125,1000
2004-01-12 00:00:00+09:00,298.31817626953125,298.31817626953125,298.31817626953125,298.31817626953125,0
2004-01-13 00:00:00+09:00,298.31817626953125,298.31817626953125,298.31817626953125,298.31817626953125,1000
2004-01-14 00:00:00+09:00,285.5329895019531,285.5329895019531,285.5329895019531,285.5329895019531,1000
2004-01-15 00:00:00+09:00,287.23773193359375,289.79474438404117,287.23773193359375,287.23773193359375,0
2004-01-16 00:00:00+09:00,289.79473876953125,289.79473876953125,289.79473876953125,289.79473876953125,1000
2004-01-19 00:00:00+09:00,294.90882568359376,298.31817626953125,294.90882568359376,298.31817626953125,5000
2004-01-20 00:00:00+09:00,298.31817626953125,298.31817626953125,298.31817626953125,298.31817626953125,1000
2004-01-21 00:00:00+09:00,294.05645751953125,294.05645751953125,294.05645751953125,294.05645751953125,1000
2004-01-22 00:00:00+09:00,298.31817626953125,298.31817626953125,298.31817626953125,298.31817626953125,1000
2004-01-23 00:00:00+09:00,295.7610778808594,305.9891266836557,295.7610778808594,295.7610778808594,0
2004-01-26 00:00:00+09:00,299.17041015625,299.17041015625,299.17041015625,299.17041015625,1000
2004-01-27 00:00:00+09:00,298.31817626953125,300.8751892089844,298.31817626953125,298.31817626953125,0
2004-01-28 00:00:00+09:00,305.98918465508353,306.8415222167969,305.98918465508353,306.8415222167969,3000
2004-01-29 00:00:00+09:00,305.1367492675781,306.84142384449194,305.1367492675781,305.1367492675781,0
2004-01-30 00:00:00+09:00,311.10313080169345,311.10313080169345,310.25079345703125,310.25079345703125,4000
2004-02-02 00:00:00+09:00,310.25079345703125,310.25079345703125,310.25079345703125,310.25079345703125,2000
2004-02-03 00:00:00+09:00,310.25080539503705,310.25080539503705,309.3984680175781,309.3984680175781,2000
2004-02-04 00:00:00+09:00,311.10315598324144,312.8078308105469,311.10315598324144,312.8078308105469,2000
2004-02-05 00:00:00+09:00,311.1031188964844,311.1031188964844,311.1031188964844,311.1031188964844,1000
2004-02-06 00:00:00+09:00,306.8415222167969,306.8415222167969,306.8415222167969,306.8415222167969,1000
2004-02-09 00:00:00+09:00,306.8415222167969,306.8415222167969,306.8415222167969,306.8415222167969,1000
2004-02-10 00:00:00+09:00,311.10321002536347,311.10321002536347,306.8415222167969,306.8415222167969,3000
2004-02-11 00:00:00+09:00,306.8415222167969,306.8415222167969,306.8415222167969,306.8415222167969,0
2004-02-12 00:00:00+09:00,306.8415222167969,306.8415222167969,306.8415222167969,306.8415222167969,2000
2004-02-13 00:00:00+09:00,298.3181453096694,298.3181453096694,294.05645751953125,294.05645751953125,5000
2004-02-16 00:00:00+09:00,298.31817626953125,298.31817626953125,298.31817626953125,298.31817626953125,8000
2004-02-17 00:00:00+09:00,298.31817626953125,298.31817626953125,298.31817626953125,298.31817626953125,5000
2004-02-18 00:00:00+09:00,302.5797424316406,302.5797424316406,302.5797424316406,302.5797424316406,1000
2004-02-19 00:00:00+09:00,299.17041015625,299.17041015625,299.17041015625,299.17041015625,1000
2004-02-20 00:00:00+09:00,299.17041015625,302.57975955974007,299.17041015625,299.17041015625,0
2004-02-23 00:00:00+09:00,299.17041015625,302.57975955974007,299.17041015625,299.17041015625,0
2004-02-24 00:00:00+09:00,299.17041015625,306.8414463141026,299.17041015625,299.17041015625,0
2004-02-25 00:00:00+09:00,300.02276611328125,306.84146534312856,300.02276611328125,300.02276611328125,0
2004-02-26 00:00:00+09:00,302.5797489420573,319.6264953613281,302.5797489420573,319.6264953613281,3000
2004-02-27 00:00:00+09:00,317.9218444824219,319.62651925176465,317.9218444824219,317.9218444824219,0
2004-03-01 00:00:00+09:00,327.297607421875,327.297607421875,327.297607421875,327.297607421875,2000
2004-03-02 00:00:00+09:00,322.18359375,323.8882688492064,322.18359375,322.18359375,0
2004-03-03 00:00:00+09:00,324.7405209189967,324.7405209189967,323.88818359375,323.88818359375,3000
2004-03-04 00:00:00+09:00,320.4788513183594,320.4788513183594,320.4788513183594,320.4788513183594,1000
2004-03-05 00:00:00+09:00,323.8882008004696,323.8882008004696,320.4788513183594,320.4788513183594,3000
2004-03-08 00:00:00+09:00,323.8882195348765,327.29756921419096,321.3312072753906,321.3312072753906,6000
2004-03-09 00:00:00+09:00,323.8882281541211,331.55926513671875,323.8882281541211,331.55926513671875,4000
2004-03-10 00:00:00+09:00,331.55926513671875,332.41160257922957,331.55926513671875,331.55926513671875,4000
2004-03-11 00:00:00+09:00,330.7069341557105,333.2639465332031,330.7069341557105,333.2639465332031,4000
2004-03-12 00:00:00+09:00,334.96862238103694,337.525634765625,334.96862238103694,337.525634765625,5000
2004-03-15 00:00:00+09:00,339.23028564453125,339.23028564453125,339.23028564453125,339.23028564453125,3000
2004-03-16 00:00:00+09:00,340.9349670410156,340.9349670410156,340.0826296234131,340.9349670410156,3000
2004-03-17 00:00:00+09:00,347.7536315917969,347.7536315917969,347.7536315917969,347.7536315917969,1000
2004-03-18 00:00:00+09:00,346.9013258816255,352.0153503417969,341.7873014214541,352.0153503417969,5000
2004-03-19 00:00:00+09:00,355.4247985839844,357.9818115234375,345.1967468261719,345.1967468261719,4000
2004-03-22 00:00:00+09:00,361.39112496261964,361.39112496261964,356.277099609375,356.277099609375,3000
2004-03-23 00:00:00+09:00,356.2770408559069,364.8004150390625,350.3106789276979,364.8004150390625,5000
2004-03-24 00:00:00+09:00,366.5050942557199,366.5050942557199,357.9817199707031,357.9817199707031,3000
2004-03-25 00:00:00+09:00,362.243424651352,382.69952392578125,362.243424651352,382.69952392578125,6000
2004-03-26 00:00:00+09:00,329.49913758116884,330.3572082519531,319.2022895317573,330.3572082519531,5000
2004-03-29 00:00:00+09:00,323.49261474609375,326.06682653452424,323.49261474609375,323.49261474609375,0
2004-03-30 00:00:00+09:00,323.49261474609375,323.49261474609375,323.49261474609375,323.49261474609375,1000
2004-03-31 00:00:00+09:00,323.4926216527035,326.06683349609375,323.4926216527035,326.06683349609375,2000
2004-04-01 00:00:00+09:00,326.06678059895836,326.06678059895836,321.77642822265625,321.77642822265625,5000
2004-04-02 00:00:00+09:00,321.7764437678033,321.7764437678033,320.060302734375,320.060302734375,3000
2004-04-05 00:00:00+09:00,311.47972204150255,321.77657235692413,308.90550946264716,309.7635803222656,6000
2004-04-06 00:00:00+09:00,308.9054041043134,308.9054041043134,304.61505126953125,304.61505126953125,3000
2004-04-07 00:00:00+09:00,308.0473327636719,308.0473327636719,308.0473327636719,308.0473327636719,1000
2004-04-08 00:00:00+09:00,313.1957234700521,321.77642822265625,313.1957234700521,321.77642822265625,2000
2004-04-09 00:00:00+09:00,317.48614501953125,324.35071031725084,317.48614501953125,317.48614501953125,0
2004-04-12 00:00:00+09:00,317.48614501953125,323.4926396550359,317.48614501953125,317.48614501953125,0
2004-04-13 00:00:00+09:00,322.63457106563305,333.78948974609375,322.63457106563305,333.78948974609375,6000
2004-04-14 00:00:00+09:00,317.4860911842326,326.92486686808815,317.4860911842326,320.060302734375,5000
2004-04-15 00:00:00+09:00,320.060302734375,320.060302734375,320.060302734375,320.060302734375,1000
2004-04-16 00:00:00+09:00,319.2023010253906,319.2023010253906,319.2023010253906,319.2023010253906,1000
2004-04-19 00:00:00+09:00,318.34417724609375,332.93137674254547,318.34417724609375,318.34417724609375,0
2004-04-20 00:00:00+09:00,309.7635803222656,329.4992100934903,309.7635803222656,309.7635803222656,0
2004-04-21 00:00:00+09:00,317.48614501953125,317.48614501953125,317.48614501953125,317.48614501953125,1000
2004-04-22 00:00:00+09:00,313.1957781445849,313.1957781445849,312.33770751953125,312.33770751953125,2000
2004-04-23 00:00:00+09:00,328.64100910343535,329.4990796232877,313.19573974609375,313.19573974609375,4000
2004-04-26 00:00:00+09:00,313.19573974609375,330.35715014313996,313.19573974609375,313.19573974609375,0
2004-04-27 00:00:00+09:00,321.77642822265625,321.77642822265625,321.77642822265625,321.77642822265625,1000
2004-04-28 00:00:00+09:00,321.77642822265625,330.3571329752604,321.77642822265625,321.77642822265625,0
2004-04-29 00:00:00+09:00,321.77642822265625,321.77642822265625,321.77642822265625,321.77642822265625,0
2004-04-30 00:00:00+09:00,326.06683349609375,326.06683349609375,326.06683349609375,326.06683349609375,2000
2004-05-03 00:00:00+09:00,326.06683349609375,326.06683349609375,326.06683349609375,326.06683349609375,0
2004-05-04 00:00:00+09:00,326.06683349609375,326.06683349609375,326.06683349609375,326.06683349609375,0
2004-05-05 00:00:00+09:00,326.06683349609375,326.06683349609375,326.06683349609375,326.06683349609375,0
2004-05-06 00:00:00+09:00,321.77642822265625,326.06678059895836,321.77642822265625,321.77642822265625,0
2004-05-07 00:00:00+09:00,326.06683349609375,326.06683349609375,326.06683349609375,326.06683349609375,1000
2004-05-10 00:00:00+09:00,313.19573974609375,326.0667975438784,313.19573974609375,313.19573974609375,0
2004-05-11 00:00:00+09:00,317.48614501953125,317.48614501953125,317.48614501953125,317.48614501953125,1000
2004-05-12 00:00:00+09:00,314.0538330078125,317.4861153357667,314.0538330078125,314.0538330078125,0
2004-05-13 00:00:00+09:00,314.0538330078125,326.06682115565235,314.0538330078125,314.0538330078125,0
2004-05-14 00:00:00+09:00,314.0538519079035,314.0538519079035,302.0408630371094,302.0408630371094,2000
2004-05-17 00:00:00+09:00,303.75701904296875,317.48614984717074,303.75701904296875,303.75701904296875,0
2004-05-18 00:00:00+09:00,304.6150897182314,305.473160393494,303.75701904296875,303.75701904296875,3000
2004-05-19 00:00:00+09:00,326.06683349609375,326.06683349609375,326.06683349609375,326.06683349609375,1000
2004-05-20 00:00:00+09:00,303.75701904296875,337.2217753782111,303.75701904296875,303.75701904296875,0
2004-05-21 00:00:00+09:00,303.75701904296875,333.7894926771606,303.75701904296875,303.75701904296875,0
2004-05-24 00:00:00+09:00,304.61505126953125,330.35716827822404,304.61505126953125,304.61505126953125,0
2004-05-25 00:00:00+09:00,304.61505126953125,332.0733094121369,304.61505126953125,304.61505126953125,0
2004-05-26 00:00:00+09:00,305.4731140136719,332.0733009081208,305.4731140136719,305.4731140136719,0
2004-05-27 00:00:00+09:00,309.7635803222656,330.3572809531087,309.7635803222656,309.7635803222656,0
2004-05-28 00:00:00+09:00,328.64100910343535,328.64100910343535,313.19573974609375,313.19573974609375,2000
2004-05-31 00:00:00+09:00,315.77001953125,315.77001953125,315.77001953125,315.77001953125,1000
2004-06-01 00:00:00+09:00,317.48614501953125,324.35071031725084,317.48614501953125,317.48614501953125,0
2004-06-02 00:00:00+09:00,317.48616094174594,317.48616094174594,315.77001953125,315.77001953125,4000
2004-06-03 00:00:00+09:00,308.90545654296875,329.4991536458333,308.90545654296875,308.90545654296875,0
2004-06-04 00:00:00+09:00,313.19573974609375,313.19573974609375,313.19573974609375,313.19573974609375,5000
2004-06-07 00:00:00+09:00,313.19573974609375,333.78943222254924,313.19573974609375,313.19573974609375,0
2004-06-08 00:00:00+09:00,311.4796447753906,313.19578606891895,311.4796447753906,311.4796447753906,0
2004-06-09 00:00:00+09:00,300.3247375488281,300.3247375488281,300.3247375488281,300.3247375488281,33000
2004-06-10 00:00:00+09:00,302.0408630371094,333.78947648135096,302.0408630371094,302.0408630371094,0
2004-06-11 00:00:00+09:00,317.48614501953125,333.7894876016153,317.48614501953125,317.48614501953125,0
2004-06-14 00:00:00+09:00,317.48614501953125,341.51212356154986,317.48614501953125,317.48614501953125,0
2004-06-15 00:00:00+09:00,326.06683349609375,358.67351684570315,326.06683349609375,326.06683349609375,0
2004-06-16 00:00:00+09:00,326.06683349609375,330.3571865684108,326.06683349609375,326.06683349609375,0
2004-06-17 00:00:00+09:00,326.06683349609375,326.06683349609375,326.06683349609375,326.06683349609375,2000
2004-06-18 00:00:00+09:00,317.48614501953125,321.776498330606,317.48614501953125,317.48614501953125,0
2004-06-21 00:00:00+09:00,317.48614501953125,326.0668516416807,317.48614501953125,317.48614501953125,0
2004-06-22 00:00:00+09:00,317.48614501953125,326.0668516416807,317.48614501953125,317.48614501953125,0
2004-06-23 00:00:00+09:00,326.06683349609375,326.06683349609375,326.06683349609375,326.06683349609375,1000
2004-06-24 00:00:00+09:00,330.3572082519531,330.3572082519531,330.3572082519531,330.3572082519531,2000
2004-06-25 00:00:00+09:00,330.3572082519531,330.3572082519531,330.3572082519531,330.3572082519531,1000
2004-06-28 00:00:00+09:00,330.3572082519531,330.3572082519531,330.3572082519531,330.3572082519531,1000
2004-06-29 00:00:00+09:00,331.2152404785156,331.2152404785156,331.2152404785156,331.2152404785156,1000
2004-06-30 00:00:00+09:00,321.77642822265625,334.6474853515625,321.77642822265625,321.77642822265625,0
2004-07-01 00:00:00+09:00,331.21521044027116,331.21521044027116,327.7829284667969,327.7829284667969,2000
2004-07-02 00:00:00+09:00,330.3572293795072,334.6475830078125,326.0668757512019,334.6475830078125,4000
2004-07-05 00:00:00+09:00,334.6475737366495,338.93792724609375,334.6475737366495,338.93792724609375,10000
2004-07-06 00:00:00+09:00,321.77642822265625,334.6474853515625,321.77642822265625,321.77642822265625,0
2004-07-07 00:00:00+09:00,334.6475830078125,334.6475830078125,334.6475830078125,334.6475830078125,1000
2004-07-08 00:00:00+09:00,334.6475830078125,334.6475830078125,334.6475830078125,334.6475830078125,1000
2004-07-09 00:00:00+09:00,333.78951228215146,334.6475830078125,333.78951228215146,334.6475830078125,2000
2004-07-12 00:00:00+09:00,334.6475830078125,334.6475830078125,334.6475830078125,334.6475830078125,4000
2004-07-13 00:00:00+09:00,330.3572082519531,334.64756160587456,330.3572082519531,330.3572082519531,0
2004-07-14 00:00:00+09:00,343.2282409667969,343.2282409667969,343.2282409667969,343.2282409667969,1000
2004-07-15 00:00:00+09:00,343.22826831371754,343.22826831371754,330.3572082519531,330.3572082519531,2000
2004-07-16 00:00:00+09:00,330.3572082519531,342.3701976429332,330.3572082519531,330.3572082519531,0
2004-07-19 00:00:00+09:00,330.3572082519531,330.3572082519531,330.3572082519531,330.3572082519531,0
2004-07-20 00:00:00+09:00,330.3572082519531,336.3637029474432,330.3572082519531,330.3572082519531,0
2004-07-21 00:00:00+09:00,330.3572082519531,332.0733495935217,330.3572082519531,330.3572082519531,0
2004-07-22 00:00:00+09:00,330.3572082519531,341.5121269721489,330.3572082519531,330.3572082519531,0
2004-07-23 00:00:00+09:00,330.3572082519531,342.3701976429332,330.3572082519531,330.3572082519531,0
2004-07-26 00:00:00+09:00,332.9313659667969,338.9378596826927,332.9313659667969,332.9313659667969,0
2004-07-27 00:00:00+09:00,338.079833984375,338.079833984375,338.079833984375,338.079833984375,1000
2004-07-28 00:00:00+09:00,326.06683349609375,334.6475396407278,326.06683349609375,326.06683349609375,0
2004-07-29 00:00:00+09:00,337.2217736182275,337.2217736182275,330.3572082519531,330.3572082519531,5000
2004-07-30 00:00:00+09:00,330.3572082519531,330.3572082519531,330.3572082519531,330.3572082519531,1000
2004-08-02 00:00:00+09:00,326.06683349609375,326.06683349609375,326.06683349609375,326.06683349609375,2000
2004-08-03 00:00:00+09:00,330.3572082519531,330.3572082519531,330.3572082519531,330.3572082519531,1000
2004-08-04 00:00:00+09:00,309.7635803222656,329.4992100934903,309.7635803222656,309.7635803222656,0
2004-08-05 00:00:00+09:00,310.62158203125,334.64756075189916,310.62158203125,310.62158203125,0
2004-08-06 00:00:00+09:00,309.7635803222656,333.7895643915826,309.7635803222656,309.7635803222656,0
2004-08-09 00:00:00+09:00,326.06683349609375,333.7894690262644,326.06683349609375,326.06683349609375,0
2004-08-10 00:00:00+09:00,328.641045339484,328.641045339484,326.06683349609375,326.06683349609375,2000
2004-08-11 00:00:00+09:00,333.78948974609375,333.78948974609375,333.78948974609375,333.78948974609375,1000
2004-08-12 00:00:00+09:00,317.48614501953125,332.9314169394003,317.48614501953125,317.48614501953125,0
2004-08-13 00:00:00+09:00,316.6281433105469,333.78956029214834,316.6281433105469,316.6281433105469,0
2004-08-16 00:00:00+09:00,317.48614501953125,317.48614501953125,317.48614501953125,317.48614501953125,1000
2004-08-17 00:00:00+09:00,315.77001953125,326.0668679942255,315.77001953125,315.77001953125,0
2004-08-18 00:00:00+09:00,317.48614501953125,317.48614501953125,317.48614501953125,317.48614501953125,1000
2004-08-19 00:00:00+09:00,317.48614501953125,317.48614501953125,317.48614501953125,317.48614501953125,1000
2004-08-20 00:00:00+09:00,311.4796447753906,311.4796447753906,311.4796447753906,311.4796447753906,1000
2004-08-23 00:00:00+09:00,313.19573974609375,326.0667975438784,313.19573974609375,313.19573974609375,0
2004-08-24 00:00:00+09:00,312.33770751953125,326.06683752038975,312.33770751953125,312.33770751953125,0
2004-08-25 00:00:00+09:00,312.33770751953125,323.49262564522877,312.33770751953125,312.33770751953125,0
2004-08-26 00:00:00+09:00,315.7699553499517,332.9313659667969,315.7699553499517,332.9313659667969,4000
2004-08-27 00:00:00+09:00,333.78948974609375,333.78948974609375,333.78948974609375,333.78948974609375,1000
2004-08-30 00:00:00+09:00,317.48614501953125,334.64755826383026,317.48614501953125,317.48614501953125,0
2004-08-31 00:00:00+09:00,318.34417724609375,338.93787065284914,318.34417724609375,318.34417724609375,0
2004-09-01 00:00:00+09:00,328.6410827636719,328.6410827636719,328.6410827636719,328.6410827636719,1000
2004-09-02 00:00:00+09:00,330.3572082519531,330.3572082519531,330.3572082519531,330.3572082519531,1000
2004-09-03 00:00:00+09:00,328.6410827636719,338.93793130979213,328.6410827636719,328.6410827636719,0
2004-09-06 00:00:00+09:00,330.3572082519531,343.22826831371754,330.3572082519531,330.3572082519531,0
2004-09-07 00:00:00+09:00,330.3572082519531,347.51862166763897,330.3572082519531,330.3572082519531,0
2004-09-08 00:00:00+09:00,330.3572082519531,343.22826831371754,330.3572082519531,330.3572082519531,0
2004-09-09 00:00:00+09:00,338.93792724609375,338.93792724609375,338.93792724609375,338.93792724609375,1000
2004-09-10 00:00:00+09:00,330.3572082519531,338.07984428901176,330.3572082519531,330.3572082519531,0
2004-09-13 00:00:00+09:00,334.6475830078125,334.6475830078125,334.6475830078125,334.6475830078125,2000
2004-09-14 00:00:00+09:00,330.3572082519531,331.2152789227374,330.3572082519531,330.3572082519531,0
2004-09-15 00:00:00+09:00,331.2152789227374,331.2152789227374,330.3572082519531,330.3572082519531,2000
2004-09-16 00:00:00+09:00,326.06683349609375,334.6475396407278,326.06683349609375,326.06683349609375,0
2004-09-17 00:00:00+09:00,326.06683349609375,334.6475396407278,326.06683349609375,326.06683349609375,0
2004-09-20 00:00:00+09:00,326.06683349609375,326.06683349609375,326.06683349609375,326.06683349609375,0
2004-09-21 00:00:00+09:00,330.3572082519531,330.3572082519531,330.3572082519531,330.3572082519531,1000
2004-09-22 00:00:00+09:00,334.6475830078125,334.6475830078125,334.6475830078125,334.6475830078125,1000
2004-09-23 00:00:00+09:00,334.6475830078125,334.6475830078125,334.6475830078125,334.6475830078125,0
2004-09-24 00:00:00+09:00,330.3572082519531,330.3572082519531,330.3572082519531,330.3572082519531,1000
2004-09-27 00:00:00+09:00,326.06683349609375,334.6475396407278,326.06683349609375,326.06683349609375,0
2004-09-28 00:00:00+09:00,330.3572082519531,334.64756160587456,330.3572082519531,330.3572082519531,0
2004-09-29 00:00:00+09:00,330.3572082519531,334.64756160587456,330.3572082519531,330.3572082519531,0
2004-09-30 00:00:00+09:00,330.3572082519531,334.64756160587456,330.3572082519531,330.3572082519531,0
2004-10-01 00:00:00+09:00,330.3572082519531,330.3572082519531,330.3572082519531,330.3572082519531,1000
2004-10-04 00:00:00+09:00,326.9249572753906,326.9249572753906,326.9249572753906,326.9249572753906,1000
2004-10-05 00:00:00+09:00,334.6475830078125,334.6475830078125,334.6475830078125,334.6475830078125,1000
2004-10-06 00:00:00+09:00,334.6475830078125,341.51214881310096,334.6475830078125,334.6475830078125,0
2004-10-07 00:00:00+09:00,335.50567626953125,341.51217175261746,335.50567626953125,335.50567626953125,0
2004-10-08 00:00:00+09:00,334.6475830078125,341.51214881310096,334.6475830078125,334.6475830078125,0
2004-10-11 00:00:00+09:00,334.6475830078125,334.6475830078125,334.6475830078125,334.6475830078125,0
2004-10-12 00:00:00+09:00,334.6475830078125,377.55111929086536,334.6475830078125,334.6475830078125,0
2004-10-13 00:00:00+09:00,334.6475830078125,368.9704120342548,334.6475830078125,334.6475830078125,0
2004-10-14 00:00:00+09:00,334.6475830078125,351.80899752103363,334.6475830078125,334.6475830078125,0
2004-10-15 00:00:00+09:00,341.51214881310096,343.2282902644231,334.6475830078125,334.6475830078125,4000
2004-10-18 00:00:00+09:00,330.3572082519531,343.22826831371754,330.3572082519531,330.3572082519531,0
2004-10-19 00:00:00+09:00,330.3572082519531,343.22826831371754,330.3572082519531,330.3572082519531,0
2004-10-20 00:00:00+09:00,330.3572082519531,343.22826831371754,330.3572082519531,330.3572082519531,0
2004-10-21 00:00:00+09:00,330.3572082519531,342.3701976429332,330.3572082519531,330.3572082519531,0
2004-10-22 00:00:00+09:00,330.3572082519531,343.22826831371754,330.3572082519531,330.3572082519531,0
2004-10-25 00:00:00+09:00,334.6475830078125,343.2282902644231,334.6475830078125,334.6475830078125,0
2004-10-26 00:00:00+09:00,334.6475830078125,343.2282902644231,334.6475830078125,334.6475830078125,0
2004-10-27 00:00:00+09:00,334.6475830078125,334.6475830078125,334.6475830078125,334.6475830078125,1000
2004-10-28 00:00:00+09:00,330.3572082519531,343.22826831371754,330.3572082519531,330.3572082519531,0
2004-10-29 00:00:00+09:00,334.6475830078125,338.9379366361178,334.6475830078125,334.6475830078125,0
2004-11-01 00:00:00+09:00,341.5121154785156,341.5121154785156,341.5121154785156,341.5121154785156,1000
2004-11-02 00:00:00+09:00,341.5121154785156,341.5121154785156,341.5121154785156,341.5121154785156,1000
2004-11-03 00:00:00+09:00,341.5121154785156,341.5121154785156,341.5121154785156,341.5121154785156,0
2004-11-04 00:00:00+09:00,341.5121154785156,341.5121154785156,341.5121154785156,341.5121154785156,1000
2004-11-05 00:00:00+09:00,338.93792724609375,341.5121393517603,338.93792724609375,338.93792724609375,0
2004-11-08 00:00:00+09:00,338.93783531093356,342.3701171875,338.93783531093356,342.3701171875,3000
2004-11-09 00:00:00+09:00,342.3701171875,342.3701171875,342.3701171875,342.3701171875,1000
2004-11-10 00:00:00+09:00,342.3701171875,347.5185400023496,342.3701171875,342.3701171875,0
2004-11-11 00:00:00+09:00,343.2282409667969,344.9443821716309,343.2282409667969,343.2282409667969,0
2004-11-12 00:00:00+09:00,343.2282409667969,377.5510650634766,343.2282409667969,343.2282409667969,0
2004-11-15 00:00:00+09:00,343.2282409667969,343.2282409667969,343.2282409667969,343.2282409667969,1000
2004-11-16 00:00:00+09:00,344.94439697265625,360.3896684788946,344.94439697265625,344.94439697265625,0
2004-11-17 00:00:00+09:00,344.94439697265625,344.94439697265625,344.94439697265625,344.94439697265625,1000
2004-11-18 00:00:00+09:00,347.5186462402344,347.5186462402344,347.5186462402344,347.5186462402344,1000
2004-11-19 00:00:00+09:00,344.08636474609375,351.8090013613427,344.08636474609375,344.08636474609375,0
2004-11-22 00:00:00+09:00,338.93792724609375,347.5186342649822,338.93792724609375,338.93792724609375,0
2004-11-23 00:00:00+09:00,338.93792724609375,338.93792724609375,338.93792724609375,338.93792724609375,0
2004-11-24 00:00:00+09:00,338.93792724609375,349.2347756687599,338.93792724609375,338.93792724609375,0
2004-11-25 00:00:00+09:00,339.7959899902344,349.23476748996313,339.7959899902344,339.7959899902344,0
2004-11-26 00:00:00+09:00,339.7959979479826,339.7959979479826,338.93792724609375,338.93792724609375,2000
2004-11-29 00:00:00+09:00,338.93792724609375,338.93792724609375,338.93792724609375,338.93792724609375,3000
2004-11-30 00:00:00+09:00,343.2282409667969,349.2347351837158,343.2282409667969,343.2282409667969,0
2004-12-01 00:00:00+09:00,344.08636474609375,349.23478915625975,344.08636474609375,344.08636474609375,0
2004-12-02 00:00:00+09:00,344.0863115692139,344.0863115692139,343.2282409667969,343.2282409667969,2000
2004-12-03 00:00:00+09:00,326.9249572753906,344.08637235546365,326.9249572753906,326.9249572753906,0
2004-12-06 00:00:00+09:00,339.7959899902344,343.22827271740846,339.7959899902344,339.7959899902344,0
2004-12-07 00:00:00+09:00,339.7959899902344,339.7959899902344,339.7959899902344,339.7959899902344,1000
2004-12-08 00:00:00+09:00,338.93792724609375,343.228280755538,338.93792724609375,338.93792724609375,0
2004-12-09 00:00:00+09:00,338.93792724609375,338.93792724609375,338.93792724609375,338.93792724609375,1000
2004-12-10 00:00:00+09:00,343.2282409667969,343.2282409667969,343.2282409667969,343.2282409667969,1000
2004-12-13 00:00:00+09:00,334.6475830078125,368.9704120342548,334.6475830078125,334.6475830078125,0
2004-12-14 00:00:00+09:00,334.6475830078125,351.80899752103363,334.6475830078125,334.6475830078125,0
2004-12-15 00:00:00+09:00,338.93792724609375,360.38969479331485,338.93792724609375,338.93792724609375,0
2004-12-16 00:00:00+09:00,338.93792724609375,338.93792724609375,338.93792724609375,338.93792724609375,1000
2004-12-17 00:00:00+09:00,336.3636169433594,336.3636169433594,336.3636169433594,336.3636169433594,1000
2004-12-20 00:00:00+09:00,335.50567626953125,368.97043681815455,335.50567626953125,335.50567626953125,0
2004-12-21 00:00:00+09:00,377.55108642578125,377.55108642578125,377.55108642578125,377.55108642578125,0
2004-12-22 00:00:00+09:00,336.3636169433594,336.3636169433594,336.3636169433594,336.3636169433594,1000
2004-12-23 00:00:00+09:00,336.3636169433594,336.3636169433594,336.3636169433594,336.3636169433594,0
2004-12-24 00:00:00+09:00,333.78948974609375,368.9703871229314,333.78948974609375,333.78948974609375,0
2004-12-27 00:00:00+09:00,377.55108642578125,377.55108642578125,377.55108642578125,377.55108642578125,0
2004-12-28 00:00:00+09:00,356.09930419921875,356.09930419921875,356.09930419921875,356.09930419921875,0
2004-12-29 00:00:00+09:00,339.7959899902344,374.11881726197527,339.7959899902344,339.7959899902344,0
2004-12-30 00:00:00+09:00,339.7959899902344,339.7959899902344,339.7959899902344,339.7959899902344,1000
2004-12-31 00:00:00+09:00,339.7959899902344,339.7959899902344,339.7959899902344,339.7959899902344,0
2005-01-03 00:00:00+09:00,339.7959899902344,339.7959899902344,339.7959899902344,339.7959899902344,0
2005-01-04 00:00:00+09:00,340.654052734375,340.654052734375,340.654052734375,340.654052734375,2000
2005-01-05 00:00:00+09:00,360.3896484375,360.3896484375,360.3896484375,360.3896484375,0
2005-01-06 00:00:00+09:00,343.2282409667969,343.2282409667969,343.2282409667969,343.2282409667969,1000
2005-01-07 00:00:00+09:00,345.802508965854,373.2607727050781,345.802508965854,373.2607727050781,7000
2005-01-10 00:00:00+09:00,373.2607727050781,373.2607727050781,373.2607727050781,373.2607727050781,0
2005-01-11 00:00:00+09:00,344.08636474609375,368.970416061896,344.08636474609375,344.08636474609375,0
2005-01-12 00:00:00+09:00,360.3896484375,372.40263671875,360.3896484375,360.3896484375,0
2005-01-13 00:00:00+09:00,344.94439697265625,373.26072806742656,344.94439697265625,344.94439697265625,0
2005-01-14 00:00:00+09:00,364.6800231933594,364.6800231933594,364.6800231933594,364.6800231933594,0
2005-01-17 00:00:00+09:00,368.97040457428193,371.54461669921875,364.6800510327205,371.54461669921875,3000
2005-01-18 00:00:00+09:00,364.6800231933594,364.6800231933594,364.6800231933594,364.6800231933594,1000
2005-01-19 00:00:00+09:00,360.3896484375,371.54456612723214,360.3896484375,360.3896484375,0
2005-01-20 00:00:00+09:00,352.66705322265625,352.66705322265625,352.66705322265625,352.66705322265625,1000
2005-01-21 00:00:00+09:00,368.9703369140625,368.9703369140625,368.9703369140625,368.9703369140625,1000
2005-01-24 00:00:00+09:00,356.09930419921875,356.09930419921875,356.09930419921875,356.09930419921875,0
2005-01-25 00:00:00+09:00,368.9703369140625,368.9703369140625,368.9703369140625,368.9703369140625,1000
2005-01-26 00:00:00+09:00,364.6800231933594,364.6800231933594,364.6800231933594,364.6800231933594,0
2005-01-27 00:00:00+09:00,366.3961252611737,368.9703369140625,366.3961252611737,368.9703369140625,2000
2005-01-28 00:00:00+09:00,373.26073317094284,377.55108642578125,373.26073317094284,377.55108642578125,3000
2005-01-31 00:00:00+09:00,381.84149169921875,381.84149169921875,381.84149169921875,381.84149169921875,1000
2005-02-01 00:00:00+09:00,386.1317875074304,394.7124938964844,386.1317875074304,394.7124938964844,3000
2005-02-02 00:00:00+09:00,399.00282505580356,399.00282505580356,390.422119140625,390.422119140625,4000
2005-02-03 00:00:00+09:00,382.699462890625,398.14473269338566,382.699462890625,382.699462890625,0
2005-02-04 00:00:00+09:00,393.85441040039063,393.85441040039063,386.13177490234375,386.13177490234375,2000
2005-02-07 00:00:00+09:00,368.9703369140625,368.9703369140625,368.9703369140625,368.9703369140625,0
2005-02-08 00:00:00+09:00,382.699462890625,382.699462890625,382.699462890625,382.699462890625,1000
2005-02-09 00:00:00+09:00,369.82843017578125,386.1317716452472,369.82843017578125,369.82843017578125,0
2005-02-10 00:00:00+09:00,370.6865234375,370.6865234375,370.6865234375,370.6865234375,2000
2005-02-11 00:00:00+09:00,370.6865234375,370.6865234375,370.6865234375,370.6865234375,0
2005-02-14 00:00:00+09:00,380.12530517578125,380.12530517578125,380.12530517578125,380.12530517578125,1000
2005-02-15 00:00:00+09:00,364.6800231933594,364.6800231933594,364.6800231933594,364.6800231933594,0
2005-02-16 00:00:00+09:00,377.55108642578125,377.55108642578125,377.55108642578125,377.55108642578125,2000
2005-02-17 00:00:00+09:00,370.6865234375,381.8414419668692,370.6865234375,370.6865234375,0
2005-02-18 00:00:00+09:00,381.84149169921875,381.84149169921875,381.84149169921875,381.84149169921875,1000
2005-02-21 00:00:00+09:00,377.55108642578125,394.71249944513494,377.55108642578125,377.55108642578125,0
2005-02-22 00:00:00+09:00,381.84149169921875,381.84149169921875,381.84149169921875,381.84149169921875,1000
2005-02-23 00:00:00+09:00,386.13177490234375,386.13177490234375,386.13177490234375,386.13177490234375,1000
2005-02-24 00:00:00+09:00,384.415704002809,384.415704002809,381.84149169921875,381.84149169921875,2000
2005-02-25 00:00:00+09:00,381.8414218478733,386.13177490234375,381.8414218478733,386.13177490234375,6000
2005-02-28 00:00:00+09:00,394.71251522597447,403.29322207871303,394.71251522597447,399.00286865234375,5000
2005-03-01 00:00:00+09:00,399.00286865234375,399.00286865234375,399.00286865234375,399.00286865234375,1000
2005-03-02 00:00:00+09:00,399.00282505580356,399.00282505580356,390.422119140625,390.422119140625,3000
2005-03-03 00:00:00+09:00,399.00287929334144,401.5770914178146,391.2802429199219,391.2802429199219,4000
2005-03-04 00:00:00+09:00,394.7124938964844,394.7124938964844,394.7124938964844,394.7124938964844,2000
2005-03-07 00:00:00+09:00,394.7124938964844,399.00284709101135,394.7124938964844,394.7124938964844,4000
2005-03-08 00:00:00+09:00,395.5705469659034,403.2931823730469,395.5705469659034,403.2931823730469,13000
2005-03-09 00:00:00+09:00,403.2932499246416,405.8674621582031,403.2932499246416,405.8674621582031,4000
2005-03-10 00:00:00+09:00,406.72548648231907,407.58355712890625,406.72548648231907,407.58355712890625,4000
2005-03-11 00:00:00+09:00,411.87395296391753,416.164306640625,411.87395296391753,416.164306640625,4000
2005-03-14 00:00:00+09:00,416.1643087768555,429.0353698730469,416.1643087768555,429.0353698730469,15000
2005-03-15 00:00:00+09:00,429.0352869515467,429.0352869515467,424.74493408203125,424.74493408203125,8000
2005-03-16 00:00:00+09:00,429.03530039685836,429.03530039685836,395.5705469659034,403.2931823730469,15000
2005-03-17 00:00:00+09:00,396.42861756669714,403.2931823730469,396.42861756669714,403.2931823730469,6000
2005-03-18 00:00:00+09:00,411.87392938332476,419.5965655592621,411.87392938332476,418.7384948730469,9000
2005-03-21 00:00:00+09:00,418.7384948730469,418.7384948730469,418.7384948730469,418.7384948730469,0
2005-03-22 00:00:00+09:00,419.5965696652093,428.1772766113281,418.73849897059745,428.1772766113281,4000
2005-03-23 00:00:00+09:00,429.0353418365727,429.0353418365727,422.1707763671875,422.1707763671875,7000
2005-03-24 00:00:00+09:00,429.03534730594,429.03534730594,424.7449938328806,428.1772766113281,4000
2005-03-25 00:00:00+09:00,433.3257127323413,436.75799560546875,429.035359140932,436.75799560546875,11000
2005-03-28 00:00:00+09:00,422.08423171768356,422.08423171768356,403.0947570800781,403.0947570800781,5000
2005-03-29 00:00:00+09:00,397.05272900927196,403.0948357550653,388.42114794385304,392.7369384765625,7000
2005-03-30 00:00:00+09:00,345.26324462890625,345.26324462890625,345.26324462890625,345.26324462890625,0
2005-03-31 00:00:00+09:00,391.8737487792969,391.8737487792969,391.8737487792969,391.8737487792969,1000
2005-04-01 00:00:00+09:00,389.28424072265625,392.73687256942037,389.28424072265625,389.28424072265625,0
2005-04-04 00:00:00+09:00,389.28424072265625,389.28424072265625,389.28424072265625,389.28424072265625,0
2005-04-05 00:00:00+09:00,384.1053466796875,384.1053466796875,384.1053466796875,384.1053466796875,2000
2005-04-06 00:00:00+09:00,366.8421850311622,384.1053466796875,366.8421850311622,384.1053466796875,2000
2005-04-07 00:00:00+09:00,375.4737243652344,375.4737243652344,375.4737243652344,375.4737243652344,1000
2005-04-08 00:00:00+09:00,372.0210876464844,372.0210876464844,372.0210876464844,372.0210876464844,1000
2005-04-11 00:00:00+09:00,371.1579284667969,371.1579284667969,371.1579284667969,371.1579284667969,3000
2005-04-12 00:00:00+09:00,354.7579345703125,378.06320034500453,354.7579345703125,354.7579345703125,0
2005-04-13 00:00:00+09:00,354.7579345703125,379.7895163283151,354.7579345703125,354.7579345703125,0
2005-04-14 00:00:00+09:00,358.2105407714844,379.7894890107304,358.2105407714844,358.2105407714844,0
2005-04-15 00:00:00+09:00,362.5263671875,379.7895275297619,362.5263671875,362.5263671875,0
2005-04-18 00:00:00+09:00,362.5263671875,379.7895275297619,362.5263671875,362.5263671875,0
2005-04-19 00:00:00+09:00,363.3895568847656,363.3895568847656,363.3895568847656,363.3895568847656,1000
2005-04-20 00:00:00+09:00,362.5263671875,379.7895275297619,362.5263671875,362.5263671875,0
2005-04-21 00:00:00+09:00,362.5263671875,362.5263671875,362.5263671875,362.5263671875,1000
2005-04-22 00:00:00+09:00,378.0631408691406,378.0631408691406,378.0631408691406,378.0631408691406,0
2005-04-25 00:00:00+09:00,362.5263671875,362.5263671875,362.5263671875,362.5263671875,1000
2005-04-26 00:00:00+09:00,370.2947998046875,370.2947998046875,370.2947998046875,370.2947998046875,0
2005-04-27 00:00:00+09:00,370.2947998046875,370.2947998046875,370.2947998046875,370.2947998046875,0
2005-04-28 00:00:00+09:00,362.5263671875,362.5263671875,362.5263671875,362.5263671875,1000
2005-04-29 00:00:00+09:00,362.5263671875,362.5263671875,362.5263671875,362.5263671875,0
2005-05-02 00:00:00+09:00,362.5263671875,362.5263671875,362.5263671875,362.5263671875,1000
2005-05-03 00:00:00+09:00,362.5263671875,362.5263671875,362.5263671875,362.5263671875,0
2005-05-04 00:00:00+09:00,362.5263671875,362.5263671875,362.5263671875,362.5263671875,0
2005-05-05 00:00:00+09:00,362.5263671875,362.5263671875,362.5263671875,362.5263671875,0
2005-05-06 00:00:00+09:00,383.2421569824219,383.2421569824219,383.2421569824219,383.2421569824219,0
2005-05-09 00:00:00+09:00,376.3369140625,376.3369140625,376.3369140625,376.3369140625,1000
2005-05-10 00:00:00+09:00,375.4737243652344,375.4737243652344,375.4737243652344,375.4737243652344,1000
2005-05-11 00:00:00+09:00,371.1579284667969,371.1579284667969,371.1579284667969,371.1579284667969,0
2005-05-12 00:00:00+09:00,371.1579284667969,371.1579284667969,371.1579284667969,371.1579284667969,1000
2005-05-13 00:00:00+09:00,371.1579284667969,371.1579284667969,371.1579284667969,371.1579284667969,1000
2005-05-16 00:00:00+09:00,362.5263503502155,362.5263503502155,350.442138671875,350.442138671875,3000
2005-05-17 00:00:00+09:00,362.5263671875,362.5263671875,362.5263671875,362.5263671875,1000
2005-05-18 00:00:00+09:00,353.8947448730469,379.789482302782,353.8947448730469,353.8947448730469,0
2005-05-19 00:00:00+09:00,358.2105407714844,379.7894890107304,358.2105407714844,358.2105407714844,0
2005-05-20 00:00:00+09:00,354.75794503348214,362.5263671875,354.75794503348214,362.5263671875,2000
2005-05-23 00:00:00+09:00,388.421104918135,410.0000551913647,388.421104918135,405.68426513671875,8000
2005-05-24 00:00:00+09:00,355.62109375,355.62109375,355.62109375,355.62109375,0
2005-05-25 00:00:00+09:00,353.8947448730469,353.8947448730469,353.8947448730469,353.8947448730469,0
2005-05-26 00:00:00+09:00,354.7579345703125,354.7579345703125,354.7579345703125,354.7579345703125,0
2005-05-27 00:00:00+09:00,359.0736923589939,359.0736923589939,353.8947448730469,353.8947448730469,5000
2005-05-30 00:00:00+09:00,381.5157775878906,381.5157775878906,381.5157775878906,381.5157775878906,0
2005-05-31 00:00:00+09:00,366.8421936035156,366.8421936035156,366.8421936035156,366.8421936035156,1000
2005-06-01 00:00:00+09:00,359.07373046875,375.47373258150543,359.07373046875,359.07373046875,0
2005-06-02 00:00:00+09:00,359.07373046875,359.07373046875,359.07373046875,359.07373046875,1000
2005-06-03 00:00:00+09:00,358.2105407714844,364.25264627847326,358.2105407714844,358.2105407714844,0
2005-06-06 00:00:00+09:00,359.0737351190476,362.5263671875,359.0737351190476,362.5263671875,7000
2005-06-07 00:00:00+09:00,362.5264030905331,366.8421936035156,362.5264030905331,366.8421936035156,2000
2005-06-08 00:00:00+09:00,368.5684814453125,368.5684814453125,368.5684814453125,368.5684814453125,1000
2005-06-09 00:00:00+09:00,359.9369201660156,369.43165906727745,359.9369201660156,359.9369201660156,0
2005-06-10 00:00:00+09:00,358.2105407714844,358.2105407714844,358.2105407714844,358.2105407714844,0
2005-06-13 00:00:00+09:00,362.5263671875,362.5263671875,362.5263671875,362.5263671875,5000
2005-06-14 00:00:00+09:00,361.6631774902344,369.4315989637716,361.6631774902344,361.6631774902344,0
2005-06-15 00:00:00+09:00,368.5684814453125,368.5684814453125,368.5684814453125,368.5684814453125,0
2005-06-16 00:00:00+09:00,361.6631774902344,361.6631774902344,361.6631774902344,361.6631774902344,1000
2005-06-17 00:00:00+09:00,368.5684521398812,369.4316101074219,368.5684521398812,369.4316101074219,2000
2005-06-20 00:00:00+09:00,369.4316394814842,369.4316394814842,368.5684814453125,368.5684814453125,2000
2005-06-21 00:00:00+09:00,367.705322265625,371.1579543995745,367.705322265625,367.705322265625,0
2005-06-22 00:00:00+09:00,367.705322265625,371.1579543995745,367.705322265625,367.705322265625,0
2005-06-23 00:00:00+09:00,371.1579284667969,371.1579284667969,371.1579284667969,371.1579284667969,1000
2005-06-24 00:00:00+09:00,368.5684814453125,386.69480020491807,368.5684814453125,368.5684814453125,0
2005-06-27 00:00:00+09:00,371.1579284667969,371.1579284667969,371.1579284667969,371.1579284667969,1000
2005-06-28 00:00:00+09:00,368.5684814453125,401.3684868198368,368.5684814453125,368.5684814453125,0
2005-06-29 00:00:00+09:00,369.4316101074219,369.4316101074219,369.4316101074219,369.4316101074219,1000
2005-06-30 00:00:00+09:00,396.1895446777344,396.1895446777344,396.1895446777344,396.1895446777344,0
2005-07-01 00:00:00+09:00,368.5684814453125,395.32638056663495,368.5684814453125,368.5684814453125,0
2005-07-04 00:00:00+09:00,368.5684814453125,393.6000644942916,368.5684814453125,368.5684814453125,0
2005-07-05 00:00:00+09:00,368.5684814453125,384.10532609640296,368.5684814453125,368.5684814453125,0
2005-07-06 00:00:00+09:00,371.1579555538276,371.1579555538276,368.5684814453125,368.5684814453125,2000
2005-07-07 00:00:00+09:00,369.4316101074219,369.4316101074219,369.4316101074219,369.4316101074219,1000
2005-07-08 00:00:00+09:00,392.7369384765625,392.7369384765625,392.7369384765625,392.7369384765625,2000
2005-07-11 00:00:00+09:00,372.0210876464844,372.0210876464844,372.0210876464844,372.0210876464844,1000
2005-07-12 00:00:00+09:00,390.1474304199219,390.1474304199219,390.1474304199219,390.1474304199219,1000
2005-07-13 00:00:00+09:00,375.4737243652344,375.4737243652344,375.4737243652344,375.4737243652344,1000
2005-07-14 00:00:00+09:00,384.1053466796875,384.1053466796875,384.1053466796875,384.1053466796875,0
2005-07-15 00:00:00+09:00,384.1053466796875,384.1053466796875,384.1053466796875,384.1053466796875,0
2005-07-18 00:00:00+09:00,384.1053466796875,384.1053466796875,384.1053466796875,384.1053466796875,0
2005-07-19 00:00:00+09:00,378.06319832637394,378.06319832637394,375.4737243652344,375.4737243652344,4000
2005-07-20 00:00:00+09:00,390.1474304199219,390.1474304199219,390.1474304199219,390.1474304199219,0
2005-07-21 00:00:00+09:00,376.3369140625,376.3369140625,376.3369140625,376.3369140625,1000
2005-07-22 00:00:00+09:00,390.1474304199219,390.1474304199219,390.1474304199219,390.1474304199219,0
2005-07-25 00:00:00+09:00,384.1053466796875,384.1053466796875,384.1053466796875,384.1053466796875,0
2005-07-26 00:00:00+09:00,378.063172638009,378.92633056640625,378.063172638009,378.92633056640625,2000
2005-07-27 00:00:00+09:00,381.5157775878906,381.5157775878906,381.5157775878906,381.5157775878906,1000
2005-07-28 00:00:00+09:00,381.51584442616576,385.8316345214844,381.51584442616576,385.8316345214844,2000
2005-07-29 00:00:00+09:00,387.55795403374566,388.4211120605469,387.55795403374566,388.4211120605469,3000
2005-08-01 00:00:00+09:00,388.4211120605469,388.4211120605469,388.4211120605469,388.4211120605469,2000
2005-08-02 00:00:00+09:00,392.7369384765625,392.7369384765625,392.7369384765625,392.7369384765625,0
2005-08-03 00:00:00+09:00,392.7369384765625,392.7369384765625,392.7369384765625,392.7369384765625,0
2005-08-04 00:00:00+09:00,388.42114794385304,392.7369384765625,388.42114794385304,392.7369384765625,2000
2005-08-05 00:00:00+09:00,382.3789367675781,382.3789367675781,382.3789367675781,382.3789367675781,0
2005-08-08 00:00:00+09:00,358.2105407714844,358.2105407714844,358.2105407714844,358.2105407714844,0
2005-08-09 00:00:00+09:00,372.0210876464844,372.0210876464844,372.0210876464844,372.0210876464844,0
2005-08-10 00:00:00+09:00,392.73690219455295,392.73690219455295,388.4211120605469,388.4211120605469,2000
2005-08-11 00:00:00+09:00,384.1053264466676,391.8737487792969,384.1053264466676,391.8737487792969,3000
2005-08-12 00:00:00+09:00,376.3369140625,392.73691719825115,376.3369140625,376.3369140625,0
2005-08-15 00:00:00+09:00,384.1053466796875,396.1895598336552,384.1053466796875,384.1053466796875,0
2005-08-16 00:00:00+09:00,389.28424072265625,389.28424072265625,389.28424072265625,389.28424072265625,1000
2005-08-17 00:00:00+09:00,377.2000427246094,392.73688658969627,377.2000427246094,377.2000427246094,0
2005-08-18 00:00:00+09:00,392.7369384765625,392.7369384765625,392.7369384765625,392.7369384765625,1000
2005-08-19 00:00:00+09:00,388.4211120605469,388.4211120605469,388.4211120605469,388.4211120605469,1000
2005-08-22 00:00:00+09:00,401.36846923828125,401.36846923828125,401.36846923828125,401.36846923828125,1000
2005-08-23 00:00:00+09:00,377.2000427246094,377.2000427246094,377.2000427246094,377.2000427246094,0
2005-08-24 00:00:00+09:00,388.4211120605469,388.4211120605469,388.4211120605469,388.4211120605469,0
2005-08-25 00:00:00+09:00,408.2737753777755,414.3158819901316,408.2737753777755,410.0000915527344,9000
2005-08-26 00:00:00+09:00,405.6843100746909,405.6843100746909,392.7369384765625,392.7369384765625,8000
2005-08-29 00:00:00+09:00,388.4211120605469,388.4211120605469,388.4211120605469,388.4211120605469,2000
2005-08-30 00:00:00+09:00,388.4211120605469,388.4211120605469,388.4211120605469,388.4211120605469,1000
2005-08-31 00:00:00+09:00,387.55792236328125,387.55792236328125,387.55792236328125,387.55792236328125,1000
2005-09-01 00:00:00+09:00,387.55797900939257,387.55797900939257,384.1053466796875,384.1053466796875,3000
2005-09-02 00:00:00+09:00,379.7894592285156,379.7894592285156,379.7894592285156,379.7894592285156,5000
2005-09-05 00:00:00+09:00,379.7894592285156,379.7894592285156,379.7894592285156,379.7894592285156,2000
2005-09-06 00:00:00+09:00,384.10524853793055,384.10524853793055,379.7894592285156,379.7894592285156,3000
2005-09-07 00:00:00+09:00,379.7895081985829,379.7895081985829,371.1579284667969,371.1579284667969,2000
2005-09-08 00:00:00+09:00,384.1053466796875,384.1053466796875,384.1053466796875,384.1053466796875,1000
2005-09-09 00:00:00+09:00,379.7894592285156,379.7894592285156,379.7894592285156,379.7894592285156,1000
2005-09-12 00:00:00+09:00,384.1053466796875,384.1053466796875,384.1053466796875,384.1053466796875,2000
2005-09-13 00:00:00+09:00,375.4737243652344,391.0105681320717,375.4737243652344,375.4737243652344,0
2005-09-14 00:00:00+09:00,373.7474365234375,391.010597563781,373.7474365234375,373.7474365234375,0
2005-09-15 00:00:00+09:00,374.610595703125,391.01059874081943,374.610595703125,374.610595703125,0
2005-09-16 00:00:00+09:00,374.610595703125,391.01059874081943,374.610595703125,374.610595703125,0
2005-09-19 00:00:00+09:00,374.610595703125,374.610595703125,374.610595703125,374.610595703125,0
2005-09-20 00:00:00+09:00,376.3369140625,376.3369140625,376.3369140625,376.3369140625,1000
2005-09-21 00:00:00+09:00,384.1053466796875,384.1053466796875,384.1053466796875,384.1053466796875,1000
2005-09-22 00:00:00+09:00,395.3263854980469,395.3263854980469,395.3263854980469,395.3263854980469,0
2005-09-23 00:00:00+09:00,395.3263854980469,395.3263854980469,395.3263854980469,395.3263854980469,0
2005-09-26 00:00:00+09:00,395.3263854980469,395.3263854980469,395.3263854980469,395.3263854980469,2000
2005-09-27 00:00:00+09:00,388.4211120605469,401.36848246256505,388.4211120605469,388.4211120605469,0
2005-09-28 00:00:00+09:00,388.4211120605469,388.4211120605469,388.4211120605469,388.4211120605469,2000
2005-09-29 00:00:00+09:00,376.3369140625,401.36849779601494,376.3369140625,376.3369140625,0
2005-09-30 00:00:00+09:00,401.36846923828125,401.36846923828125,401.36846923828125,401.36846923828125,1000
2005-10-03 00:00:00+09:00,406.547423147648,406.547423147648,405.68426513671875,405.68426513671875,2000
2005-10-04 00:00:00+09:00,380.65264892578125,380.65264892578125,380.65264892578125,380.65264892578125,0
2005-10-05 00:00:00+09:00,388.4211120605469,388.4211120605469,388.4211120605469,388.4211120605469,0
2005-10-06 00:00:00+09:00,391.01055908203125,391.01055908203125,391.01055908203125,391.01055908203125,0
2005-10-07 00:00:00+09:00,391.01055908203125,405.6842445221958,391.01055908203125,391.01055908203125,0
2005-10-10 00:00:00+09:00,391.01055908203125,391.01055908203125,391.01055908203125,391.01055908203125,0
2005-10-11 00:00:00+09:00,391.01055908203125,405.6842445221958,391.01055908203125,391.01055908203125,0
2005-10-12 00:00:00+09:00,397.915771484375,397.915771484375,397.915771484375,397.915771484375,1000
2005-10-13 00:00:00+09:00,393.60003662109375,403.0947743466026,393.60003662109375,393.60003662109375,0
2005-10-14 00:00:00+09:00,393.6000529837101,405.68426513671875,393.6000529837101,405.68426513671875,2000
2005-10-17 00:00:00+09:00,397.0527038574219,397.0527038574219,397.0527038574219,397.0527038574219,1000
2005-10-18 00:00:00+09:00,384.1053466796875,405.6842987403441,384.1053466796875,384.1053466796875,0
2005-10-19 00:00:00+09:00,390.1474304199219,397.91585270704417,390.1474304199219,390.1474304199219,0
2005-10-20 00:00:00+09:00,397.0527038574219,397.0527038574219,397.0527038574219,397.0527038574219,1000
2005-10-21 00:00:00+09:00,390.1474304199219,401.3684848346541,390.1474304199219,390.1474304199219,0
2005-10-24 00:00:00+09:00,401.36849411674166,401.36849411674166,397.0527038574219,397.0527038574219,2000
2005-10-25 00:00:00+09:00,388.4211120605469,388.4211120605469,388.4211120605469,388.4211120605469,0
2005-10-26 00:00:00+09:00,397.0527038574219,397.0527038574219,397.0527038574219,397.0527038574219,1000
2005-10-27 00:00:00+09:00,396.1895343017578,396.1895343017578,388.4211120605469,388.4211120605469,3000
2005-10-28 00:00:00+09:00,397.0527038574219,397.0527038574219,397.0527038574219,397.0527038574219,1000
2005-10-31 00:00:00+09:00,391.01055908203125,391.01055908203125,391.01055908203125,391.01055908203125,1000
2005-11-01 00:00:00+09:00,405.68426513671875,405.68426513671875,405.68426513671875,405.68426513671875,0
2005-11-02 00:00:00+09:00,397.0527038574219,397.0527038574219,397.0527038574219,397.0527038574219,1000
2005-11-03 00:00:00+09:00,397.0527038574219,397.0527038574219,397.0527038574219,397.0527038574219,0
2005-11-04 00:00:00+09:00,404.82110595703125,404.82110595703125,404.82110595703125,404.82110595703125,1000
2005-11-07 00:00:00+09:00,401.36846923828125,401.36846923828125,401.36846923828125,401.36846923828125,1000
2005-11-08 00:00:00+09:00,404.82110595703125,404.82110595703125,404.82110595703125,404.82110595703125,1000
2005-11-09 00:00:00+09:00,401.36846923828125,401.36846923828125,401.36846923828125,401.36846923828125,0
2005-11-10 00:00:00+09:00,405.6842639654684,405.6842639654684,404.82110595703125,404.82110595703125,3000
2005-11-11 00:00:00+09:00,401.36846923828125,401.36846923828125,401.36846923828125,401.36846923828125,0
2005-11-14 00:00:00+09:00,403.094785235005,403.094785235005,401.36846923828125,401.36846923828125,2000
2005-11-15 00:00:00+09:00,403.95794677734375,403.95794677734375,403.95794677734375,403.95794677734375,1000
2005-11-16 00:00:00+09:00,403.09475207071324,403.09475207071324,399.6421203613281,399.6421203613281,2000
2005-11-17 00:00:00+09:00,404.8211071257896,405.68426513671875,404.8211071257896,405.68426513671875,5000
2005-11-18 00:00:00+09:00,406.54736457436775,407.4105224609375,406.54736457436775,407.4105224609375,2000
2005-11-21 00:00:00+09:00,410.0000205846619,410.0000205846619,403.0947570800781,403.0947570800781,9000
2005-11-22 00:00:00+09:00,402.23162841796875,410.00005042604107,402.23162841796875,402.23162841796875,0
2005-11-23 00:00:00+09:00,402.23162841796875,402.23162841796875,402.23162841796875,402.23162841796875,0
2005-11-24 00:00:00+09:00,403.9578934681566,413.45263028044235,403.09473557613063,409.1368408203125,8000
2005-11-25 00:00:00+09:00,398.77892934008946,398.77892934008946,397.0526136286605,397.915771484375,8000
2005-11-28 00:00:00+09:00,406.54738883237,406.54738883237,403.0947570800781,403.0947570800781,4000
2005-11-29 00:00:00+09:00,400.5052450515184,403.95787647437635,397.915771484375,397.915771484375,9000
2005-11-30 00:00:00+09:00,397.0527038574219,397.9158619092858,397.0527038574219,397.0527038574219,7000
2005-12-01 00:00:00+09:00,400.5052782886744,401.3684362160207,399.6421203613281,399.6421203613281,15000
2005-12-02 00:00:00+09:00,403.95794677734375,405.68426278921277,403.95794677734375,403.95794677734375,4000
2005-12-05 00:00:00+09:00,404.8211430278577,410.0000915527344,404.8211430278577,410.0000915527344,4000
2005-12-06 00:00:00+09:00,414.31585693359375,414.31585693359375,413.4526988983155,414.31585693359375,4000
2005-12-07 00:00:00+09:00,414.3158852804655,414.3158852804655,412.5895690917969,412.5895690917969,4000
2005-12-08 00:00:00+09:00,417.76841634114584,427.2631530761719,417.76841634114584,427.2631530761719,3000
2005-12-09 00:00:00+09:00,421.2210998535156,427.2632057940374,421.2210998535156,421.2210998535156,0
2005-12-12 00:00:00+09:00,428.12639708227044,428.12639708227044,422.94744873046875,422.94744873046875,5000
2005-12-13 00:00:00+09:00,427.2631530761719,427.2631530761719,427.2631530761719,427.2631530761719,3000
2005-12-14 00:00:00+09:00,427.2631530761719,427.2631530761719,427.2631530761719,427.2631530761719,1000
2005-12-15 00:00:00+09:00,431.5790459661201,435.89483642578125,431.5790459661201,435.89483642578125,2000
2005-12-16 00:00:00+09:00,435.03165355009196,440.2106018066406,435.03165355009196,440.2106018066406,4000
2005-12-19 00:00:00+09:00,440.21058738014915,474.7369079589844,440.21058738014915,474.7369079589844,7000
2005-12-20 00:00:00+09:00,457.47374766956676,474.7369079589844,457.47374766956676,474.7369079589844,7000
2005-12-21 00:00:00+09:00,490.2736757631655,491.13683364303023,466.1052551269531,466.1052551269531,6000
2005-12-22 00:00:00+09:00,468.6948018576882,474.7369079589844,468.6948018576882,474.7369079589844,4000
2005-12-23 00:00:00+09:00,474.7369079589844,474.7369079589844,474.7369079589844,474.7369079589844,0
2005-12-26 00:00:00+09:00,474.73691373258026,479.0527038574219,474.73691373258026,479.0527038574219,6000
2005-12-27 00:00:00+09:00,479.0527038574219,479.0527038574219,479.0527038574219,479.0527038574219,1000
2005-12-28 00:00:00+09:00,479.0527038574219,479.0527038574219,479.0527038574219,479.0527038574219,1000
2005-12-29 00:00:00+09:00,479.05272994413565,479.05272994413565,475.60009765625,475.60009765625,3000
2005-12-30 00:00:00+09:00,475.60009765625,475.60009765625,475.60009765625,475.60009765625,1000
2006-01-02 00:00:00+09:00,475.60009765625,475.60009765625,475.60009765625,475.60009765625,0
2006-01-03 00:00:00+09:00,475.60009765625,475.60009765625,475.60009765625,475.60009765625,0
2006-01-04 00:00:00+09:00,466.9684753417969,466.9684753417969,466.9684753417969,466.9684753417969,1000
2006-01-05 00:00:00+09:00,461.7895250196581,466.1053149731128,461.7895250196581,465.2421569824219,3000
2006-01-06 00:00:00+09:00,457.4737854003906,457.4737854003906,457.4737854003906,457.4737854003906,1000
2006-01-09 00:00:00+09:00,457.4737854003906,457.4737854003906,457.4737854003906,457.4737854003906,0
2006-01-10 00:00:00+09:00,457.4737854003906,457.4737854003906,457.4737854003906,457.4737854003906,6000
2006-01-11 00:00:00+09:00,460.0632019042969,466.1053077454415,460.0632019042969,460.0632019042969,8000
2006-01-12 00:00:00+09:00,468.6947287665473,468.6947287665473,466.1052551269531,466.1052551269531,2000
2006-01-13 00:00:00+09:00,466.1052551269531,474.7368339256004,466.1052551269531,466.1052551269531,3000
2006-01-16 00:00:00+09:00,466.1052615664421,474.73684048433915,466.1052615664421,470.4210510253906,7000
2006-01-17 00:00:00+09:00,474.7368339256004,474.7368339256004,466.1052551269531,466.1052551269531,8000
2006-01-18 00:00:00+09:00,464.3790293931961,464.3790293931961,441.9369201660156,441.9369201660156,5000
2006-01-19 00:00:00+09:00,433.3052978515625,466.1053004777764,433.3052978515625,433.3052978515625,0
2006-01-20 00:00:00+09:00,461.7895812988281,461.7895812988281,453.1580003399715,461.7895812988281,6000
2006-01-23 00:00:00+09:00,453.1579949720851,457.4737854003906,453.1579949720851,457.4737854003906,3000
2006-01-24 00:00:00+09:00,461.78953774192115,474.7369079589844,461.78953774192115,474.7369079589844,3000
2006-01-25 00:00:00+09:00,466.1053717782564,466.1053717782564,461.7895812988281,461.7895812988281,3000
2006-01-26 00:00:00+09:00,466.1052551269531,466.1052551269531,466.1052551269531,466.1052551269531,0
2006-01-27 00:00:00+09:00,466.1052551269531,466.1052551269531,466.1052551269531,466.1052551269531,4000
2006-01-30 00:00:00+09:00,470.4210510253906,470.4210510253906,470.4210510253906,470.4210510253906,1000
2006-01-31 00:00:00+09:00,473.01055908203125,473.01055908203125,470.4210852184435,473.01055908203125,3000
2006-02-01 00:00:00+09:00,473.0105919300426,474.7369079589844,473.0105919300426,474.7369079589844,3000
2006-02-02 00:00:00+09:00,478.1894836425781,478.1894836425781,478.1894836425781,478.1894836425781,1000
2006-02-03 00:00:00+09:00,471.2842712402344,479.05269329364484,471.2842712402344,471.2842712402344,0
2006-02-06 00:00:00+09:00,479.0527038574219,479.0527038574219,479.0527038574219,479.0527038574219,2000
2006-02-07 00:00:00+09:00,471.2842712402344,471.2842712402344,471.2842712402344,471.2842712402344,1000
2006-02-08 00:00:00+09:00,479.9159251132602,480.7790832519531,479.9159251132602,480.7790832519531,3000
2006-02-09 00:00:00+09:00,483.36846923828125,483.36846923828125,483.36846923828125,483.36846923828125,1000
2006-02-10 00:00:00+09:00,479.0527038574219,479.0527038574219,479.0527038574219,479.0527038574219,2000
2006-02-13 00:00:00+09:00,474.73695273711303,474.73695273711303,461.7895812988281,461.7895812988281,8000
2006-02-14 00:00:00+09:00,459.20014766952363,459.20014766952363,444.5264587402344,444.5264587402344,3000
2006-02-15 00:00:00+09:00,470.4210510253906,470.4210510253906,470.4210510253906,470.4210510253906,1000
2006-02-16 00:00:00+09:00,454.02117919921875,473.8738163124926,454.02117919921875,454.02117919921875,0
2006-02-17 00:00:00+09:00,466.1053432699022,466.1053432699022,463.515869140625,463.515869140625,2000
2006-02-20 00:00:00+09:00,444.5264587402344,444.5264587402344,444.5264587402344,444.5264587402344,2000
2006-02-21 00:00:00+09:00,416.0421080446529,432.4421081542969,402.2315816365316,432.4421081542969,13000
2006-02-22 00:00:00+09:00,448.8421630859375,448.8421630859375,448.8421630859375,448.8421630859375,4000
2006-02-23 00:00:00+09:00,448.8421822342218,448.8421822342218,440.2106018066406,440.2106018066406,3000
2006-02-24 00:00:00+09:00,444.5263239206123,456.61053466796875,444.5263239206123,456.61053466796875,2000
2006-02-27 00:00:00+09:00,457.4737490699405,466.10532924107144,453.157958984375,453.157958984375,4000
2006-02-28 00:00:00+09:00,457.4736925784942,457.4736925784942,456.61053466796875,456.61053466796875,3000
2006-03-01 00:00:00+09:00,444.5264587402344,444.5264587402344,444.5264587402344,444.5264587402344,5000
2006-03-02 00:00:00+09:00,448.8421630859375,448.8421630859375,448.8421630859375,448.8421630859375,0
2006-03-03 00:00:00+09:00,447.1158661487056,447.1158661487056,440.2106018066406,440.2106018066406,5000
2006-03-06 00:00:00+09:00,443.6633005679232,444.5264587402344,438.48435153405643,444.5264587402344,4000
2006-03-07 00:00:00+09:00,444.5264587402344,444.5264587402344,444.5264587402344,444.5264587402344,1000
2006-03-08 00:00:00+09:00,440.21053824837753,440.21053824837753,438.4842224121094,438.4842224121094,2000
2006-03-09 00:00:00+09:00,444.5264587402344,444.5264587402344,444.5264587402344,444.5264587402344,0
2006-03-10 00:00:00+09:00,442.8001423956121,444.5264587402344,442.8001423956121,444.5264587402344,4000
2006-03-13 00:00:00+09:00,455.7474060058594,455.7474060058594,455.7474060058594,455.7474060058594,0
2006-03-14 00:00:00+09:00,453.1579321080988,455.7474060058594,453.1579321080988,455.7474060058594,2000
2006-03-15 00:00:00+09:00,454.8843078613281,462.65273057622744,454.8843078613281,454.8843078613281,0
2006-03-16 00:00:00+09:00,462.65264892578125,462.65264892578125,462.65264892578125,462.65264892578125,2000
2006-03-17 00:00:00+09:00,465.2420972470884,466.1052551269531,465.2420972470884,466.1052551269531,4000
2006-03-20 00:00:00+09:00,467.8316392164964,471.2842712402344,467.8316392164964,471.2842712402344,5000
2006-03-21 00:00:00+09:00,471.2842712402344,471.2842712402344,471.2842712402344,471.2842712402344,0
2006-03-22 00:00:00+09:00,473.01061336052817,473.01061336052817,467.8316650390625,467.8316650390625,4000
2006-03-23 00:00:00+09:00,473.010522101246,473.87367998829205,468.6947326660156,468.6947326660156,6000
2006-03-24 00:00:00+09:00,473.0105976826436,479.0527038574219,472.14743965767525,479.0527038574219,9000
2006-03-27 00:00:00+09:00,479.05271520023854,487.6842956542969,474.73692497320934,487.6842956542969,14000
2006-03-28 00:00:00+09:00,420.3580299155226,446.25277508485664,420.3580299155226,444.5264587402344,16000
2006-03-29 00:00:00+09:00,442.80001887222005,442.80001887222005,422.084228515625,422.084228515625,3000
2006-03-30 00:00:00+09:00,448.84224960179006,448.84224960179006,431.5790861555673,444.5264587402344,8000
2006-03-31 00:00:00+09:00,435.89483642578125,448.8422078047649,435.89483642578125,435.89483642578125,0
2006-04-03 00:00:00+09:00,440.2106006674776,440.2106006674776,435.89481046485525,439.3474426269531,4000
2006-04-04 00:00:00+09:00,443.6632385253906,443.6632385253906,443.6632385253906,443.6632385253906,1000
2006-04-05 00:00:00+09:00,444.5263931662603,444.5263931662603,441.0737609863281,441.0737609863281,6000
2006-04-06 00:00:00+09:00,444.5263943076134,444.5263943076134,441.9369201660156,441.9369201660156,3000
2006-04-07 00:00:00+09:00,440.2106018066406,444.5263920204312,440.2106018066406,440.2106018066406,0
2006-04-10 00:00:00+09:00,441.0737609863281,441.0737609863281,428.12639031158267,441.0737609863281,7000
2006-04-11 00:00:00+09:00,442.8000782132149,442.8000782132149,441.9369201660156,441.9369201660156,2000
2006-04-12 00:00:00+09:00,428.1263427734375,428.1263427734375,428.1263427734375,428.1263427734375,0
2006-04-13 00:00:00+09:00,428.1263427734375,428.1263427734375,428.1263427734375,428.1263427734375,0
2006-04-14 00:00:00+09:00,431.5789794921875,431.5789794921875,431.5789794921875,431.5789794921875,2000
2006-04-17 00:00:00+09:00,431.5789794921875,431.5789794921875,431.5789794921875,431.5789794921875,1000
2006-04-18 00:00:00+09:00,428.1263378112297,428.1263378112297,424.6737060546875,424.6737060546875,3000
2006-04-19 00:00:00+09:00,427.2631530761719,427.2631530761719,427.2631530761719,427.2631530761719,1000
2006-04-20 00:00:00+09:00,430.7158215332031,431.5789794921875,430.7158215332031,431.5789794921875,3000
2006-04-21 00:00:00+09:00,431.5789794921875,431.5789794921875,431.5789794921875,431.5789794921875,1000
2006-04-24 00:00:00+09:00,431.57902137905944,440.2106018066406,431.57902137905944,440.2106018066406,4000
2006-04-25 00:00:00+09:00,431.5789794921875,447.97898071289063,431.5789794921875,431.5789794921875,0
2006-04-26 00:00:00+09:00,431.5789794921875,431.5789794921875,431.5789794921875,431.5789794921875,1000
2006-04-27 00:00:00+09:00,431.5789794921875,431.5789794921875,431.5789794921875,431.5789794921875,1000
2006-04-28 00:00:00+09:00,428.9894714355469,435.89473455724584,428.9894714355469,428.9894714355469,0
2006-05-01 00:00:00+09:00,431.5789794921875,431.5789794921875,431.5789794921875,431.5789794921875,1000
2006-05-02 00:00:00+09:00,427.2631530761719,447.9789423162287,427.2631530761719,427.2631530761719,0
2006-05-03 00:00:00+09:00,427.2631530761719,427.2631530761719,427.2631530761719,427.2631530761719,0
2006-05-04 00:00:00+09:00,427.2631530761719,427.2631530761719,427.2631530761719,427.2631530761719,0
2006-05-05 00:00:00+09:00,427.2631530761719,427.2631530761719,427.2631530761719,427.2631530761719,0
2006-05-08 00:00:00+09:00,426.40008544921875,447.979037141993,426.40008544921875,426.40008544921875,0
2006-05-09 00:00:00+09:00,429.8526611328125,429.8526611328125,429.8526611328125,429.8526611328125,2000
2006-05-10 00:00:00+09:00,440.2106018066406,440.2106018066406,440.2106018066406,440.2106018066406,0
2006-05-11 00:00:00+09:00,429.8526611328125,429.8526611328125,429.8526611328125,429.8526611328125,1000
2006-05-12 00:00:00+09:00,429.8526611328125,429.8526611328125,429.8526611328125,429.8526611328125,1000
2006-05-15 00:00:00+09:00,429.8526611328125,435.8947668113862,429.8526611328125,429.8526611328125,4000
2006-05-16 00:00:00+09:00,429.8526611328125,429.8526611328125,429.8526611328125,429.8526611328125,2000
2006-05-17 00:00:00+09:00,429.8526611328125,430.71581908689444,429.8526611328125,429.8526611328125,3000
2006-05-18 00:00:00+09:00,426.40008544921875,426.40008544921875,426.40008544921875,426.40008544921875,2000
2006-05-19 00:00:00+09:00,425.53692290636957,425.53692290636957,422.94744873046875,422.94744873046875,2000
2006-05-22 00:00:00+09:00,430.7158203125,430.7158203125,430.7158203125,430.7158203125,0
2006-05-23 00:00:00+09:00,422.94736365116006,427.2631530761719,422.94736365116006,427.2631530761719,2000
2006-05-24 00:00:00+09:00,422.94744873046875,431.57902931680485,422.94744873046875,422.94744873046875,0
2006-05-25 00:00:00+09:00,422.94744873046875,431.57902931680485,422.94744873046875,422.94744873046875,0
2006-05-26 00:00:00+09:00,422.94744873046875,422.94744873046875,422.94744873046875,422.94744873046875,1000
2006-05-29 00:00:00+09:00,419.4947814941406,427.2632033736618,419.4947814941406,419.4947814941406,0
2006-05-30 00:00:00+09:00,422.94739990234376,431.5789794921875,422.94739990234376,431.5789794921875,5000
2006-05-31 00:00:00+09:00,419.4947814941406,433.30530927995596,419.4947814941406,419.4947814941406,0
2006-06-01 00:00:00+09:00,422.94744873046875,433.3053454340721,422.94744873046875,422.94744873046875,0
2006-06-02 00:00:00+09:00,422.9474253553025,422.9474253553025,405.68426513671875,405.68426513671875,5000
2006-06-05 00:00:00+09:00,427.2631530761719,427.2631530761719,427.2631530761719,427.2631530761719,0
2006-06-06 00:00:00+09:00,422.94744873046875,422.94744873046875,422.94744873046875,422.94744873046875,1000
2006-06-07 00:00:00+09:00,407.4105224609375,407.4105224609375,407.4105224609375,407.4105224609375,1000
2006-06-08 00:00:00+09:00,414.31585693359375,414.31585693359375,414.31585693359375,414.31585693359375,1000
2006-06-09 00:00:00+09:00,406.5474548339844,425.53693255446774,406.5474548339844,406.5474548339844,0
2006-06-12 00:00:00+09:00,406.5474548339844,429.8527229454867,406.5474548339844,406.5474548339844,0
2006-06-13 00:00:00+09:00,406.5474548339844,429.8527229454867,406.5474548339844,406.5474548339844,0
2006-06-14 00:00:00+09:00,407.4105224609375,429.85262751175185,407.4105224609375,407.4105224609375,0
2006-06-15 00:00:00+09:00,429.8526611328125,429.8526611328125,429.8526611328125,429.8526611328125,0
2006-06-16 00:00:00+09:00,414.31585693359375,414.31585693359375,414.31585693359375,414.31585693359375,1000
2006-06-19 00:00:00+09:00,414.31585693359375,414.31585693359375,414.31585693359375,414.31585693359375,1000
2006-06-20 00:00:00+09:00,407.4105224609375,431.5789432848914,407.4105224609375,407.4105224609375,0
2006-06-21 00:00:00+09:00,407.4105224609375,431.5789432848914,407.4105224609375,407.4105224609375,0
2006-06-22 00:00:00+09:00,409.1368408203125,431.57894601298784,409.1368408203125,409.1368408203125,0
2006-06-23 00:00:00+09:00,409.1368408203125,431.57894601298784,409.1368408203125,409.1368408203125,0
2006-06-26 00:00:00+09:00,403.95794677734375,422.94742290790265,403.95794677734375,403.95794677734375,0
2006-06-27 00:00:00+09:00,405.68426513671875,422.9474253553025,405.68426513671875,405.68426513671875,0
2006-06-28 00:00:00+09:00,401.36846923828125,401.36846923828125,401.36846923828125,401.36846923828125,1000
2006-06-29 00:00:00+09:00,398.77899169921875,410.0000455782011,398.77899169921875,398.77899169921875,0
2006-06-30 00:00:00+09:00,405.6842592300907,405.6842592300907,401.36846923828125,401.36846923828125,2000
2006-07-03 00:00:00+09:00,414.31585693359375,414.31585693359375,414.31585693359375,414.31585693359375,0
2006-07-04 00:00:00+09:00,414.3158819901316,414.3158819901316,410.0000915527344,410.0000915527344,2000
2006-07-05 00:00:00+09:00,430.7158203125,430.7158203125,430.7158203125,430.7158203125,0
2006-07-06 00:00:00+09:00,410.0000915527344,410.0000915527344,410.0000915527344,410.0000915527344,2000
2006-07-07 00:00:00+09:00,429.8526611328125,429.8526611328125,429.8526611328125,429.8526611328125,1000
2006-07-10 00:00:00+09:00,429.8526586717175,429.8526586717175,428.1263427734375,428.1263427734375,2000
2006-07-11 00:00:00+09:00,402.23162841796875,429.8526844466705,402.23162841796875,402.23162841796875,0
2006-07-12 00:00:00+09:00,402.23162841796875,429.8526844466705,402.23162841796875,402.23162841796875,0
2006-07-13 00:00:00+09:00,403.95794677734375,428.9895289494441,403.95794677734375,403.95794677734375,0
2006-07-14 00:00:00+09:00,406.5474592028166,410.0000915527344,406.5474592028166,410.0000915527344,2000
2006-07-17 00:00:00+09:00,410.0000915527344,410.0000915527344,410.0000915527344,410.0000915527344,0
2006-07-18 00:00:00+09:00,403.95794677734375,428.9895289494441,403.95794677734375,403.95794677734375,0
2006-07-19 00:00:00+09:00,427.2631530761719,427.2631530761719,427.2631530761719,427.2631530761719,0
2006-07-20 00:00:00+09:00,427.2631530761719,427.2631530761719,427.2631530761719,427.2631530761719,0
2006-07-21 00:00:00+09:00,426.40008544921875,426.40008544921875,426.40008544921875,426.40008544921875,0
2006-07-24 00:00:00+09:00,401.36846923828125,422.0842611989667,401.36846923828125,401.36846923828125,0
2006-07-25 00:00:00+09:00,410.0000551913647,410.0000551913647,405.68426513671875,405.68426513671875,2000
2006-07-26 00:00:00+09:00,397.0527038574219,397.0527038574219,397.0527038574219,397.0527038574219,1000
2006-07-27 00:00:00+09:00,404.82110595703125,404.82110595703125,404.82110595703125,404.82110595703125,0
2006-07-28 00:00:00+09:00,405.68426513671875,405.68426513671875,405.68426513671875,405.68426513671875,0
2006-07-31 00:00:00+09:00,401.36846923828125,401.36846923828125,401.36846923828125,401.36846923828125,1000
2006-08-01 00:00:00+09:00,427.2631530761719,427.2631530761719,427.2631530761719,427.2631530761719,0
2006-08-02 00:00:00+09:00,428.9894714355469,428.9894714355469,428.9894714355469,428.9894714355469,0
2006-08-03 00:00:00+09:00,427.2631530761719,427.2631530761719,427.2631530761719,427.2631530761719,0
2006-08-04 00:00:00+09:00,418.6316833496094,418.6316833496094,418.6316833496094,418.6316833496094,1000
2006-08-07 00:00:00+09:00,414.31585693359375,427.26322746276855,414.31585693359375,414.31585693359375,0
2006-08-08 00:00:00+09:00,424.6737060546875,424.6737060546875,424.6737060546875,424.6737060546875,0
2006-08-09 00:00:00+09:00,425.536865234375,425.536865234375,425.536865234375,425.536865234375,0
2006-08-10 00:00:00+09:00,426.40008544921875,426.40008544921875,426.40008544921875,426.40008544921875,1000
2006-08-11 00:00:00+09:00,418.6316833496094,418.6316833496094,418.6316833496094,418.6316833496094,0
2006-08-14 00:00:00+09:00,418.6316833496094,418.6316833496094,418.6316833496094,418.6316833496094,1000
2006-08-15 00:00:00+09:00,418.6316833496094,418.6316833496094,418.6316833496094,418.6316833496094,1000
2006-08-16 00:00:00+09:00,410.86328125,430.71591878939074,410.86328125,410.86328125,0
2006-08-17 00:00:00+09:00,410.86328125,410.86328125,410.86328125,410.86328125,1000
2006-08-18 00:00:00+09:00,414.31585693359375,414.31585693359375,414.31585693359375,414.31585693359375,1000
2006-08-21 00:00:00+09:00,422.94744873046875,422.94744873046875,422.94744873046875,422.94744873046875,0
2006-08-22 00:00:00+09:00,415.1789855957031,415.1789855957031,415.1789855957031,415.1789855957031,3000
2006-08-23 00:00:00+09:00,419.4947814941406,419.4947814941406,419.4947814941406,419.4947814941406,1000
2006-08-24 00:00:00+09:00,422.9474073636061,422.9474073636061,415.1789855957031,415.1789855957031,2000
2006-08-25 00:00:00+09:00,414.31585693359375,414.31585693359375,414.31585693359375,414.31585693359375,1000
2006-08-28 00:00:00+09:00,424.6737060546875,424.6737060546875,424.6737060546875,424.6737060546875,0
2006-08-29 00:00:00+09:00,424.6737060546875,424.6737060546875,424.6737060546875,424.6737060546875,1000
2006-08-30 00:00:00+09:00,415.1789855957031,415.1789855957031,415.1789855957031,415.1789855957031,0
2006-08-31 00:00:00+09:00,415.1789855957031,415.1789855957031,415.1789855957031,415.1789855957031,0
2006-09-01 00:00:00+09:00,422.94744873046875,422.94744873046875,422.94744873046875,422.94744873046875,6000
2006-09-04 00:00:00+09:00,415.1789855957031,415.1789855957031,415.1789855957031,415.1789855957031,1000
2006-09-05 00:00:00+09:00,422.084228515625,422.084228515625,422.084228515625,422.084228515625,0
2006-09-06 00:00:00+09:00,414.3158852804655,414.3158852804655,412.5895690917969,412.5895690917969,5000
2006-09-07 00:00:00+09:00,410.86328125,414.3159138655462,410.86328125,410.86328125,0
2006-09-08 00:00:00+09:00,414.31585693359375,414.31585693359375,414.31585693359375,414.31585693359375,2000
2006-09-11 00:00:00+09:00,399.6421203613281,422.0842264723314,399.6421203613281,399.6421203613281,0
2006-09-12 00:00:00+09:00,405.68426513671875,422.08426734437336,405.68426513671875,405.68426513671875,0
2006-09-13 00:00:00+09:00,401.36846923828125,419.494787203881,401.36846923828125,401.36846923828125,0
2006-09-14 00:00:00+09:00,402.23162841796875,419.4947884359073,402.23162841796875,402.23162841796875,0
2006-09-15 00:00:00+09:00,397.915771484375,422.94734930009486,397.915771484375,397.915771484375,0
2006-09-18 00:00:00+09:00,397.915771484375,397.915771484375,397.915771484375,397.915771484375,0
2006-09-19 00:00:00+09:00,398.77899169921875,398.77899169921875,398.77899169921875,398.77899169921875,0
2006-09-20 00:00:00+09:00,414.31583921370964,414.31583921370964,401.36846923828125,401.36846923828125,2000
2006-09-21 00:00:00+09:00,403.0947570800781,403.0947570800781,403.0947570800781,403.0947570800781,1000
2006-09-22 00:00:00+09:00,403.0947716061905,413.4526672363281,403.0947716061905,413.4526672363281,2000
2006-09-25 00:00:00+09:00,402.23162841796875,402.23162841796875,402.23162841796875,402.23162841796875,0
2006-09-26 00:00:00+09:00,402.23162841796875,414.3158404305257,402.23162841796875,402.23162841796875,0
2006-09-27 00:00:00+09:00,402.23162841796875,414.3158404305257,402.23162841796875,402.23162841796875,0
2006-09-28 00:00:00+09:00,402.23162841796875,414.3158404305257,402.23162841796875,402.23162841796875,0
2006-09-29 00:00:00+09:00,402.23162841796875,402.23162841796875,402.23162841796875,402.23162841796875,0
2006-10-02 00:00:00+09:00,412.5895292241523,414.31584524601067,405.68426513671875,405.68426513671875,4000
2006-10-03 00:00:00+09:00,413.4526672363281,413.4526672363281,413.4526672363281,413.4526672363281,0
2006-10-04 00:00:00+09:00,405.68426513671875,413.45268723508144,405.68426513671875,405.68426513671875,0
2006-10-05 00:00:00+09:00,405.68426513671875,413.45268723508144,405.68426513671875,405.68426513671875,0
2006-10-06 00:00:00+09:00,405.68426513671875,405.68426513671875,405.68426513671875,405.68426513671875,1000
2006-10-09 00:00:00+09:00,405.68426513671875,405.68426513671875,405.68426513671875,405.68426513671875,0
2006-10-10 00:00:00+09:00,405.68425562474636,405.68425562474636,398.77899169921875,398.77899169921875,5000
2006-10-11 00:00:00+09:00,401.36846923828125,401.36846923828125,401.36846923828125,401.36846923828125,2000
2006-10-12 00:00:00+09:00,399.6420871958039,399.6420871958039,397.915771484375,397.915771484375,3000
2006-10-13 00:00:00+09:00,401.36846923828125,401.36846923828125,401.36846923828125,401.36846923828125,1000
2006-10-16 00:00:00+09:00,401.3684704170718,402.23162841796875,401.3684704170718,402.23162841796875,5000
2006-10-17 00:00:00+09:00,380.65264892578125,410.0000186842315,380.65264892578125,380.65264892578125,0
2006-10-18 00:00:00+09:00,389.28424072265625,389.28424072265625,389.28424072265625,389.28424072265625,2000
2006-10-19 00:00:00+09:00,407.4105224609375,407.4105224609375,407.4105224609375,407.4105224609375,0
2006-10-20 00:00:00+09:00,406.5474548339844,406.5474548339844,406.5474548339844,406.5474548339844,1000
2006-10-23 00:00:00+09:00,390.1474304199219,390.1474304199219,390.1474304199219,390.1474304199219,0
2006-10-24 00:00:00+09:00,396.1895446777344,396.1895446777344,396.1895446777344,396.1895446777344,1000
2006-10-25 00:00:00+09:00,396.1895446777344,396.1895446777344,396.1895446777344,396.1895446777344,1000
2006-10-26 00:00:00+09:00,409.1368408203125,409.1368408203125,409.1368408203125,409.1368408203125,0
2006-10-27 00:00:00+09:00,409.1368408203125,409.1368408203125,409.1368408203125,409.1368408203125,0
2006-10-30 00:00:00+09:00,407.4105224609375,407.4105224609375,407.4105224609375,407.4105224609375,0
2006-10-31 00:00:00+09:00,407.4105224609375,407.4105224609375,407.4105224609375,407.4105224609375,0
2006-11-01 00:00:00+09:00,407.4105224609375,407.4105224609375,407.4105224609375,407.4105224609375,0
2006-11-02 00:00:00+09:00,397.915771484375,397.915771484375,397.915771484375,397.915771484375,1000
2006-11-03 00:00:00+09:00,397.915771484375,397.915771484375,397.915771484375,397.915771484375,0
2006-11-06 00:00:00+09:00,397.9157857086699,407.4105224609375,397.9157857086699,407.4105224609375,2000
2006-11-07 00:00:00+09:00,397.915771484375,409.9999814643777,397.915771484375,397.915771484375,0
2006-11-08 00:00:00+09:00,402.23162841796875,402.23162841796875,402.23162841796875,402.23162841796875,1000
2006-11-09 00:00:00+09:00,402.23162841796875,402.23162841796875,402.23162841796875,402.23162841796875,1000
2006-11-10 00:00:00+09:00,397.915771484375,409.1368236086632,397.915771484375,397.915771484375,0
2006-11-13 00:00:00+09:00,398.77899169921875,407.41057160612826,398.77899169921875,398.77899169921875,0
2006-11-14 00:00:00+09:00,398.77899169921875,407.41057160612826,398.77899169921875,398.77899169921875,0
2006-11-15 00:00:00+09:00,398.77899169921875,407.41057160612826,398.77899169921875,398.77899169921875,0
2006-11-16 00:00:00+09:00,398.77899169921875,398.77899169921875,398.77899169921875,398.77899169921875,1000
2006-11-17 00:00:00+09:00,407.4105224609375,407.4105224609375,407.4105224609375,407.4105224609375,1000
2006-11-20 00:00:00+09:00,401.36846923828125,401.36846923828125,401.36846923828125,401.36846923828125,0
2006-11-21 00:00:00+09:00,401.36846923828125,401.36846923828125,401.36846923828125,401.36846923828125,0
2006-11-22 00:00:00+09:00,401.36846923828125,401.36846923828125,401.36846923828125,401.36846923828125,0
2006-11-23 00:00:00+09:00,401.36846923828125,401.36846923828125,401.36846923828125,401.36846923828125,0
2006-11-24 00:00:00+09:00,398.77899169921875,398.77899169921875,398.77899169921875,398.77899169921875,0
2006-11-27 00:00:00+09:00,403.0947570800781,403.0947570800781,403.0947570800781,403.0947570800781,1000
2006-11-28 00:00:00+09:00,402.2316798370829,402.2316798370829,394.4632568359375,394.4632568359375,6000
2006-11-29 00:00:00+09:00,400.5053112399193,401.36846923828125,400.5053112399193,401.36846923828125,2000
2006-11-30 00:00:00+09:00,397.915771484375,409.9999814643777,397.915771484375,397.915771484375,0
2006-12-01 00:00:00+09:00,413.4526672363281,413.4526672363281,413.4526672363281,413.4526672363281,0
2006-12-04 00:00:00+09:00,414.31585693359375,414.31585693359375,414.31585693359375,414.31585693359375,0
2006-12-05 00:00:00+09:00,407.4105224609375,407.4105224609375,407.4105224609375,407.4105224609375,1000
2006-12-06 00:00:00+09:00,407.41056145208114,413.4526672363281,407.41056145208114,413.4526672363281,2000
2006-12-07 00:00:00+09:00,411.726318359375,411.726318359375,411.726318359375,411.726318359375,1000
2006-12-08 00:00:00+09:00,410.0000915527344,410.0000915527344,410.0000915527344,410.0000915527344,1000
2006-12-11 00:00:00+09:00,403.95794677734375,403.95794677734375,403.95794677734375,403.95794677734375,1000
2006-12-12 00:00:00+09:00,403.95793964336445,407.41057160612826,398.77899169921875,398.77899169921875,5000
2006-12-13 00:00:00+09:00,403.0947570800781,403.0947570800781,403.0947570800781,403.0947570800781,1000
2006-12-14 00:00:00+09:00,401.3684362160207,401.3684362160207,399.6421203613281,399.6421203613281,3000
2006-12-15 00:00:00+09:00,400.5052795410156,400.5052795410156,400.5052795410156,400.5052795410156,1000
2006-12-18 00:00:00+09:00,408.2737731933594,408.2737731933594,408.2737731933594,408.2737731933594,0
2006-12-19 00:00:00+09:00,404.82110478327826,404.82110478327826,403.95794677734375,403.95794677734375,2000
2006-12-20 00:00:00+09:00,405.68426513671875,405.68426513671875,405.68426513671875,405.68426513671875,1000
2006-12-21 00:00:00+09:00,401.3684029072329,401.3684029072329,397.915771484375,397.915771484375,3000
2006-12-22 00:00:00+09:00,397.915771484375,397.915771484375,397.915771484375,397.915771484375,2000
2006-12-25 00:00:00+09:00,397.9157857086699,407.4105224609375,397.9157857086699,407.4105224609375,3000
2006-12-26 00:00:00+09:00,409.13689242514414,409.13689242514414,402.23162841796875,402.23162841796875,3000
2006-12-27 00:00:00+09:00,403.0947570800781,403.0947570800781,403.0947570800781,403.0947570800781,1000
2006-12-28 00:00:00+09:00,412.58951993848456,421.2210998535156,412.58951993848456,421.2210998535156,4000
2006-12-29 00:00:00+09:00,410.0000915527344,410.0000915527344,410.0000915527344,410.0000915527344,0
2007-01-04 00:00:00+09:00,414.31585693359375,461.78954887390137,414.31585693359375,414.31585693359375,0
2007-01-05 00:00:00+09:00,421.2210998535156,421.2210998535156,421.2210998535156,421.2210998535156,1000
2007-01-09 00:00:00+09:00,431.5790861555673,444.5264587402344,431.5790861555673,444.5264587402344,4000
2007-01-10 00:00:00+09:00,447.9790095103871,474.7369079589844,447.9790095103871,474.7369079589844,11000
2007-01-11 00:00:00+09:00,472.14751485188805,517.8948974609375,472.14751485188805,517.8948974609375,29000
2007-01-12 00:00:00+09:00,513.5791066487631,517.8948974609375,496.3159434000651,517.8948974609375,21000
2007-01-15 00:00:00+09:00,513.5791066487631,517.8948974609375,483.3685709635417,517.8948974609375,13000
2007-01-16 00:00:00+09:00,485.95795268743814,501.49479664547346,485.95795268743814,490.27374267578125,5000
2007-01-17 00:00:00+09:00,474.73688943045477,483.36846923828125,474.73688943045477,483.36846923828125,2000
2007-01-18 00:00:00+09:00,479.0525939616751,486.8210144042969,479.0525939616751,486.8210144042969,2000
2007-01-19 00:00:00+09:00,479.05268052045034,484.2316284179687,475.6000485887714,484.23162841796875,3000
2007-01-22 00:00:00+09:00,479.0527038574219,479.0527038574219,479.0527038574219,479.0527038574219,1000
2007-01-23 00:00:00+09:00,475.60005529266186,475.60005529266186,466.9684753417969,466.9684753417969,2000
2007-01-24 00:00:00+09:00,474.7369079589844,474.7369079589844,474.7369079589844,474.7369079589844,1000
2007-01-25 00:00:00+09:00,474.7369079589844,474.7369079589844,474.7369079589844,474.7369079589844,1000
2007-01-26 00:00:00+09:00,487.6842710260759,492.00006103515625,487.6842710260759,492.00006103515625,6000
2007-01-29 00:00:00+09:00,497.1789832011686,517.0316162109375,497.1789832011686,517.0316162109375,7000
2007-01-30 00:00:00+09:00,517.8948448444235,517.8948448444235,500.6316833496094,500.6316833496094,3000
2007-01-31 00:00:00+09:00,493.7262878417969,509.2631290675877,493.7262878417969,493.7262878417969,0
2007-02-01 00:00:00+09:00,509.26331583658856,517.8948974609375,509.26331583658856,517.8948974609375,6000
2007-02-02 00:00:00+09:00,498.9052978302588,498.9052978302588,494.5895080566406,494.5895080566406,2000
2007-02-05 00:00:00+09:00,503.22107802568854,509.26318359375,503.22107802568854,509.26318359375,3000
2007-02-06 00:00:00+09:00,510.9894516017656,510.9894516017656,498.0420837402344,498.0420837402344,3000
2007-02-07 00:00:00+09:00,494.5895080566406,510.98950919638963,494.5895080566406,494.5895080566406,0
2007-02-08 00:00:00+09:00,493.7262532965181,510.1262512207031,493.7262532965181,510.1262512207031,4000
2007-02-09 00:00:00+09:00,510.1263957611502,510.1263957611502,494.5895512202015,504.08428955078125,16000
2007-02-13 00:00:00+09:00,508.400146484375,508.400146484375,508.400146484375,508.400146484375,1000
2007-02-14 00:00:00+09:00,504.94739390227755,509.26318359375,504.94739390227755,509.26318359375,7000
2007-02-15 00:00:00+09:00,501.4948414243501,501.4948414243501,500.6316833496094,500.6316833496094,5000
2007-02-16 00:00:00+09:00,493.72646062993493,493.72646062993493,485.0948791503906,485.0948791503906,3000
2007-02-19 00:00:00+09:00,481.64216269909497,490.27374267578125,481.64216269909497,490.27374267578125,2000
2007-02-20 00:00:00+09:00,483.36846923828125,492.0000490461077,483.36846923828125,483.36846923828125,0
2007-02-21 00:00:00+09:00,496.3157403448497,499.76837158203125,496.3157403448497,499.76837158203125,3000
2007-02-22 00:00:00+09:00,500.6316833496094,500.6316833496094,492.00010260220233,500.6316833496094,5000
2007-02-23 00:00:00+09:00,500.6316833496094,500.6316833496094,500.6316833496094,500.6316833496094,1000
2007-02-26 00:00:00+09:00,497.17905105064654,500.6316833496094,497.17905105064654,500.6316833496094,2000
2007-02-27 00:00:00+09:00,504.08434210883246,504.08434210883246,497.1790771484375,497.1790771484375,2000
2007-02-28 00:00:00+09:00,496.3158510442366,496.3158510442366,492.00006103515625,492.00006103515625,4000
2007-03-01 00:00:00+09:00,484.2316284179687,508.40005193972115,484.2316284179687,484.23162841796875,0
2007-03-02 00:00:00+09:00,485.0948791503906,485.0948791503906,485.0948791503906,485.0948791503906,1000
2007-03-05 00:00:00+09:00,508.4000797010448,513.5790278813611,500.63165743057044,504.08428955078125,18000
2007-03-06 00:00:00+09:00,495.4527092502542,504.08428955078125,492.00007713004334,504.08428955078125,8000
2007-03-07 00:00:00+09:00,507.53694794753505,507.53694794753505,500.6316833496094,500.6316833496094,3000
2007-03-08 00:00:00+09:00,504.9474792480469,504.9474792480469,504.9474792480469,504.9474792480469,3000
2007-03-09 00:00:00+09:00,500.6316833496094,500.6316833496094,500.6316833496094,500.6316833496094,2000
2007-03-12 00:00:00+09:00,500.6316833496094,500.6316833496094,500.6316833496094,500.6316833496094,2000
2007-03-13 00:00:00+09:00,493.7262878417969,493.7262878417969,493.7262878417969,493.7262878417969,0
2007-03-14 00:00:00+09:00,492.8632507324219,492.8632507324219,492.8632507324219,492.8632507324219,0
2007-03-15 00:00:00+09:00,500.6316833496094,500.6316833496094,500.6316833496094,500.6316833496094,1000
2007-03-16 00:00:00+09:00,500.6315854279891,500.6315854279891,496.3157958984375,496.3157958984375,3000
2007-03-19 00:00:00+09:00,496.3158145193326,509.26318359375,496.3158145193326,509.26318359375,5000
2007-03-20 00:00:00+09:00,509.2632640970164,516.1685286949421,498.0422091253873,500.6316833496094,7000
2007-03-22 00:00:00+09:00,512.7158963959793,512.7158963959793,500.6316833496094,500.6316833496094,3000
2007-03-23 00:00:00+09:00,500.6316888271234,509.26326966897034,500.6316888271234,504.9474792480469,4000
2007-03-26 00:00:00+09:00,506.67385864257807,509.26333321826417,506.67385864257807,506.6738586425781,9000
2007-03-27 00:00:00+09:00,465.89693123166745,480.64599609375,459.8237868766922,480.64599609375,10000
2007-03-28 00:00:00+09:00,482.381103515625,482.381103515625,482.381103515625,482.381103515625,1000
2007-03-29 00:00:00+09:00,476.30804443359375,476.30804443359375,476.30804443359375,476.30804443359375,1000
2007-03-30 00:00:00+09:00,460.69141413850605,469.3673353087227,459.8238220214844,459.8238220214844,3000
2007-04-02 00:00:00+09:00,460.69141413850605,469.3673353087227,459.8238220214844,459.8238220214844,3000
2007-04-03 00:00:00+09:00,451.14788818359375,463.2941774808443,451.14788818359375,451.14788818359375,0
2007-04-04 00:00:00+09:00,468.4996337890625,468.4996337890625,468.4996337890625,468.4996337890625,1000
2007-04-05 00:00:00+09:00,451.14788818359375,451.14788818359375,451.14788818359375,451.14788818359375,0
2007-04-06 00:00:00+09:00,451.14790085126765,459.8238220214844,442.471979681051,459.8238220214844,7000
2007-04-09 00:00:00+09:00,443.33950078768993,443.33950078768993,440.7367248535156,440.7367248535156,2000
2007-04-10 00:00:00+09:00,449.41265869140625,449.41265869140625,449.41265869140625,449.41265869140625,2000
2007-04-11 00:00:00+09:00,450.2802429199219,450.2802429199219,450.2802429199219,450.2802429199219,1000
2007-04-12 00:00:00+09:00,457.22099147917396,465.89691162109375,457.22099147917396,465.89691162109375,2000
2007-04-13 00:00:00+09:00,442.4719543457031,466.76453223134956,442.4719543457031,442.4719543457031,0
2007-04-16 00:00:00+09:00,442.4719543457031,467.63212429869407,442.4719543457031,442.4719543457031,0
2007-04-17 00:00:00+09:00,442.4719543457031,467.63212429869407,442.4719543457031,442.4719543457031,0
2007-04-18 00:00:00+09:00,442.4719672569862,451.14788818359375,442.4719672569862,451.14788818359375,2000
2007-04-19 00:00:00+09:00,440.7367248535156,465.02930023914246,440.7367248535156,440.7367248535156,0
2007-04-20 00:00:00+09:00,440.7367248535156,440.7367248535156,440.7367248535156,440.7367248535156,2000
2007-04-23 00:00:00+09:00,435.53117444438317,435.53117444438317,430.32562255859375,430.32562255859375,3000
2007-04-24 00:00:00+09:00,430.32562255859375,430.32562255859375,430.32562255859375,430.32562255859375,1000
2007-04-25 00:00:00+09:00,425.12013572677824,439.86920166015625,416.44421458949705,439.86920166015625,3000
2007-04-26 00:00:00+09:00,439.86920166015625,439.86920166015625,439.86920166015625,439.86920166015625,1000
2007-04-27 00:00:00+09:00,439.86920166015625,439.86920166015625,439.86920166015625,439.86920166015625,1000
2007-05-01 00:00:00+09:00,438.1339668741032,438.1339668741032,425.1200866699219,425.1200866699219,2000
2007-05-02 00:00:00+09:00,429.4580078125,429.4580078125,429.4580078125,429.4580078125,1000
2007-05-07 00:00:00+09:00,432.06078361742425,432.06078361742425,429.4580078125,429.4580078125,2000
2007-05-08 00:00:00+09:00,429.4580078125,429.4580078125,429.4580078125,429.4580078125,1000
2007-05-09 00:00:00+09:00,417.311767578125,433.79601619347716,417.311767578125,417.311767578125,0
2007-05-10 00:00:00+09:00,417.311767578125,433.79601619347716,417.311767578125,417.311767578125,0
2007-05-11 00:00:00+09:00,433.7960120474938,438.13397216796875,425.12009180654394,438.13397216796875,3000
2007-05-14 00:00:00+09:00,418.1793518066406,442.47192826013844,418.1793518066406,418.1793518066406,0
2007-05-15 00:00:00+09:00,438.1339940089805,442.4719543457031,438.1339940089805,442.4719543457031,2000
2007-05-16 00:00:00+09:00,420.78216552734375,449.41270462508055,420.78216552734375,420.78216552734375,0
2007-05-17 00:00:00+09:00,425.9876838306389,438.13397216796875,420.78213168606896,438.13397216796875,6000
2007-05-18 00:00:00+09:00,433.7960205078125,442.47194091796877,433.7960205078125,433.7960205078125,0
2007-05-21 00:00:00+09:00,438.13397216796875,438.13397216796875,438.13397216796875,438.13397216796875,2000
2007-05-22 00:00:00+09:00,423.3849182128906,446.8099034418825,423.3849182128906,423.3849182128906,0
2007-05-23 00:00:00+09:00,425.1200866699219,448.5450710374482,425.1200866699219,425.1200866699219,0
2007-05-24 00:00:00+09:00,421.64971923828125,448.5450716999823,421.64971923828125,421.64971923828125,0
2007-05-25 00:00:00+09:00,425.1200866699219,448.5450710374482,425.1200866699219,425.1200866699219,0
2007-05-28 00:00:00+09:00,423.3849182128906,448.54508753291896,423.3849182128906,423.3849182128906,0
2007-05-29 00:00:00+09:00,423.3849182128906,449.4126795784372,423.3849182128906,423.3849182128906,0
2007-05-30 00:00:00+09:00,423.3849182128906,449.4126795784372,423.3849182128906,423.3849182128906,0
2007-05-31 00:00:00+09:00,423.3849182128906,442.4719432142914,423.3849182128906,423.3849182128906,0
2007-06-01 00:00:00+09:00,438.13397216796875,442.47193228844367,438.13397216796875,438.13397216796875,0
2007-06-04 00:00:00+09:00,442.4719543457031,442.4719543457031,442.4719543457031,442.4719543457031,2000
2007-06-05 00:00:00+09:00,442.4719505543136,442.4719505543136,425.9877014160156,425.9877014160156,2000
2007-06-06 00:00:00+09:00,446.8098968039942,454.61822509765625,446.8098968039942,454.61822509765625,6000
2007-06-07 00:00:00+09:00,451.14788818359375,451.14788818359375,451.14788818359375,451.14788818359375,1000
2007-06-08 00:00:00+09:00,428.59051513671875,458.08864775746457,428.59051513671875,428.59051513671875,0
2007-06-11 00:00:00+09:00,430.32562255859375,456.35338198754096,430.32562255859375,430.32562255859375,0
2007-06-12 00:00:00+09:00,431.1932373046875,453.75063000070736,431.1932373046875,431.1932373046875,0
2007-06-13 00:00:00+09:00,455.48577880859375,455.48577880859375,455.48577880859375,455.48577880859375,1000
2007-06-14 00:00:00+09:00,429.4580078125,455.48576586174244,429.4580078125,429.4580078125,0
2007-06-15 00:00:00+09:00,438.13397216796875,438.13397216796875,438.13397216796875,438.13397216796875,1000
2007-06-18 00:00:00+09:00,446.8098592122396,455.48577880859375,446.8098592122396,455.48577880859375,5000
2007-06-19 00:00:00+09:00,454.61822509765625,454.61822509765625,454.61822509765625,454.61822509765625,8000
2007-06-20 00:00:00+09:00,440.7367248535156,471.10244408554917,440.7367248535156,440.7367248535156,0
2007-06-21 00:00:00+09:00,439.0016174316406,471.97011834547925,439.0016174316406,439.0016174316406,0
2007-06-22 00:00:00+09:00,440.7367248535156,467.63207617331676,440.7367248535156,440.7367248535156,0
2007-06-25 00:00:00+09:00,451.14788818359375,451.14788818359375,451.14788818359375,451.14788818359375,1000
2007-06-26 00:00:00+09:00,439.86920166015625,458.95622816217485,439.86920166015625,439.86920166015625,0
2007-06-27 00:00:00+09:00,441.6043701171875,459.82380385483174,441.6043701171875,441.6043701171875,0
2007-06-28 00:00:00+09:00,440.7367248535156,459.82374837079385,440.7367248535156,440.7367248535156,0
2007-06-29 00:00:00+09:00,442.4719543457031,458.9562036252489,442.4719543457031,442.4719543457031,0
2007-07-02 00:00:00+09:00,440.7367248535156,459.82374837079385,440.7367248535156,440.7367248535156,0
2007-07-03 00:00:00+09:00,442.4719543457031,442.4719543457031,442.4719543457031,442.4719543457031,1000
2007-07-04 00:00:00+09:00,442.4719543457031,474.5728608374502,442.4719543457031,442.4719543457031,0
2007-07-05 00:00:00+09:00,442.4719543457031,442.4719543457031,442.4719543457031,442.4719543457031,1000
2007-07-06 00:00:00+09:00,442.4719401768276,442.4719401768276,437.2663879394531,437.2663879394531,3000
2007-07-09 00:00:00+09:00,425.1200866699219,450.28025506467236,425.1200866699219,425.1200866699219,0
2007-07-10 00:00:00+09:00,450.2802429199219,450.2802429199219,450.2802429199219,450.2802429199219,1000
2007-07-11 00:00:00+09:00,451.14788818359375,451.14788818359375,451.14788818359375,451.14788818359375,1000
2007-07-12 00:00:00+09:00,437.2663879394531,452.8830446515765,437.2663879394531,437.2663879394531,0
2007-07-13 00:00:00+09:00,430.32562255859375,452.88301406368134,430.32562255859375,430.32562255859375,0
2007-07-17 00:00:00+09:00,433.7960205078125,433.7960205078125,433.7960205078125,433.7960205078125,1000
2007-07-18 00:00:00+09:00,433.7960205078125,433.7960205078125,429.4580603027344,433.7960205078125,5000
2007-07-19 00:00:00+09:00,425.9877014160156,433.7960299552094,425.9877014160156,425.9877014160156,0
2007-07-20 00:00:00+09:00,433.7960205078125,433.7960205078125,433.7960205078125,433.7960205078125,1000
2007-07-23 00:00:00+09:00,433.7960205078125,433.7960205078125,433.7960205078125,433.7960205078125,2000
2007-07-24 00:00:00+09:00,425.1200866699219,449.4126630510603,425.1200866699219,425.1200866699219,0
2007-07-25 00:00:00+09:00,425.1200866699219,448.5450710374482,425.1200866699219,425.1200866699219,0
2007-07-26 00:00:00+09:00,429.4580078125,449.4126223169192,429.4580078125,429.4580078125,0
2007-07-27 00:00:00+09:00,429.4580078125,429.4580078125,429.4580078125,429.4580078125,1000
2007-07-30 00:00:00+09:00,420.78216552734375,441.60437578024323,420.78216552734375,420.78216552734375,0
2007-07-31 00:00:00+09:00,425.1200866699219,440.73674291493944,425.1200866699219,425.1200866699219,0
2007-08-01 00:00:00+09:00,421.64971923828125,439.8691515510465,421.64971923828125,421.64971923828125,0
2007-08-02 00:00:00+09:00,420.78216552734375,441.60437578024323,420.78216552734375,420.78216552734375,0
2007-08-03 00:00:00+09:00,421.64971923828125,446.80988767019517,421.64971923828125,421.64971923828125,0
2007-08-06 00:00:00+09:00,420.78216552734375,451.14788881282215,420.78216552734375,420.78216552734375,0
2007-08-07 00:00:00+09:00,429.4580078125,429.4580078125,429.4580078125,429.4580078125,1000
2007-08-08 00:00:00+09:00,429.4580078125,429.4580078125,429.4580078125,429.4580078125,1000
2007-08-09 00:00:00+09:00,425.1200866699219,425.1200866699219,425.1200866699219,425.1200866699219,1000
2007-08-10 00:00:00+09:00,425.12012599669777,425.12012599669777,420.78216552734375,420.78216552734375,2000
2007-08-13 00:00:00+09:00,420.78216552734375,420.78216552734375,420.78216552734375,420.78216552734375,0
2007-08-14 00:00:00+09:00,420.78216552734375,441.60437578024323,420.78216552734375,420.78216552734375,0
2007-08-15 00:00:00+09:00,419.0469579852995,423.3849182128906,419.0469579852995,423.3849182128906,2000
2007-08-16 00:00:00+09:00,420.7821435928345,421.6497356414795,416.4441833496094,416.4441833496094,9000
2007-08-17 00:00:00+09:00,407.7682271977907,407.7682271977907,403.4302673339844,403.4302673339844,4000
2007-08-20 00:00:00+09:00,412.1062270454739,412.1062270454739,399.09234619140625,399.09234619140625,7000
2007-08-21 00:00:00+09:00,399.0923326280382,399.0923326280382,390.4164123535156,390.4164123535156,7000
2007-08-22 00:00:00+09:00,394.7543760787609,394.7543760787609,373.0645751953125,373.0645751953125,9000
2007-08-23 00:00:00+09:00,377.40254476796025,399.09234619140625,373.06458448327106,399.09234619140625,12000
2007-08-24 00:00:00+09:00,381.74049554869185,381.74049554869185,373.0645751953125,373.0645751953125,14000
2007-08-27 00:00:00+09:00,383.4756761338976,390.4164123535156,383.4756761338976,390.4164123535156,2000
2007-08-28 00:00:00+09:00,393.8867954490459,393.8867954490459,390.4164272072041,392.151611328125,3000
2007-08-29 00:00:00+09:00,389.54879808747364,389.54879808747364,376.5349184186271,386.07843017578125,6000
2007-08-30 00:00:00+09:00,386.0784630191794,386.0784630191794,373.064582243252,375.6673583984375,14000
2007-08-31 00:00:00+09:00,377.40249669192286,377.40249669192286,368.72657722774073,373.93212890625,9000
2007-09-03 00:00:00+09:00,379.13767221624204,381.7404479980469,379.13767221624204,381.7404479980469,2000
2007-09-04 00:00:00+09:00,381.7404564240139,381.7404564240139,373.93212890625,373.93212890625,4000
2007-09-05 00:00:00+09:00,373.0645751953125,373.0645751953125,373.0645751953125,373.0645751953125,3000
2007-09-06 00:00:00+09:00,370.4618225097656,378.27015132144686,370.4618225097656,370.4618225097656,0
2007-09-07 00:00:00+09:00,377.4024963378906,379.1376802290993,377.4024963378906,377.4024963378906,0
2007-09-10 00:00:00+09:00,374.79975926598837,374.79975926598837,373.0645751953125,373.0645751953125,2000
2007-09-11 00:00:00+09:00,373.0645751953125,373.0645751953125,373.0645751953125,373.0645751953125,2000
2007-09-12 00:00:00+09:00,369.5942155905331,369.5942155905331,368.72662353515625,368.72662353515625,3000
2007-09-13 00:00:00+09:00,374.7997741699219,374.7997741699219,374.7997741699219,374.7997741699219,1000
2007-09-14 00:00:00+09:00,368.72662353515625,373.06458381204044,368.72662353515625,368.72662353515625,0
2007-09-18 00:00:00+09:00,374.7997205010776,377.4024963378906,374.7997205010776,377.4024963378906,2000
2007-09-19 00:00:00+09:00,371.3293762207031,377.40252022431275,371.3293762207031,371.3293762207031,0
2007-09-20 00:00:00+09:00,373.0645751953125,377.4025353720022,373.0645751953125,373.0645751953125,0
2007-09-21 00:00:00+09:00,377.4024963378906,377.4024963378906,377.4024963378906,377.4024963378906,1000
2007-09-25 00:00:00+09:00,373.06456022173444,373.06456022173444,371.3293762207031,371.3293762207031,2000
2007-09-26 00:00:00+09:00,371.3293762207031,386.0784402294694,371.3293762207031,371.3293762207031,0
2007-09-27 00:00:00+09:00,373.0645751953125,416.4441769622093,373.0645751953125,373.0645751953125,0
2007-09-28 00:00:00+09:00,390.4164159020712,394.7543760787609,373.0645751953125,373.0645751953125,6000
2007-10-01 00:00:00+09:00,373.0645751953125,398.22474422011265,373.0645751953125,373.0645751953125,0
2007-10-02 00:00:00+09:00,374.7997741699219,374.7997741699219,374.7997741699219,374.7997741699219,1000
2007-10-03 00:00:00+09:00,375.6673583984375,375.6673583984375,375.6673583984375,375.6673583984375,1000
2007-10-04 00:00:00+09:00,373.93217507386817,373.93217507386817,372.1969909667969,372.1969909667969,4000
2007-10-05 00:00:00+09:00,373.0645751953125,373.0645751953125,373.0645751953125,373.0645751953125,1000
2007-10-09 00:00:00+09:00,377.4024963378906,383.4756399571211,377.4024963378906,377.4024963378906,5000
2007-10-10 00:00:00+09:00,384.3432869381375,384.3432869381375,374.7997741699219,374.7997741699219,6000
2007-10-11 00:00:00+09:00,378.2700879351153,380.87286376953125,378.2700879351153,380.87286376953125,2000
2007-10-12 00:00:00+09:00,379.1377258300781,379.1377258300781,379.1377258300781,379.1377258300781,1000
2007-10-15 00:00:00+09:00,380.872909929987,380.872909929987,379.1377258300781,379.1377258300781,4000
2007-10-16 00:00:00+09:00,376.5349426269531,393.88678330100623,376.5349426269531,376.5349426269531,0
2007-10-17 00:00:00+09:00,379.1377258300781,379.1377258300781,379.1377258300781,379.1377258300781,1000
2007-10-18 00:00:00+09:00,392.15160351346924,393.0191955566406,392.15160351346924,393.0191955566406,2000
2007-10-19 00:00:00+09:00,383.47564697265625,389.54879070299245,383.47564697265625,383.47564697265625,0
2007-10-22 00:00:00+09:00,380.87286376953125,380.87286376953125,380.87286376953125,380.87286376953125,1000
2007-10-23 00:00:00+09:00,381.7404479980469,381.7404479980469,381.7404479980469,381.7404479980469,2000
2007-10-24 00:00:00+09:00,381.7404557143365,381.7404557143365,380.87286376953125,380.87286376953125,2000
2007-10-25 00:00:00+09:00,382.6080627441406,382.6080627441406,382.6080627441406,382.6080627441406,1000
2007-10-26 00:00:00+09:00,385.21083819785815,386.07843017578125,385.21083819785815,386.07843017578125,2000
2007-10-29 00:00:00+09:00,393.0191955566406,393.0191955566406,393.0191955566406,393.0191955566406,1000
2007-10-30 00:00:00+09:00,392.15160351346924,393.0191955566406,392.15160351346924,393.0191955566406,3000
2007-10-31 00:00:00+09:00,387.8136291503906,394.75436524256764,387.8136291503906,387.8136291503906,0
2007-11-01 00:00:00+09:00,394.75439453125,394.75439453125,394.75439453125,394.75439453125,1000
2007-11-02 00:00:00+09:00,393.88680245535716,394.75439453125,393.88680245535716,394.75439453125,2000
2007-11-05 00:00:00+09:00,398.2247557513482,398.2247557513482,392.151611328125,392.151611328125,7000
2007-11-06 00:00:00+09:00,395.62198660714284,395.62198660714284,394.75439453125,394.75439453125,3000
2007-11-07 00:00:00+09:00,394.75439453125,394.75439453125,394.75439453125,394.75439453125,1000
2007-11-08 00:00:00+09:00,391.2839660644531,391.2839660644531,390.4163741219599,391.2839660644531,5000
2007-11-09 00:00:00+09:00,386.94602215370435,386.94602215370435,386.07843017578125,386.07843017578125,2000
2007-11-12 00:00:00+09:00,386.94604776071947,386.94604776071947,373.0645751953125,373.0645751953125,11000
2007-11-13 00:00:00+09:00,352.24237060546875,352.24237060546875,352.24237060546875,352.24237060546875,3000
2007-11-14 00:00:00+09:00,364.388671875,364.388671875,364.388671875,364.388671875,1000
2007-11-15 00:00:00+09:00,359.18310546875,359.18310546875,359.18310546875,359.18310546875,1000
2007-11-16 00:00:00+09:00,360.9183044433594,366.99144898928125,360.9183044433594,360.9183044433594,0
2007-11-19 00:00:00+09:00,366.99138523448596,382.60803992531515,366.99138523448596,381.7404479980469,3000
2007-11-20 00:00:00+09:00,371.3293762207031,371.3293762207031,371.3293762207031,371.3293762207031,1000
2007-11-21 00:00:00+09:00,371.3293762207031,371.3293762207031,371.3293762207031,371.3293762207031,1000
2007-11-22 00:00:00+09:00,373.06456022173444,373.06456022173444,371.3293762207031,371.3293762207031,3000
2007-11-26 00:00:00+09:00,373.0645751953125,373.0645751953125,373.0645751953125,373.0645751953125,2000
2007-11-27 00:00:00+09:00,374.7997741699219,374.7997741699219,374.7997741699219,374.7997741699219,2000
2007-11-28 00:00:00+09:00,374.799766346709,375.6673583984375,374.799766346709,375.6673583984375,3000
2007-11-29 00:00:00+09:00,377.4024963378906,377.4024963378906,377.4024963378906,377.4024963378906,2000
2007-11-30 00:00:00+09:00,373.0645766416432,373.0645766416432,366.12384033203125,366.12384033203125,10000
2007-12-03 00:00:00+09:00,373.0645751953125,373.0645751953125,373.0645751953125,373.0645751953125,1000
2007-12-04 00:00:00+09:00,373.0645751953125,376.53494333666424,373.0645751953125,373.0645751953125,0
2007-12-05 00:00:00+09:00,373.93212890625,373.93212890625,373.93212890625,373.93212890625,1000
2007-12-06 00:00:00+09:00,374.7997741699219,374.7997741699219,374.7997741699219,374.7997741699219,1000
2007-12-07 00:00:00+09:00,381.7404479980469,381.7404479980469,381.7404479980469,381.7404479980469,3000
2007-12-10 00:00:00+09:00,384.343281223463,399.09234619140625,381.74050505264944,399.09234619140625,7000
2007-12-11 00:00:00+09:00,398.2247619628906,398.2247619628906,398.2247619628906,398.2247619628906,1000
2007-12-12 00:00:00+09:00,383.47564697265625,396.48952639480524,383.47564697265625,383.47564697265625,0
2007-12-13 00:00:00+09:00,394.75439453125,394.75439453125,394.75439453125,394.75439453125,2000
2007-12-14 00:00:00+09:00,396.4896240234375,396.4896240234375,396.4896240234375,396.4896240234375,1000
2007-12-17 00:00:00+09:00,397.35716988889743,398.2247619628906,397.35716988889743,398.2247619628906,2000
2007-12-18 00:00:00+09:00,397.3571179308699,397.3571179308699,386.9460144042969,386.9460144042969,3000
2007-12-19 00:00:00+09:00,386.9460144042969,395.6219340097744,386.9460144042969,386.9460144042969,0
2007-12-20 00:00:00+09:00,386.9460144042969,386.9460144042969,386.9460144042969,386.9460144042969,2000
2007-12-21 00:00:00+09:00,386.9460144042969,397.3571179308699,386.9460144042969,386.9460144042969,0
2007-12-25 00:00:00+09:00,392.151611328125,392.151611328125,392.151611328125,392.151611328125,1000
2007-12-26 00:00:00+09:00,388.6812415081522,399.09234619140625,388.6812415081522,399.09234619140625,2000
2007-12-27 00:00:00+09:00,386.07843017578125,386.07843017578125,386.07843017578125,386.07843017578125,1000
2007-12-28 00:00:00+09:00,386.07843017578125,386.07843017578125,386.07843017578125,386.07843017578125,1000
2008-01-04 00:00:00+09:00,386.07843017578125,386.07843017578125,386.07843017578125,386.07843017578125,1000
2008-01-07 00:00:00+09:00,375.6673583984375,390.4164232778219,375.6673583984375,375.6673583984375,0
2008-01-08 00:00:00+09:00,390.4164123535156,390.4164123535156,390.4164123535156,390.4164123535156,1000
2008-01-09 00:00:00+09:00,377.4024963378906,398.2247030323949,377.4024963378906,377.4024963378906,0
2008-01-10 00:00:00+09:00,377.4024963378906,398.2247030323949,377.4024963378906,377.4024963378906,0
2008-01-11 00:00:00+09:00,386.07843017578125,386.07843017578125,386.07843017578125,386.07843017578125,1000
2008-01-15 00:00:00+09:00,380.0052490234375,398.22467877113655,380.0052490234375,380.0052490234375,0
2008-01-16 00:00:00+09:00,381.7404479980469,381.7404479980469,381.7404479980469,381.7404479980469,2000
2008-01-17 00:00:00+09:00,381.74049554869185,382.6080875840298,373.0645751953125,373.0645751953125,5000
2008-01-18 00:00:00+09:00,374.7997741699219,374.7997741699219,374.7997741699219,374.7997741699219,1000
2008-01-21 00:00:00+09:00,374.7997741699219,374.7997741699219,374.7997741699219,374.7997741699219,1000
2008-01-22 00:00:00+09:00,373.9321758674173,373.9321758674173,368.72662353515625,368.72662353515625,5000
2008-01-23 00:00:00+09:00,364.388671875,364.388671875,364.388671875,364.388671875,1000
2008-01-24 00:00:00+09:00,366.1238560267857,366.1238560267857,364.388671875,364.388671875,2000
2008-01-25 00:00:00+09:00,373.93212890625,386.078416156105,373.93212890625,373.93212890625,0
2008-01-28 00:00:00+09:00,373.93212890625,373.93212890625,373.93212890625,373.93212890625,1000
2008-01-29 00:00:00+09:00,373.0645751953125,394.7543760787609,373.0645751953125,373.0645751953125,0
2008-01-30 00:00:00+09:00,373.0645751953125,398.22474422011265,373.0645751953125,373.0645751953125,0
2008-01-31 00:00:00+09:00,373.93212890625,398.22470340596,373.93212890625,373.93212890625,0
2008-02-01 00:00:00+09:00,381.7404479980469,381.7404479980469,381.7404479980469,381.7404479980469,1000
2008-02-04 00:00:00+09:00,381.7404479980469,395.6219188343395,381.7404479980469,381.7404479980469,0
2008-02-05 00:00:00+09:00,381.7404479980469,395.6219188343395,381.7404479980469,381.7404479980469,0
2008-02-06 00:00:00+09:00,381.7404479980469,395.6219188343395,381.7404479980469,381.7404479980469,0
2008-02-07 00:00:00+09:00,381.7404479980469,395.6219188343395,381.7404479980469,381.7404479980469,0
2008-02-08 00:00:00+09:00,381.7404479980469,395.6219188343395,381.7404479980469,381.7404479980469,0
2008-02-12 00:00:00+09:00,381.7404479980469,389.5487753434615,381.7404479980469,381.7404479980469,0
2008-02-13 00:00:00+09:00,381.7404479980469,388.6811834161932,381.7404479980469,381.7404479980469,0
2008-02-14 00:00:00+09:00,386.0784150892133,389.5487828652961,383.4756392571512,384.3432312011719,7000
2008-02-15 00:00:00+09:00,386.07843017578125,395.6219419329354,386.07843017578125,386.07843017578125,0
2008-02-18 00:00:00+09:00,390.4164123535156,390.4164123535156,390.4164123535156,390.4164123535156,1000
2008-02-19 00:00:00+09:00,393.88680245535716,394.75439453125,393.88680245535716,394.75439453125,2000
2008-02-20 00:00:00+09:00,393.0191955566406,429.45806136983913,393.0191955566406,393.0191955566406,0
2008-02-21 00:00:00+09:00,391.2839660644531,407.76821297182477,391.2839660644531,391.2839660644531,0
2008-02-22 00:00:00+09:00,393.0191955566406,407.76826029055434,393.0191955566406,393.0191955566406,0
2008-02-25 00:00:00+09:00,395.6219177246094,395.6219177246094,395.6219177246094,395.6219177246094,1000
2008-02-26 00:00:00+09:00,394.75439453125,425.98770926339284,394.75439453125,394.75439453125,0
2008-02-27 00:00:00+09:00,399.09234619140625,416.44418733016306,399.09234619140625,399.09234619140625,0
2008-02-28 00:00:00+09:00,399.09234619140625,425.12010789954144,399.09234619140625,399.09234619140625,0
2008-02-29 00:00:00+09:00,399.09234619140625,416.44418733016306,399.09234619140625,399.09234619140625,0
2008-03-03 00:00:00+09:00,400.8275451660156,400.8275451660156,400.8275451660156,400.8275451660156,1000
2008-03-04 00:00:00+09:00,400.8275451660156,400.8275451660156,400.8275451660156,400.8275451660156,2000
2008-03-05 00:00:00+09:00,400.8275451660156,407.76828187884706,400.8275451660156,400.8275451660156,0
2008-03-06 00:00:00+09:00,400.82747743187883,400.82747743187883,391.2839660644531,391.2839660644531,3000
2008-03-07 00:00:00+09:00,391.2839660644531,397.35710966190584,391.2839660644531,391.2839660644531,0
2008-03-10 00:00:00+09:00,392.15160973590355,399.09234619140625,392.15160973590355,399.09234619140625,2000
2008-03-11 00:00:00+09:00,390.4164123535156,390.4164123535156,390.4164123535156,390.4164123535156,2000
2008-03-12 00:00:00+09:00,399.09233837996544,399.9599304199219,399.09233837996544,399.9599304199219,2000
2008-03-13 00:00:00+09:00,394.75439453125,394.75439453125,394.75439453125,394.75439453125,1000
2008-03-14 00:00:00+09:00,393.88677911883354,397.3571472167969,393.88677911883354,397.3571472167969,3000
2008-03-17 00:00:00+09:00,397.3571472167969,397.3571472167969,397.3571472167969,397.3571472167969,1000
2008-03-18 00:00:00+09:00,396.4895637293262,396.4895637293262,393.0191955566406,393.0191955566406,2000
2008-03-19 00:00:00+09:00,391.2840043809679,391.2840043809679,390.4164123535156,390.4164123535156,6000
2008-03-21 00:00:00+09:00,389.5487976074219,389.5487976074219,389.5487976074219,389.5487976074219,2000
2008-03-24 00:00:00+09:00,388.68125,394.75439453125,388.68125,394.75439453125,11000
2008-03-25 00:00:00+09:00,392.1516183035714,394.75439453125,392.1516183035714,394.75439453125,4000
2008-03-26 00:00:00+09:00,361.7858787359193,373.0645751953125,361.7858787359193,373.0645751953125,4000
2008-03-27 00:00:00+09:00,365.25628662109375,387.8136819943679,365.25628662109375,365.25628662109375,0
2008-03-28 00:00:00+09:00,377.4024963378906,377.4024963378906,377.4024963378906,377.4024963378906,1000
2008-03-31 00:00:00+09:00,356.5802917480469,376.5349066147259,356.5802917480469,356.5802917480469,0
2008-04-01 00:00:00+09:00,355.71270751953125,376.5349147889672,355.71270751953125,355.71270751953125,0
2008-04-02 00:00:00+09:00,355.71270751953125,375.6673228194074,355.71270751953125,355.71270751953125,0
2008-04-03 00:00:00+09:00,355.71270751953125,375.6673228194074,355.71270751953125,355.71270751953125,0
2008-04-04 00:00:00+09:00,362.6534350291792,362.6534350291792,360.0506591796875,360.0506591796875,2000
2008-04-07 00:00:00+09:00,360.0507029813879,368.72662353515625,360.0507029813879,368.72662353515625,2000
2008-04-08 00:00:00+09:00,347.9044189453125,375.6673650955619,347.9044189453125,347.9044189453125,0
2008-04-09 00:00:00+09:00,347.9044189453125,373.064588893976,347.9044189453125,347.9044189453125,0
2008-04-10 00:00:00+09:00,347.9044189453125,373.064588893976,347.9044189453125,347.9044189453125,0
2008-04-11 00:00:00+09:00,351.3747863769531,351.3747863769531,351.3747863769531,351.3747863769531,1000
2008-04-14 00:00:00+09:00,352.24237060546875,370.4618035678206,352.24237060546875,352.24237060546875,0
2008-04-15 00:00:00+09:00,358.31549072265625,358.31549072265625,358.31549072265625,358.31549072265625,2000
2008-04-16 00:00:00+09:00,354.84521484375,375.66742793971576,354.84521484375,354.84521484375,0
2008-04-17 00:00:00+09:00,356.5802917480469,375.66731466400074,356.5802917480469,356.5802917480469,0
2008-04-18 00:00:00+09:00,358.31549072265625,373.932146492651,358.31549072265625,358.31549072265625,0
2008-04-21 00:00:00+09:00,364.388671875,364.388671875,364.388671875,364.388671875,1000
2008-04-22 00:00:00+09:00,357.4479585277091,361.7859191894531,357.4479585277091,361.7859191894531,2000
2008-04-23 00:00:00+09:00,358.3155506600579,361.7859191894531,357.4479585277091,361.7859191894531,3000
2008-04-24 00:00:00+09:00,356.5802917480469,374.79972271327557,356.5802917480469,356.5802917480469,0
2008-04-25 00:00:00+09:00,356.5802917480469,356.5802917480469,356.5802917480469,356.5802917480469,1000
2008-04-28 00:00:00+09:00,355.71270751953125,370.4617710020484,355.71270751953125,355.71270751953125,0
2008-04-30 00:00:00+09:00,355.71270751953125,381.7404666063262,355.71270751953125,355.71270751953125,0
2008-05-01 00:00:00+09:00,357.44793701171875,374.79977861422935,357.44793701171875,357.44793701171875,0
2008-05-02 00:00:00+09:00,357.44793701171875,373.0645944539783,357.44793701171875,357.44793701171875,0
2008-05-07 00:00:00+09:00,358.31549072265625,358.31549072265625,358.31549072265625,358.31549072265625,1000
2008-05-08 00:00:00+09:00,358.31552909184427,358.31552909184427,357.44793701171875,357.44793701171875,2000
2008-05-09 00:00:00+09:00,357.44793701171875,357.44793701171875,357.44793701171875,357.44793701171875,1000
2008-05-12 00:00:00+09:00,360.0506591796875,360.0506591796875,360.0506591796875,360.0506591796875,1000
2008-05-13 00:00:00+09:00,357.44793701171875,373.0645944539783,357.44793701171875,357.44793701171875,0
2008-05-14 00:00:00+09:00,367.8590393066406,367.8590393066406,367.8590393066406,367.8590393066406,1000
2008-05-15 00:00:00+09:00,360.9183044433594,360.9183044433594,360.9183044433594,360.9183044433594,1000
2008-05-16 00:00:00+09:00,361.7859191894531,364.3886955864996,361.7859191894531,361.7859191894531,0
2008-05-19 00:00:00+09:00,365.25624829332975,366.12384033203125,365.25624829332975,366.12384033203125,2000
2008-05-20 00:00:00+09:00,365.25628662109375,370.46183939954165,365.25628662109375,365.25628662109375,0
2008-05-21 00:00:00+09:00,365.25628662109375,370.46183939954165,365.25628662109375,365.25628662109375,0
2008-05-22 00:00:00+09:00,365.25628662109375,365.25628662109375,365.25628662109375,365.25628662109375,1000
2008-05-23 00:00:00+09:00,366.12384033203125,370.4618005255387,366.12384033203125,366.12384033203125,0
2008-05-26 00:00:00+09:00,366.1238560267857,366.1238560267857,364.388671875,364.388671875,3000
2008-05-27 00:00:00+09:00,370.4618225097656,370.4618225097656,370.4618225097656,370.4618225097656,1000
2008-05-28 00:00:00+09:00,358.31549072265625,371.32937053098516,358.31549072265625,358.31549072265625,0
2008-05-29 00:00:00+09:00,358.31549072265625,372.1969625182071,358.31549072265625,358.31549072265625,0
2008-05-30 00:00:00+09:00,351.3747863769531,370.46181180977527,351.3747863769531,351.3747863769531,0
2008-06-02 00:00:00+09:00,366.9914245605469,366.9914245605469,366.9914245605469,366.9914245605469,1000
2008-06-03 00:00:00+09:00,371.3293762207031,371.3293762207031,371.3293762207031,371.3293762207031,1000
2008-06-04 00:00:00+09:00,369.59423828125,369.59423828125,369.59423828125,369.59423828125,1000
2008-06-05 00:00:00+09:00,371.3293762207031,371.3293762207031,371.3293762207031,371.3293762207031,1000
2008-06-06 00:00:00+09:00,355.71270751953125,373.9321388802877,355.71270751953125,355.71270751953125,0
2008-06-09 00:00:00+09:00,368.72662353515625,368.72662353515625,368.72662353515625,368.72662353515625,4000
2008-06-10 00:00:00+09:00,364.388671875,368.7266322544643,364.388671875,364.388671875,0
2008-06-11 00:00:00+09:00,355.71270751953125,355.71270751953125,355.71270751953125,355.71270751953125,1000
2008-06-12 00:00:00+09:00,343.56640625,368.72657236426767,343.56640625,343.56640625,0
2008-06-13 00:00:00+09:00,355.71270751953125,368.72658706292873,355.71270751953125,355.71270751953125,0
2008-06-16 00:00:00+09:00,355.71270751953125,355.71270751953125,355.71270751953125,355.71270751953125,1000
2008-06-17 00:00:00+09:00,355.71270751953125,368.72658706292873,355.71270751953125,355.71270751953125,0
2008-06-18 00:00:00+09:00,357.44793701171875,368.7266340533506,357.44793701171875,357.44793701171875,0
2008-06-19 00:00:00+09:00,357.44789145865093,357.44789145865093,355.71270751953125,355.71270751953125,4000
2008-06-20 00:00:00+09:00,355.71270751953125,355.71270751953125,355.71270751953125,355.71270751953125,2000
2008-06-23 00:00:00+09:00,354.84521484375,354.84521484375,354.84521484375,354.84521484375,1000
2008-06-24 00:00:00+09:00,353.9775085449219,368.72657140096027,353.9775085449219,353.9775085449219,0
2008-06-25 00:00:00+09:00,353.9775085449219,364.3886117374196,353.9775085449219,353.9775085449219,0
2008-06-26 00:00:00+09:00,353.9775085449219,364.3886117374196,353.9775085449219,353.9775085449219,0
2008-06-27 00:00:00+09:00,353.9775085449219,355.71269241033815,353.9775085449219,353.9775085449219,0
2008-06-30 00:00:00+09:00,360.0506591796875,360.0506591796875,360.0506591796875,360.0506591796875,1000
2008-07-01 00:00:00+09:00,357.44793701171875,357.44793701171875,357.44793701171875,357.44793701171875,1000
2008-07-02 00:00:00+09:00,354.84521484375,364.38872917940097,354.84521484375,354.84521484375,0
2008-07-03 00:00:00+09:00,360.0507029813879,368.72662353515625,360.0507029813879,368.72662353515625,2000
2008-07-04 00:00:00+09:00,357.44793701171875,372.19700237385274,357.44793701171875,357.44793701171875,0
2008-07-07 00:00:00+09:00,364.388671875,364.388671875,364.388671875,364.388671875,1000
2008-07-08 00:00:00+09:00,359.18310546875,372.1969861016757,359.18310546875,359.18310546875,0
2008-07-09 00:00:00+09:00,359.18310546875,372.1969861016757,359.18310546875,359.18310546875,0
2008-07-10 00:00:00+09:00,359.18310546875,372.1969861016757,359.18310546875,359.18310546875,0
2008-07-11 00:00:00+09:00,360.0506591796875,360.0506591796875,360.0506591796875,360.0506591796875,1000
2008-07-14 00:00:00+09:00,354.84521484375,368.7266902410605,354.84521484375,354.84521484375,0
2008-07-15 00:00:00+09:00,354.84521484375,368.7266902410605,354.84521484375,354.84521484375,0
2008-07-16 00:00:00+09:00,353.1099548339844,368.72661131312867,353.1099548339844,353.1099548339844,0
2008-07-17 00:00:00+09:00,355.71270751953125,368.72658706292873,355.71270751953125,355.71270751953125,0
2008-07-18 00:00:00+09:00,356.5802917480469,371.3293549103749,356.5802917480469,356.5802917480469,0
2008-07-22 00:00:00+09:00,356.5802917480469,365.25621125529864,356.5802917480469,356.5802917480469,0
2008-07-23 00:00:00+09:00,356.5802917480469,364.38861930457347,356.5802917480469,356.5802917480469,0
2008-07-24 00:00:00+09:00,356.5802917480469,368.7265790581993,356.5802917480469,356.5802917480469,0
2008-07-25 00:00:00+09:00,356.5802917480469,356.5802917480469,356.5802917480469,356.5802917480469,1000
2008-07-28 00:00:00+09:00,355.71270751953125,368.72658706292873,355.71270751953125,355.71270751953125,0
2008-07-29 00:00:00+09:00,356.5802917480469,368.7265790581993,356.5802917480469,356.5802917480469,0
2008-07-30 00:00:00+09:00,356.5802917480469,356.5802917480469,356.5802917480469,356.5802917480469,1000
2008-07-31 00:00:00+09:00,356.5802917480469,362.6534354031231,356.5802917480469,356.5802917480469,0
2008-08-01 00:00:00+09:00,360.9183044433594,360.9183044433594,360.9183044433594,360.9183044433594,1000
2008-08-04 00:00:00+09:00,361.7859191894531,363.52110345415076,361.7859191894531,361.7859191894531,0
2008-08-05 00:00:00+09:00,361.7859191894531,371.32943264529,361.7859191894531,361.7859191894531,0
2008-08-06 00:00:00+09:00,361.7859191894531,371.32943264529,361.7859191894531,361.7859191894531,0
2008-08-07 00:00:00+09:00,366.12384033203125,366.12384033203125,366.12384033203125,366.12384033203125,1000
2008-08-08 00:00:00+09:00,357.44793701171875,373.0645944539783,357.44793701171875,357.44793701171875,0
2008-08-11 00:00:00+09:00,359.18310546875,371.32939405948065,359.18310546875,359.18310546875,0
2008-08-12 00:00:00+09:00,359.18310546875,371.32939405948065,359.18310546875,359.18310546875,0
2008-08-13 00:00:00+09:00,359.18310546875,371.32939405948065,359.18310546875,359.18310546875,0
2008-08-14 00:00:00+09:00,359.18310546875,370.4618020172856,359.18310546875,359.18310546875,0
2008-08-15 00:00:00+09:00,370.4618225097656,370.4618225097656,370.4618225097656,370.4618225097656,1000
2008-08-18 00:00:00+09:00,370.4618225097656,370.4618225097656,370.4618225097656,370.4618225097656,1000
2008-08-19 00:00:00+09:00,362.6534729003906,362.6534729003906,362.6534729003906,362.6534729003906,1000
2008-08-20 00:00:00+09:00,358.31549072265625,364.38863463320973,358.31549072265625,358.31549072265625,0
2008-08-21 00:00:00+09:00,358.31549072265625,370.4617785437633,358.31549072265625,358.31549072265625,0
2008-08-22 00:00:00+09:00,358.31549072265625,358.31549072265625,358.31549072265625,358.31549072265625,1000
2008-08-25 00:00:00+09:00,358.3154756494972,358.3154756494972,356.5802917480469,356.5802917480469,2000
2008-08-26 00:00:00+09:00,353.1099548339844,369.59420333974776,353.1099548339844,353.1099548339844,0
2008-08-27 00:00:00+09:00,355.71270751953125,355.71270751953125,355.71270751953125,355.71270751953125,1000
2008-08-28 00:00:00+09:00,356.5802917480469,356.5802917480469,356.5802917480469,356.5802917480469,1000
2008-08-29 00:00:00+09:00,355.71270751953125,360.91825933689023,355.71270751953125,355.71270751953125,0
2008-09-01 00:00:00+09:00,356.5802917480469,356.5802917480469,356.5802917480469,356.5802917480469,1000
2008-09-02 00:00:00+09:00,347.036865234375,369.59426147460937,347.036865234375,347.036865234375,0
2008-09-03 00:00:00+09:00,347.036865234375,361.78593200683594,347.036865234375,347.036865234375,0
2008-09-04 00:00:00+09:00,347.9044189453125,356.58033961726545,347.9044189453125,347.9044189453125,0
2008-09-05 00:00:00+09:00,347.9044189453125,356.58033961726545,347.9044189453125,347.9044189453125,0
2008-09-08 00:00:00+09:00,325.34698486328125,356.5802954101563,325.34698486328125,325.34698486328125,0
2008-09-09 00:00:00+09:00,330.5526123046875,356.5803770530881,330.5526123046875,330.5526123046875,0
2008-09-10 00:00:00+09:00,334.89056396484375,356.58036733044247,334.89056396484375,334.89056396484375,0
2008-09-11 00:00:00+09:00,339.2284851074219,339.2284851074219,339.2284851074219,339.2284851074219,2000
2008-09-12 00:00:00+09:00,340.96368408203125,348.7720127251312,340.96368408203125,340.96368408203125,0
2008-09-16 00:00:00+09:00,340.96368408203125,340.96368408203125,340.96368408203125,340.96368408203125,1000
2008-09-17 00:00:00+09:00,344.43406727464895,344.43406727464895,342.6988830566406,342.6988830566406,2000
2008-09-18 00:00:00+09:00,336.62569469105114,336.62569469105114,334.0229187011719,334.0229187011719,3000
2008-09-19 00:00:00+09:00,347.036865234375,351.37482604980465,347.036865234375,347.036865234375,0
2008-09-22 00:00:00+09:00,339.2284851074219,351.37477357674135,339.2284851074219,339.2284851074219,0
2008-09-24 00:00:00+09:00,338.36090087890625,352.24237373547675,338.36090087890625,338.36090087890625,0
2008-09-25 00:00:00+09:00,338.36090087890625,352.24237373547675,338.36090087890625,338.36090087890625,0
2008-09-26 00:00:00+09:00,339.2284851074219,339.2284851074219,339.2284851074219,339.2284851074219,1000
2008-09-29 00:00:00+09:00,339.2284851074219,347.03681340912726,339.2284851074219,339.2284851074219,0
2008-09-30 00:00:00+09:00,343.56640625,343.56640625,343.56640625,343.56640625,1000
2008-10-01 00:00:00+09:00,344.43402099609375,353.9775329128621,344.43402099609375,344.43402099609375,0
2008-10-02 00:00:00+09:00,344.43402099609375,350.50716494312815,344.43402099609375,344.43402099609375,0
2008-10-03 00:00:00+09:00,344.43402099609375,344.43402099609375,344.43402099609375,344.43402099609375,1000
2008-10-06 00:00:00+09:00,345.3016373071915,345.3016373071915,338.36090087890625,338.36090087890625,3000
2008-10-07 00:00:00+09:00,338.36090087890625,338.36090087890625,338.36090087890625,338.36090087890625,1000
2008-10-08 00:00:00+09:00,329.6849622224506,329.6849622224506,313.2007141113281,313.2007141113281,6000
2008-10-09 00:00:00+09:00,282.83499991633806,282.83499991633806,274.15907967350563,278.4970397949219,6000
2008-10-10 00:00:00+09:00,278.4970397949219,278.4970397949219,277.6294477706386,278.4970397949219,5000
2008-10-14 00:00:00+09:00,291.5109679822977,300.1868896484375,291.5109679822977,300.1868896484375,2000
2008-10-15 00:00:00+09:00,303.6572265625,348.7720145089286,303.6572265625,303.6572265625,0
2008-10-16 00:00:00+09:00,303.6572265625,303.6572265625,303.6572265625,303.6572265625,1000
2008-10-17 00:00:00+09:00,345.3016357421875,345.3016357421875,345.3016357421875,345.3016357421875,1000
2008-10-20 00:00:00+09:00,310.59796142578125,310.59796142578125,310.59796142578125,310.59796142578125,1000
2008-10-21 00:00:00+09:00,289.7756652832031,359.1830102612158,289.7756652832031,289.7756652832031,0
2008-10-22 00:00:00+09:00,295.848876953125,345.30162178106673,295.848876953125,295.848876953125,0
2008-10-23 00:00:00+09:00,290.6433410644531,345.30164102582785,290.6433410644531,290.6433410644531,0
2008-10-24 00:00:00+09:00,312.3330993652344,345.30159318712026,312.3330993652344,312.3330993652344,0
2008-10-27 00:00:00+09:00,297.5840759277344,297.5840759277344,297.5840759277344,297.5840759277344,1000
2008-10-28 00:00:00+09:00,297.5840759277344,297.5840759277344,297.5840759277344,297.5840759277344,3000
2008-10-29 00:00:00+09:00,297.5840759277344,297.5840759277344,297.5840759277344,297.5840759277344,1000
2008-10-30 00:00:00+09:00,316.6710510253906,316.6710510253906,316.6710510253906,316.6710510253906,1000
2008-10-31 00:00:00+09:00,312.3330993652344,335.758081817627,312.3330993652344,312.3330993652344,0
2008-11-04 00:00:00+09:00,316.6710510253906,344.4339924851509,316.6710510253906,316.6710510253906,0
2008-11-05 00:00:00+09:00,327.9497985839844,327.9497985839844,327.9497985839844,327.9497985839844,1000
2008-11-06 00:00:00+09:00,319.27386474609375,363.52105795818824,319.27386474609375,319.27386474609375,0
2008-11-07 00:00:00+09:00,321.009033203125,363.5210403029983,321.009033203125,321.009033203125,0
2008-11-10 00:00:00+09:00,322.7442321777344,367.8590173208585,322.7442321777344,322.7442321777344,0
2008-11-11 00:00:00+09:00,323.6117858886719,363.5210141752105,323.6117858886719,323.6117858886719,0
2008-11-12 00:00:00+09:00,323.6117858886719,361.78583033666536,323.6117858886719,323.6117858886719,0
2008-11-13 00:00:00+09:00,323.6117858886719,361.78583033666536,323.6117858886719,323.6117858886719,0
2008-11-14 00:00:00+09:00,324.47943115234375,345.30164063805563,324.47943115234375,324.47943115234375,0
2008-11-17 00:00:00+09:00,329.6849365234375,344.4339994731702,329.6849365234375,329.6849365234375,0
2008-11-18 00:00:00+09:00,330.5526123046875,344.4340868371678,330.5526123046875,330.5526123046875,0
2008-11-19 00:00:00+09:00,330.5526123046875,344.4340868371678,330.5526123046875,330.5526123046875,0
2008-11-20 00:00:00+09:00,330.5526123046875,344.4340868371678,330.5526123046875,330.5526123046875,0
2008-11-21 00:00:00+09:00,330.5525800611795,337.4933166503906,330.5525800611795,337.4933166503906,2000
2008-11-25 00:00:00+09:00,330.5526123046875,330.5526123046875,330.5526123046875,330.5526123046875,1000
2008-11-26 00:00:00+09:00,329.6849365234375,334.02289621453536,329.6849365234375,329.6849365234375,0
2008-11-27 00:00:00+09:00,329.6849365234375,333.1553042763158,329.6849365234375,329.6849365234375,0
2008-11-28 00:00:00+09:00,333.15533447265625,333.15533447265625,333.15533447265625,333.15533447265625,1000
2008-12-01 00:00:00+09:00,333.15533447265625,345.3016227086385,333.15533447265625,333.15533447265625,0
2008-12-02 00:00:00+09:00,333.15533447265625,345.3016227086385,333.15533447265625,333.15533447265625,0
2008-12-03 00:00:00+09:00,334.0229187011719,342.6988386674361,334.0229187011719,334.0229187011719,0
2008-12-04 00:00:00+09:00,334.89056396484375,342.6988931764593,334.89056396484375,334.89056396484375,0
2008-12-05 00:00:00+09:00,334.89056396484375,342.6988931764593,334.89056396484375,334.89056396484375,0
2008-12-08 00:00:00+09:00,342.698859593377,345.3016357421875,342.698859593377,345.3016357421875,2000
2008-12-09 00:00:00+09:00,347.036865234375,364.3887084960937,347.036865234375,347.036865234375,0
2008-12-10 00:00:00+09:00,359.18310546875,359.18310546875,359.18310546875,359.18310546875,1000
2008-12-11 00:00:00+09:00,360.05068904175675,363.52105712890625,360.05068904175675,363.52105712890625,2000
2008-12-12 00:00:00+09:00,352.24242497673697,352.24242497673697,349.6396484375,349.6396484375,2000
2008-12-15 00:00:00+09:00,362.6534729003906,362.6534729003906,362.6534729003906,362.6534729003906,2000
2008-12-16 00:00:00+09:00,347.036865234375,361.78593200683594,347.036865234375,347.036865234375,0
2008-12-17 00:00:00+09:00,351.3747863769531,361.7858911584925,351.3747863769531,351.3747863769531,0
2008-12-18 00:00:00+09:00,346.16925048828125,361.7859084050458,346.16925048828125,346.16925048828125,0
2008-12-19 00:00:00+09:00,350.5072021484375,361.78589924727333,350.5072021484375,350.5072021484375,0
2008-12-22 00:00:00+09:00,350.5072021484375,362.65349133179916,350.5072021484375,350.5072021484375,0
2008-12-24 00:00:00+09:00,360.0506591796875,360.0506591796875,360.0506591796875,360.0506591796875,1000
2008-12-25 00:00:00+09:00,334.89056396484375,363.52110440743405,334.89056396484375,334.89056396484375,0
2008-12-26 00:00:00+09:00,347.9044189453125,373.9321809611713,347.9044189453125,347.9044189453125,0
2008-12-29 00:00:00+09:00,354.84521484375,368.7266902410605,354.84521484375,354.84521484375,0
2008-12-30 00:00:00+09:00,348.77203369140625,365.2562840400051,348.77203369140625,348.77203369140625,0
2009-01-05 00:00:00+09:00,360.0506591796875,360.0506591796875,360.0506591796875,360.0506591796875,1000
2009-01-06 00:00:00+09:00,355.71270751953125,360.0506673673304,355.71270751953125,355.71270751953125,0
2009-01-07 00:00:00+09:00,360.0506591796875,360.0506591796875,360.0506591796875,360.0506591796875,1000
2009-01-08 00:00:00+09:00,351.3747863769531,351.3747863769531,351.3747863769531,351.3747863769531,2000
2009-01-09 00:00:00+09:00,334.0229187011719,351.3747586337003,334.0229187011719,334.0229187011719,0
2009-01-13 00:00:00+09:00,325.34698486328125,355.71270345052085,325.34698486328125,325.34698486328125,0
2009-01-14 00:00:00+09:00,345.3016357421875,355.7127403374293,345.3016357421875,345.3016357421875,0
2009-01-15 00:00:00+09:00,343.56640625,355.7126933396465,343.56640625,343.56640625,0
2009-01-16 00:00:00+09:00,339.2284851074219,356.5803257778782,339.2284851074219,339.2284851074219,0
2009-01-19 00:00:00+09:00,347.036865234375,347.036865234375,347.036865234375,347.036865234375,1000
2009-01-20 00:00:00+09:00,338.36090087890625,356.58033400315503,338.36090087890625,338.36090087890625,0
2009-01-21 00:00:00+09:00,340.0960388183594,356.58028559782065,340.0960388183594,340.0960388183594,0
2009-01-22 00:00:00+09:00,340.0960388183594,355.7126936620595,340.0960388183594,340.0960388183594,0
2009-01-23 00:00:00+09:00,340.0960388183594,355.7126936620595,340.0960388183594,340.0960388183594,0
2009-01-26 00:00:00+09:00,338.36090087890625,354.84514989608374,338.36090087890625,338.36090087890625,0
2009-01-27 00:00:00+09:00,338.36090087890625,364.38866248497595,338.36090087890625,338.36090087890625,0
2009-01-28 00:00:00+09:00,342.6988830566406,364.38868578174447,342.6988830566406,342.6988830566406,0
2009-01-29 00:00:00+09:00,355.71270751953125,364.3886272151296,355.71270751953125,355.71270751953125,0
2009-01-30 00:00:00+09:00,355.71270751953125,355.71270751953125,355.71270751953125,355.71270751953125,1000
2009-02-02 00:00:00+09:00,347.036865234375,366.1238928222656,347.036865234375,347.036865234375,0
2009-02-03 00:00:00+09:00,366.12384033203125,366.12384033203125,366.12384033203125,366.12384033203125,1000
2009-02-04 00:00:00+09:00,364.388671875,364.388671875,364.388671875,364.388671875,1000
2009-02-05 00:00:00+09:00,368.72662353515625,368.72662353515625,368.72662353515625,368.72662353515625,1000
2009-02-06 00:00:00+09:00,353.9775085449219,366.991387535544,353.9775085449219,353.9775085449219,0
2009-02-09 00:00:00+09:00,353.9775085449219,373.064531064501,353.9775085449219,353.9775085449219,0
2009-02-10 00:00:00+09:00,354.84510047763,354.84510047763,353.9775085449219,353.9775085449219,3000
2009-02-12 00:00:00+09:00,358.31549072265625,358.31549072265625,358.31549072265625,358.31549072265625,1000
2009-02-13 00:00:00+09:00,357.44793701171875,357.44793701171875,357.44793701171875,357.44793701171875,1000
2009-02-16 00:00:00+09:00,349.6396484375,349.6396484375,349.6396484375,349.6396484375,1000
2009-02-17 00:00:00+09:00,350.5072021484375,350.5072021484375,350.5072021484375,350.5072021484375,1000
2009-02-18 00:00:00+09:00,349.6396484375,358.31557023495657,349.6396484375,349.6396484375,0
2009-02-19 00:00:00+09:00,349.6396484375,357.4479780552109,349.6396484375,349.6396484375,0
2009-02-20 00:00:00+09:00,349.6396484375,349.6396484375,349.6396484375,349.6396484375,1000
2009-02-23 00:00:00+09:00,349.6396484375,357.4479780552109,349.6396484375,349.6396484375,0
2009-02-24 00:00:00+09:00,349.6396484375,349.6396484375,349.6396484375,349.6396484375,1000
2009-02-25 00:00:00+09:00,347.9044189453125,356.58033961726545,347.9044189453125,347.9044189453125,0
2009-02-26 00:00:00+09:00,347.9044189453125,357.44793168446074,347.9044189453125,347.9044189453125,0
2009-02-27 00:00:00+09:00,351.3747863769531,357.4479308328511,351.3747863769531,351.3747863769531,0
2009-03-02 00:00:00+09:00,351.3747863769531,351.3747863769531,351.3747863769531,351.3747863769531,1000
2009-03-03 00:00:00+09:00,355.71270751953125,355.71270751953125,355.71270751953125,355.71270751953125,1000
2009-03-04 00:00:00+09:00,351.3747863769531,358.31552289797935,351.3747863769531,351.3747863769531,0
2009-03-05 00:00:00+09:00,355.71270751953125,355.71270751953125,355.71270751953125,355.71270751953125,1000
2009-03-06 00:00:00+09:00,360.0506591796875,360.0506591796875,360.0506591796875,360.0506591796875,1000
2009-03-09 00:00:00+09:00,353.9775085449219,363.52101980471144,353.9775085449219,353.9775085449219,0
2009-03-10 00:00:00+09:00,357.44793701171875,357.44793701171875,357.44793701171875,357.44793701171875,1000
2009-03-11 00:00:00+09:00,360.0506591796875,360.0506591796875,360.0506591796875,360.0506591796875,1000
2009-03-12 00:00:00+09:00,355.71270751953125,355.71270751953125,355.71270751953125,355.71270751953125,1000
2009-03-13 00:00:00+09:00,355.71270751953125,355.71270751953125,355.71270751953125,355.71270751953125,2000
2009-03-16 00:00:00+09:00,354.84521484375,354.84521484375,354.84521484375,354.84521484375,1000
2009-03-17 00:00:00+09:00,354.8451155499714,355.71270751953125,354.8451155499714,355.71270751953125,2000
2009-03-18 00:00:00+09:00,355.71270751953125,355.71270751953125,355.71270751953125,355.71270751953125,1000
2009-03-19 00:00:00+09:00,351.3747863769531,361.7858911584925,351.3747863769531,351.3747863769531,0
2009-03-23 00:00:00+09:00,361.7859191894531,361.7859191894531,361.7859191894531,361.7859191894531,1000
2009-03-24 00:00:00+09:00,360.9182888195275,362.6534729003906,360.9182888195275,362.6534729003906,3000
2009-03-25 00:00:00+09:00,368.7266150186228,373.0645751953125,366.9914309479469,373.0645751953125,4000
2009-03-26 00:00:00+09:00,351.3747476717321,355.71270751953125,351.3747476717321,355.71270751953125,2000
2009-03-27 00:00:00+09:00,352.2424182128906,352.2424182128906,347.036865234375,347.036865234375,3000
2009-03-30 00:00:00+09:00,342.6988830566406,360.0507252367237,342.6988830566406,342.6988830566406,0
2009-03-31 00:00:00+09:00,343.56640625,364.38861268939394,343.56640625,343.56640625,0
2009-04-01 00:00:00+09:00,329.6849365234375,358.3154704846834,329.6849365234375,329.6849365234375,0
2009-04-02 00:00:00+09:00,329.6849365234375,357.4478785464638,329.6849365234375,329.6849365234375,0
2009-04-03 00:00:00+09:00,326.214599609375,355.71272829745675,326.214599609375,326.214599609375,0
2009-04-06 00:00:00+09:00,330.5526123046875,353.97760057824803,330.5526123046875,330.5526123046875,0
2009-04-07 00:00:00+09:00,331.4201354980469,353.9775269193799,331.4201354980469,331.4201354980469,0
2009-04-08 00:00:00+09:00,334.89056396484375,353.9775909265706,334.89056396484375,334.89056396484375,0
2009-04-09 00:00:00+09:00,334.0229187011719,347.0367986505682,334.0229187011719,334.0229187011719,0
2009-04-10 00:00:00+09:00,334.0229187011719,347.0367986505682,334.0229187011719,334.0229187011719,0
2009-04-13 00:00:00+09:00,334.89056396484375,347.036853849579,334.89056396484375,334.89056396484375,0
2009-04-14 00:00:00+09:00,337.4933166503906,347.0368294605559,337.4933166503906,337.4933166503906,0
2009-04-15 00:00:00+09:00,338.36090087890625,347.0368214142628,338.36090087890625,338.36090087890625,0
2009-04-16 00:00:00+09:00,340.96368408203125,347.0368285822201,340.96368408203125,340.96368408203125,0
2009-04-17 00:00:00+09:00,347.03681340912726,347.03681340912726,339.2284851074219,339.2284851074219,3000
2009-04-20 00:00:00+09:00,337.49327107116545,337.49327107116545,335.7580871582031,335.7580871582031,2000
2009-04-21 00:00:00+09:00,332.2877197265625,332.2877197265625,332.2877197265625,332.2877197265625,1000
2009-04-22 00:00:00+09:00,332.2877197265625,332.2877197265625,332.2877197265625,332.2877197265625,1000
2009-04-23 00:00:00+09:00,329.6849365234375,338.36085590563323,329.6849365234375,329.6849365234375,0
2009-04-24 00:00:00+09:00,330.5526123046875,338.3609417292077,330.5526123046875,330.5526123046875,0
2009-04-27 00:00:00+09:00,328.8173828125,338.36089524241424,328.8173828125,328.8173828125,0
2009-04-28 00:00:00+09:00,327.9497985839844,327.9497985839844,327.9497985839844,327.9497985839844,2000
2009-04-30 00:00:00+09:00,329.6849365234375,329.6849365234375,329.6849365234375,329.6849365234375,1000
2009-05-01 00:00:00+09:00,329.6849365234375,338.36085590563323,329.6849365234375,329.6849365234375,0
2009-05-07 00:00:00+09:00,329.6849365234375,329.6849365234375,329.6849365234375,329.6849365234375,1000
2009-05-08 00:00:00+09:00,329.6849365234375,329.6849365234375,329.6849365234375,329.6849365234375,1000
2009-05-11 00:00:00+09:00,313.2007141113281,338.3608822809362,313.2007141113281,313.2007141113281,0
2009-05-12 00:00:00+09:00,338.36090087890625,338.36090087890625,338.36090087890625,338.36090087890625,1000
2009-05-13 00:00:00+09:00,325.34698486328125,338.3608642578125,325.34698486328125,325.34698486328125,0
2009-05-14 00:00:00+09:00,325.34698486328125,342.6988240559896,325.34698486328125,325.34698486328125,0
2009-05-15 00:00:00+09:00,325.34698486328125,341.8312320963542,325.34698486328125,325.34698486328125,0
2009-05-18 00:00:00+09:00,327.08221435546875,344.43405596583847,327.08221435546875,327.08221435546875,0
2009-05-19 00:00:00+09:00,328.8173828125,328.8173828125,328.8173828125,328.8173828125,1000
2009-05-20 00:00:00+09:00,329.6849365234375,329.6849365234375,329.6849365234375,329.6849365234375,2000
2009-05-21 00:00:00+09:00,329.6849365234375,338.36085590563323,329.6849365234375,329.6849365234375,0
2009-05-22 00:00:00+09:00,329.6849365234375,329.6849365234375,329.6849365234375,329.6849365234375,1000
2009-05-25 00:00:00+09:00,328.8173828125,337.49330320333115,328.8173828125,328.8173828125,0
2009-05-26 00:00:00+09:00,329.6849365234375,337.49326396741367,329.6849365234375,329.6849365234375,0
2009-05-27 00:00:00+09:00,329.6849365234375,337.49326396741367,329.6849365234375,329.6849365234375,0
2009-05-28 00:00:00+09:00,330.5526123046875,337.49334957092765,330.5526123046875,330.5526123046875,0
2009-05-29 00:00:00+09:00,329.6849365234375,337.49326396741367,329.6849365234375,329.6849365234375,0
2009-06-01 00:00:00+09:00,330.5526123046875,337.49334957092765,330.5526123046875,330.5526123046875,0
2009-06-02 00:00:00+09:00,332.2877197265625,347.0367830042428,332.2877197265625,332.2877197265625,0
2009-06-03 00:00:00+09:00,331.4201354980469,342.6988312087134,331.4201354980469,331.4201354980469,0
2009-06-04 00:00:00+09:00,330.5526123046875,339.2285338874877,330.5526123046875,330.5526123046875,0
2009-06-05 00:00:00+09:00,331.4201354980469,342.6988312087134,331.4201354980469,331.4201354980469,0
2009-06-08 00:00:00+09:00,333.15533447265625,337.4932945569356,333.15533447265625,333.15533447265625,0
2009-06-09 00:00:00+09:00,333.15533447265625,337.4932945569356,333.15533447265625,333.15533447265625,0
2009-06-10 00:00:00+09:00,337.4933166503906,337.4933166503906,337.4933166503906,337.4933166503906,1000
2009-06-11 00:00:00+09:00,337.4933166503906,345.3016453132531,337.4933166503906,337.4933166503906,0
2009-06-12 00:00:00+09:00,337.4933166503906,337.4933166503906,337.4933166503906,337.4933166503906,1000
2009-06-15 00:00:00+09:00,337.4933166503906,337.4933166503906,337.4933166503906,337.4933166503906,1000
2009-06-16 00:00:00+09:00,339.2284851074219,339.2284851074219,339.2284851074219,339.2284851074219,2000
2009-06-17 00:00:00+09:00,339.2284851074219,339.2284851074219,339.2284851074219,339.2284851074219,1000
2009-06-18 00:00:00+09:00,339.2284929324419,339.2284929324419,338.36090087890625,338.36090087890625,2000
2009-06-19 00:00:00+09:00,339.2284851074219,346.1692213756044,339.2284851074219,339.2284851074219,0
2009-06-22 00:00:00+09:00,340.96368408203125,346.16923651076456,340.96368408203125,340.96368408203125,0
2009-06-23 00:00:00+09:00,339.2284851074219,346.1692213756044,339.2284851074219,339.2284851074219,0
2009-06-24 00:00:00+09:00,339.2284851074219,339.2284851074219,339.2284851074219,339.2284851074219,1000
2009-06-25 00:00:00+09:00,321.009033203125,346.16920067039695,321.009033203125,321.009033203125,0
2009-06-26 00:00:00+09:00,339.2284851074219,346.1692213756044,339.2284851074219,339.2284851074219,0
2009-06-29 00:00:00+09:00,338.36090087890625,346.1692293607272,338.36090087890625,338.36090087890625,0
2009-06-30 00:00:00+09:00,338.36090087890625,345.3016373071915,338.36090087890625,338.36090087890625,0
2009-07-01 00:00:00+09:00,339.2284851074219,345.3016293420816,339.2284851074219,339.2284851074219,0
2009-07-02 00:00:00+09:00,345.3016357421875,345.3016357421875,345.3016357421875,345.3016357421875,2000
2009-07-03 00:00:00+09:00,346.16925048828125,346.16925048828125,346.16925048828125,346.16925048828125,1000
2009-07-06 00:00:00+09:00,347.03684944418535,348.77203369140625,347.03684944418535,348.77203369140625,2000
2009-07-07 00:00:00+09:00,348.77203369140625,348.77203369140625,348.77203369140625,348.77203369140625,1000
2009-07-08 00:00:00+09:00,347.036865234375,351.37482604980465,347.036865234375,347.036865234375,0
2009-07-09 00:00:00+09:00,347.036865234375,351.37482604980465,347.036865234375,347.036865234375,0
2009-07-10 00:00:00+09:00,347.036865234375,347.036865234375,347.036865234375,347.036865234375,1000
2009-07-13 00:00:00+09:00,339.2284851074219,351.37477357674135,339.2284851074219,339.2284851074219,0
2009-07-14 00:00:00+09:00,339.2284851074219,351.37477357674135,339.2284851074219,339.2284851074219,0
2009-07-15 00:00:00+09:00,339.2284851074219,351.37477357674135,339.2284851074219,339.2284851074219,0
2009-07-16 00:00:00+09:00,342.6988830566406,351.37480414668215,342.6988830566406,342.6988830566406,0
2009-07-17 00:00:00+09:00,347.036865234375,351.37482604980465,347.036865234375,347.036865234375,0
2009-07-21 00:00:00+09:00,343.56640625,351.37473366477275,343.56640625,343.56640625,0
2009-07-22 00:00:00+09:00,343.56640625,343.56640625,343.56640625,343.56640625,1000
2009-07-23 00:00:00+09:00,347.0367969733942,347.0367969733942,344.43402099609375,344.43402099609375,2000
2009-07-24 00:00:00+09:00,344.43402099609375,350.50716494312815,344.43402099609375,344.43402099609375,0
2009-07-27 00:00:00+09:00,347.03683381033414,350.5072021484375,347.03683381033414,350.5072021484375,2000
2009-07-28 00:00:00+09:00,347.036865234375,351.37482604980465,347.036865234375,347.036865234375,0
2009-07-29 00:00:00+09:00,347.036865234375,351.37482604980465,347.036865234375,347.036865234375,0
2009-07-30 00:00:00+09:00,347.036865234375,351.37482604980465,347.036865234375,347.036865234375,0
2009-07-31 00:00:00+09:00,343.56640625,351.37473366477275,343.56640625,343.56640625,0
2009-08-03 00:00:00+09:00,348.77203369140625,351.37481006223766,348.77203369140625,348.77203369140625,0
2009-08-04 00:00:00+09:00,351.3747863769531,351.3747863769531,351.3747863769531,351.3747863769531,1000
2009-08-05 00:00:00+09:00,351.3747476717321,355.71270751953125,351.3747476717321,355.71270751953125,2000
2009-08-06 00:00:00+09:00,343.56640625,357.44787720959596,343.56640625,343.56640625,0
2009-08-07 00:00:00+09:00,343.56640625,355.7126933396465,343.56640625,343.56640625,0
2009-08-10 00:00:00+09:00,342.6988603620965,342.6988603620965,341.8312683105469,341.8312683105469,2000
2009-08-11 00:00:00+09:00,343.56640625,343.56640625,343.56640625,343.56640625,2000
2009-08-12 00:00:00+09:00,340.96368408203125,340.96368408203125,340.96368408203125,340.96368408203125,2000
2009-08-13 00:00:00+09:00,343.56640625,343.56640625,343.56640625,343.56640625,1000
2009-08-14 00:00:00+09:00,340.96368408203125,340.96368408203125,340.96368408203125,340.96368408203125,1000
2009-08-17 00:00:00+09:00,340.96368408203125,340.96368408203125,340.96368408203125,340.96368408203125,1000
2009-08-18 00:00:00+09:00,340.0960388183594,345.3015904329261,340.0960388183594,340.0960388183594,0
2009-08-19 00:00:00+09:00,340.96368408203125,345.30164443930903,340.96368408203125,340.96368408203125,0
2009-08-20 00:00:00+09:00,340.96368408203125,347.0368285822201,340.96368408203125,340.96368408203125,0
2009-08-21 00:00:00+09:00,340.96368408203125,340.96368408203125,340.96368408203125,340.96368408203125,1000
2009-08-24 00:00:00+09:00,338.36090087890625,345.3016373071915,338.36090087890625,338.36090087890625,0
2009-08-25 00:00:00+09:00,338.36090087890625,345.3016373071915,338.36090087890625,338.36090087890625,0
2009-08-26 00:00:00+09:00,339.2284851074219,345.3016293420816,339.2284851074219,339.2284851074219,0
2009-08-27 00:00:00+09:00,341.8312226898816,341.8312226898816,340.0960388183594,340.0960388183594,3000
2009-08-28 00:00:00+09:00,340.0960388183594,344.43399849716496,340.0960388183594,340.0960388183594,0
2009-08-31 00:00:00+09:00,340.0960388183594,359.183061405104,340.0960388183594,340.0960388183594,0
2009-09-02 00:00:00+09:00,345.3016357421875,345.3016357421875,345.3016357421875,345.3016357421875,1000
2009-09-03 00:00:00+09:00,343.56640625,346.16918205492425,343.56640625,343.56640625,0
2009-09-04 00:00:00+09:00,343.56640625,345.30159011994954,343.56640625,343.56640625,0
2009-09-07 00:00:00+09:00,338.36090087890625,343.5664532001202,338.36090087890625,338.36090087890625,0
2009-09-08 00:00:00+09:00,343.56640625,343.56640625,343.56640625,343.56640625,1000
2009-09-09 00:00:00+09:00,340.0960388183594,344.43399849716496,340.0960388183594,340.0960388183594,0
2009-09-10 00:00:00+09:00,344.43402099609375,344.43402099609375,344.43402099609375,344.43402099609375,1000
2009-09-11 00:00:00+09:00,344.43402099609375,344.43402099609375,344.43402099609375,344.43402099609375,2000
2009-09-14 00:00:00+09:00,344.43402099609375,344.43402099609375,344.43402099609375,344.43402099609375,0
2009-09-15 00:00:00+09:00,344.43402099609375,347.9043889658277,344.43402099609375,344.43402099609375,0
2009-09-16 00:00:00+09:00,344.43402099609375,347.9043889658277,344.43402099609375,344.43402099609375,0
2009-09-17 00:00:00+09:00,344.43399818497477,344.43399818497477,343.56640625,343.56640625,2000
2009-09-18 00:00:00+09:00,340.0960388183594,347.90436624020947,340.0960388183594,340.0960388183594,0
2009-09-21 00:00:00+09:00,340.0960388183594,340.0960388183594,340.0960388183594,340.0960388183594,0
2009-09-24 00:00:00+09:00,340.0960388183594,346.1691823686872,340.0960388183594,340.0960388183594,0
2009-09-25 00:00:00+09:00,338.36090087890625,338.36090087890625,338.36090087890625,338.36090087890625,1000
2009-09-28 00:00:00+09:00,340.0960388183594,340.0960388183594,340.0960388183594,340.0960388183594,1000
2009-09-29 00:00:00+09:00,338.36090087890625,348.7720055213341,338.36090087890625,338.36090087890625,0
2009-09-30 00:00:00+09:00,339.2284851074219,348.7719974761729,339.2284851074219,339.2284851074219,0
2009-10-01 00:00:00+09:00,339.2284851074219,346.1692213756044,339.2284851074219,339.2284851074219,0
2009-10-02 00:00:00+09:00,339.2284851074219,348.7719974761729,339.2284851074219,339.2284851074219,0
2009-10-05 00:00:00+09:00,339.2284851074219,339.2284851074219,339.2284851074219,339.2284851074219,2000
2009-10-06 00:00:00+09:00,334.89056396484375,347.036853849579,334.89056396484375,334.89056396484375,0
2009-10-07 00:00:00+09:00,334.89056396484375,347.036853849579,334.89056396484375,334.89056396484375,0
2009-10-08 00:00:00+09:00,347.036865234375,347.036865234375,347.036865234375,347.036865234375,1000
2009-10-09 00:00:00+09:00,335.7580871582031,347.9043745489392,335.7580871582031,335.7580871582031,0
2009-10-13 00:00:00+09:00,334.89056396484375,347.036853849579,334.89056396484375,334.89056396484375,0
2009-10-14 00:00:00+09:00,347.036865234375,347.90445739746093,347.036865234375,347.036865234375,0
2009-10-15 00:00:00+09:00,343.56640625,348.7719578598485,343.56640625,343.56640625,0
2009-10-16 00:00:00+09:00,347.036865234375,347.036865234375,347.036865234375,347.036865234375,1000
2009-10-19 00:00:00+09:00,343.56640625,346.16918205492425,343.56640625,343.56640625,0
2009-10-20 00:00:00+09:00,343.56640625,346.16918205492425,343.56640625,343.56640625,0
2009-10-21 00:00:00+09:00,343.56640625,346.16918205492425,343.56640625,343.56640625,0
2009-10-22 00:00:00+09:00,343.56640625,343.56640625,343.56640625,343.56640625,1000
2009-10-23 00:00:00+09:00,343.56640625,343.56640625,343.56640625,343.56640625,1000
2009-10-26 00:00:00+09:00,343.56640625,343.56640625,343.56640625,343.56640625,1000
2009-10-27 00:00:00+09:00,343.5664751656448,343.5664751656448,342.6988830566406,342.6988830566406,2000
2009-10-28 00:00:00+09:00,339.2284851074219,346.1692213756044,339.2284851074219,339.2284851074219,0
2009-10-29 00:00:00+09:00,339.2284851074219,346.1692213756044,339.2284851074219,339.2284851074219,0
2009-10-30 00:00:00+09:00,339.2284851074219,346.1692213756044,339.2284851074219,339.2284851074219,0
2009-11-02 00:00:00+09:00,342.6988830566406,346.1692514926572,342.6988830566406,342.6988830566406,0
2009-11-04 00:00:00+09:00,342.6988830566406,346.1692514926572,342.6988830566406,342.6988830566406,0
2009-11-05 00:00:00+09:00,346.16925048828125,346.16925048828125,346.16925048828125,346.16925048828125,1000
2009-11-06 00:00:00+09:00,353.1099548339844,353.1099548339844,353.1099548339844,353.1099548339844,1000
2009-11-09 00:00:00+09:00,353.1099548339844,363.5210591534139,353.1099548339844,353.1099548339844,0
2009-11-10 00:00:00+09:00,339.2284851074219,339.2284851074219,339.2284851074219,339.2284851074219,1000
2009-11-11 00:00:00+09:00,339.2284851074219,346.1692213756044,339.2284851074219,339.2284851074219,0
2009-11-12 00:00:00+09:00,340.96368408203125,340.96368408203125,340.96368408203125,340.96368408203125,1000
2009-11-13 00:00:00+09:00,347.036865234375,347.036865234375,347.036865234375,347.036865234375,1000
2009-11-16 00:00:00+09:00,338.36090087890625,360.05070221729767,338.36090087890625,338.36090087890625,0
2009-11-17 00:00:00+09:00,338.36090087890625,360.05070221729767,338.36090087890625,338.36090087890625,0
2009-11-18 00:00:00+09:00,338.36090087890625,347.0368214142628,338.36090087890625,338.36090087890625,0
2009-11-19 00:00:00+09:00,338.36090087890625,338.36090087890625,338.36090087890625,338.36090087890625,1000
2009-11-20 00:00:00+09:00,329.6849365234375,347.03677528782896,329.6849365234375,329.6849365234375,0
2009-11-24 00:00:00+09:00,338.36090087890625,347.0368214142628,338.36090087890625,338.36090087890625,0
2009-11-25 00:00:00+09:00,338.36090087890625,346.1692293607272,338.36090087890625,338.36090087890625,0
2009-11-26 00:00:00+09:00,338.36090087890625,338.36090087890625,338.36090087890625,338.36090087890625,2000
2009-11-27 00:00:00+09:00,325.34698486328125,338.3608642578125,325.34698486328125,325.34698486328125,0
2009-11-30 00:00:00+09:00,329.6849365234375,329.6849365234375,329.6849365234375,329.6849365234375,1000
2009-12-01 00:00:00+09:00,329.6849365234375,338.36085590563323,329.6849365234375,329.6849365234375,0
2009-12-02 00:00:00+09:00,330.5526123046875,330.5526123046875,330.5526123046875,330.5526123046875,1000
2009-12-03 00:00:00+09:00,330.55252846165706,330.55252846165706,329.6849365234375,329.6849365234375,5000
2009-12-04 00:00:00+09:00,330.5526123046875,338.3609417292077,330.5526123046875,330.5526123046875,0
2009-12-07 00:00:00+09:00,331.4201354980469,338.3608713199955,331.4201354980469,331.4201354980469,0
2009-12-08 00:00:00+09:00,332.2877197265625,338.3608634291367,332.2877197265625,332.2877197265625,0
2009-12-09 00:00:00+09:00,333.15533447265625,338.3608865737915,333.15533447265625,333.15533447265625,0
2009-12-10 00:00:00+09:00,334.0229187011719,338.360878684304,334.0229187011719,334.0229187011719,0
2009-12-11 00:00:00+09:00,333.15533447265625,333.15533447265625,333.15533447265625,333.15533447265625,2000
2009-12-14 00:00:00+09:00,338.36090087890625,347.0368214142628,338.36090087890625,338.36090087890625,0
2009-12-15 00:00:00+09:00,346.16925048828125,346.16925048828125,346.16925048828125,346.16925048828125,1000
2009-12-16 00:00:00+09:00,346.16925048828125,346.16925048828125,346.16925048828125,346.16925048828125,1000
2009-12-17 00:00:00+09:00,334.0229187011719,346.1692066539418,334.0229187011719,334.0229187011719,0
2009-12-18 00:00:00+09:00,334.89056396484375,346.1692617149551,334.89056396484375,334.89056396484375,0
2009-12-21 00:00:00+09:00,346.16925048828125,346.16925048828125,346.16925048828125,346.16925048828125,1000
2009-12-22 00:00:00+09:00,336.6256408691406,370.4617233276367,336.6256408691406,336.6256408691406,0
2009-12-24 00:00:00+09:00,337.4933166503906,337.4933166503906,337.4933166503906,337.4933166503906,1000
2009-12-25 00:00:00+09:00,336.6256408691406,363.52098846435547,336.6256408691406,336.6256408691406,0
2009-12-28 00:00:00+09:00,330.5526123046875,367.8590751107283,330.5526123046875,330.5526123046875,0
2009-12-29 00:00:00+09:00,330.5526123046875,330.5526123046875,330.5526123046875,330.5526123046875,0
2009-12-30 00:00:00+09:00,337.4933166503906,337.4933166503906,337.4933166503906,337.4933166503906,1000
2010-01-04 00:00:00+09:00,337.4933166503906,347.0368294605559,337.4933166503906,337.4933166503906,0
2010-01-05 00:00:00+09:00,330.5526123046875,330.5526123046875,330.5526123046875,330.5526123046875,6000
2010-01-06 00:00:00+09:00,337.4933166503906,337.4933166503906,337.4933166503906,337.4933166503906,1000
2010-01-07 00:00:00+09:00,337.4933166503906,337.4933166503906,337.4933166503906,337.4933166503906,1000
2010-01-08 00:00:00+09:00,339.2284851074219,339.2284851074219,339.2284851074219,339.2284851074219,1000
2010-01-12 00:00:00+09:00,344.43402099609375,344.43402099609375,344.43402099609375,344.43402099609375,1000
2010-01-13 00:00:00+09:00,344.43402099609375,344.43402099609375,344.43402099609375,344.43402099609375,1000
2010-01-14 00:00:00+09:00,344.43402099609375,346.1692049809607,344.43402099609375,344.43402099609375,0
2010-01-15 00:00:00+09:00,344.43402099609375,344.43402099609375,344.43402099609375,344.43402099609375,1000
2010-01-18 00:00:00+09:00,346.16927307128907,347.036865234375,346.16927307128907,347.036865234375,2000
2010-01-19 00:00:00+09:00,344.43402099609375,344.43402099609375,344.43402099609375,344.43402099609375,1000
2010-01-20 00:00:00+09:00,344.43402099609375,368.72659678423133,344.43402099609375,344.43402099609375,0
2010-01-21 00:00:00+09:00,343.56640625,343.56640625,343.56640625,343.56640625,1000
2010-01-22 00:00:00+09:00,340.96368408203125,347.0368285822201,340.96368408203125,340.96368408203125,0
2010-01-25 00:00:00+09:00,343.56640625,347.036773989899,343.56640625,343.56640625,0
2010-01-26 00:00:00+09:00,344.43402099609375,344.43402099609375,344.43402099609375,344.43402099609375,1000
2010-01-27 00:00:00+09:00,342.6988830566406,366.99146210875693,342.6988830566406,342.6988830566406,0
2010-01-28 00:00:00+09:00,342.6988830566406,346.1692514926572,342.6988830566406,342.6988830566406,0
2010-01-29 00:00:00+09:00,342.6988830566406,346.1692514926572,342.6988830566406,342.6988830566406,0
2010-02-01 00:00:00+09:00,344.43402099609375,344.43402099609375,344.43402099609375,344.43402099609375,2000
2010-02-02 00:00:00+09:00,344.43402099609375,344.43402099609375,344.43402099609375,344.43402099609375,0
2010-02-03 00:00:00+09:00,346.16925048828125,346.16925048828125,346.16925048828125,346.16925048828125,1000
2010-02-04 00:00:00+09:00,346.16918205492425,346.16918205492425,343.56640625,343.56640625,2000
2010-02-05 00:00:00+09:00,339.2284851074219,367.8590222136749,339.2284851074219,339.2284851074219,0
2010-02-08 00:00:00+09:00,342.6988830566406,366.1238699997528,342.6988830566406,342.6988830566406,0
2010-02-09 00:00:00+09:00,342.6988830566406,351.37480414668215,342.6988830566406,342.6988830566406,0
2010-02-10 00:00:00+09:00,342.6988830566406,351.37480414668215,342.6988830566406,342.6988830566406,0
2010-02-12 00:00:00+09:00,344.43402099609375,350.50716494312815,344.43402099609375,344.43402099609375,0
2010-02-15 00:00:00+09:00,344.43402099609375,344.43402099609375,344.43402099609375,344.43402099609375,2000
2010-02-16 00:00:00+09:00,349.6396022466966,351.3747863769531,349.6396022466966,351.3747863769531,2000
2010-02-17 00:00:00+09:00,354.84521484375,354.84521484375,354.84521484375,354.84521484375,1000
2010-02-18 00:00:00+09:00,351.3747863769531,351.3747863769531,351.3747863769531,351.3747863769531,2000
2010-02-19 00:00:00+09:00,351.3747863769531,352.2423784420814,351.3747863769531,351.3747863769531,3000
2010-02-22 00:00:00+09:00,347.036865234375,347.036865234375,347.036865234375,347.036865234375,3000
2010-02-23 00:00:00+09:00,350.5072021484375,350.5072021484375,350.5072021484375,350.5072021484375,1000
2010-02-24 00:00:00+09:00,354.84521484375,354.84521484375,354.84521484375,354.84521484375,1000
2010-02-25 00:00:00+09:00,350.5072021484375,350.5072021484375,350.5072021484375,350.5072021484375,1000
2010-02-26 00:00:00+09:00,347.036865234375,351.37482604980465,347.036865234375,347.036865234375,0
2010-03-01 00:00:00+09:00,351.3747863769531,351.3747863769531,351.3747863769531,351.3747863769531,1000
2010-03-02 00:00:00+09:00,351.3747863769531,351.3747863769531,351.3747863769531,351.3747863769531,2000
2010-03-03 00:00:00+09:00,351.3747863769531,351.3747863769531,351.3747863769531,351.3747863769531,2000
2010-03-04 00:00:00+09:00,354.84521484375,354.84521484375,354.84521484375,354.84521484375,2000
2010-03-05 00:00:00+09:00,351.3747863769531,354.84515463746624,351.3747863769531,351.3747863769531,0
2010-03-08 00:00:00+09:00,352.2424382067543,354.84521484375,351.37484599442234,354.84521484375,3000
2010-03-09 00:00:00+09:00,352.24237060546875,354.8451467429476,352.24237060546875,352.24237060546875,0
2010-03-10 00:00:00+09:00,352.2424382067543,354.84521484375,352.2424382067543,354.84521484375,2000
2010-03-11 00:00:00+09:00,351.3747863769531,353.1099705072097,351.3747863769531,351.3747863769531,0
2010-03-12 00:00:00+09:00,352.2423628073653,353.1099548339844,352.2423628073653,353.1099548339844,3000
2010-03-15 00:00:00+09:00,353.9776226314181,354.84521484375,352.2424382067543,354.84521484375,3000
2010-03-16 00:00:00+09:00,354.84521484375,354.84521484375,354.84521484375,354.84521484375,2000
2010-03-17 00:00:00+09:00,352.2424382067543,354.84521484375,352.2424382067543,354.84521484375,2000
2010-03-18 00:00:00+09:00,353.9776226314181,354.84521484375,353.9776226314181,354.84521484375,5000
2010-03-19 00:00:00+09:00,354.84521484375,354.84521484375,354.84521484375,354.84521484375,2000
2010-03-23 00:00:00+09:00,354.8451155499714,355.71270751953125,354.8451155499714,355.71270751953125,5000
2010-03-24 00:00:00+09:00,354.8451467429476,354.8451467429476,352.24237060546875,352.24237060546875,2000
2010-03-25 00:00:00+09:00,355.71270751953125,355.71270751953125,354.8451155499714,355.71270751953125,7000
2010-03-26 00:00:00+09:00,355.71270751953125,360.0506673673304,355.71270751953125,355.71270751953125,8000
2010-03-29 00:00:00+09:00,327.7451441838191,340.8549499511719,327.7451441838191,340.8549499511719,6000
2010-03-30 00:00:00+09:00,336.4850158691406,336.4850158691406,336.4850158691406,336.4850158691406,1000
2010-03-31 00:00:00+09:00,345.22484218951354,345.22484218951354,339.10693359375,339.10693359375,2000
2010-04-01 00:00:00+09:00,339.9809265136719,339.9809265136719,339.9809265136719,339.9809265136719,1000
2010-04-02 00:00:00+09:00,339.9809442636918,342.6029052734375,339.9809442636918,342.6029052734375,1000
2010-04-05 00:00:00+09:00,342.6029052734375,342.6029052734375,342.6029052734375,342.6029052734375,3000
2010-04-06 00:00:00+09:00,342.6029052734375,342.6029052734375,342.6029052734375,342.6029052734375,2000
2010-04-07 00:00:00+09:00,337.35894775390625,337.35894775390625,337.35894775390625,337.35894775390625,2000
2010-04-08 00:00:00+09:00,337.3590029233462,337.3590029233462,336.4850158691406,336.4850158691406,3000
2010-04-09 00:00:00+09:00,335.61102294921875,335.61102294921875,335.61102294921875,335.61102294921875,3000
2010-04-12 00:00:00+09:00,337.3589774129336,341.7289123535156,337.3589774129336,341.7289123535156,3000
2010-04-13 00:00:00+09:00,342.6029052734375,342.6029052734375,342.6029052734375,342.6029052734375,1000
2010-04-14 00:00:00+09:00,338.2329406738281,344.35084916146843,338.2329406738281,338.2329406738281,0
2010-04-15 00:00:00+09:00,339.9809265136719,344.35086130176535,339.9809265136719,339.9809265136719,0
2010-04-16 00:00:00+09:00,341.7289123535156,344.35087331786485,341.7289123535156,341.7289123535156,0
2010-04-19 00:00:00+09:00,340.8549499511719,345.2248852069561,340.8549499511719,340.8549499511719,0
2010-04-20 00:00:00+09:00,345.2248840332031,345.2248840332031,345.2248840332031,345.2248840332031,1000
2010-04-21 00:00:00+09:00,342.6029052734375,346.09885328643173,342.6029052734375,342.6029052734375,0
2010-04-22 00:00:00+09:00,344.35089111328125,346.09886517984614,344.35089111328125,344.35089111328125,0
2010-04-23 00:00:00+09:00,345.22487122808866,347.8468322753906,345.22487122808866,347.8468322753906,1000
2010-04-26 00:00:00+09:00,339.10691592567844,339.10691592567844,332.1150207519531,332.1150207519531,12000
2010-04-27 00:00:00+09:00,337.35900537109376,337.35900537109376,327.7451477050781,327.7451477050781,14000
2010-04-28 00:00:00+09:00,327.74515354886967,328.619140625,327.74515354886967,328.619140625,3000
2010-04-30 00:00:00+09:00,331.2410888671875,331.2410888671875,330.3671018253216,331.2410888671875,4000
2010-05-06 00:00:00+09:00,331.2410829735811,331.2410829735811,330.3670959472656,330.3670959472656,3000
2010-05-07 00:00:00+09:00,327.74514894227724,327.74514894227724,321.62723949535473,323.3752136230469,7000
2010-05-10 00:00:00+09:00,323.3752136230469,323.3752136230469,323.3752136230469,323.3752136230469,1000
2010-05-11 00:00:00+09:00,323.3752252722299,325.1231994628906,323.3752252722299,325.1231994628906,4000
2010-05-12 00:00:00+09:00,329.4931089209501,330.3670959472656,329.4931089209501,330.3670959472656,2000
2010-05-13 00:00:00+09:00,324.24920654296875,330.3671161003832,324.24920654296875,324.24920654296875,0
2010-05-14 00:00:00+09:00,327.74514894227724,327.74514894227724,323.3752136230469,323.3752136230469,6000
2010-05-17 00:00:00+09:00,324.24920654296875,324.24920654296875,324.24920654296875,324.24920654296875,3000
2010-05-18 00:00:00+09:00,324.2492123675603,325.1231994628906,324.2492123675603,325.1231994628906,2000
2010-05-19 00:00:00+09:00,324.24920068689295,324.24920068689295,323.3752136230469,323.3752136230469,3000
2010-05-20 00:00:00+09:00,323.3752136230469,323.3752136230469,322.5012265592008,323.3752136230469,4000
2010-05-21 00:00:00+09:00,323.37522079384394,323.37522079384394,319.8792724609375,319.8792724609375,5000
2010-05-24 00:00:00+09:00,319.0052984568698,319.0052984568698,317.25732421875,317.25732421875,6000
2010-05-25 00:00:00+09:00,312.01336669921875,317.2572888286174,312.01336669921875,312.01336669921875,0
2010-05-26 00:00:00+09:00,317.25732421875,317.25732421875,317.25732421875,317.25732421875,1000
2010-05-27 00:00:00+09:00,311.1393737792969,323.37519184926924,311.1393737792969,311.1393737792969,0
2010-05-28 00:00:00+09:00,317.25732421875,323.3752340521694,317.25732421875,317.25732421875,0
2010-05-31 00:00:00+09:00,314.6353759765625,321.6272732204861,314.6353759765625,314.6353759765625,0
2010-06-01 00:00:00+09:00,321.62725830078125,321.62725830078125,321.62725830078125,321.62725830078125,1000
2010-06-02 00:00:00+09:00,320.7532653808594,320.7532653808594,320.7532653808594,320.7532653808594,2000
2010-06-03 00:00:00+09:00,320.75325243150866,323.3752136230469,320.75325243150866,323.3752136230469,2000
2010-06-04 00:00:00+09:00,316.3832702636719,323.37516573911216,316.3832702636719,316.3832702636719,0
2010-06-07 00:00:00+09:00,323.3752136230469,323.3752136230469,323.3752136230469,323.3752136230469,1000
2010-06-08 00:00:00+09:00,323.3752040756481,323.3752040756481,312.8873596191406,312.8873596191406,3000
2010-06-09 00:00:00+09:00,312.8873596191406,321.62722999956355,312.8873596191406,312.8873596191406,0
2010-06-10 00:00:00+09:00,321.62725830078125,321.62725830078125,321.62725830078125,321.62725830078125,1000
2010-06-11 00:00:00+09:00,321.62725830078125,321.62725830078125,321.62725830078125,321.62725830078125,1000
2010-06-14 00:00:00+09:00,321.6272715111301,321.6272715111301,319.00531005859375,319.00531005859375,3000
2010-06-15 00:00:00+09:00,312.8873596191406,321.62722999956355,312.8873596191406,312.8873596191406,0
2010-06-16 00:00:00+09:00,313.7613220214844,319.00524383799944,313.7613220214844,313.7613220214844,0
2010-06-17 00:00:00+09:00,314.6353759765625,320.7532860649957,314.6353759765625,314.6353759765625,0
2010-06-18 00:00:00+09:00,314.6353759765625,322.5012603759765,314.6353759765625,314.6353759765625,0
2010-06-21 00:00:00+09:00,322.5012512207031,322.5012512207031,322.5012512207031,322.5012512207031,3000
2010-06-22 00:00:00+09:00,318.1312561035156,322.5011909401024,318.1312561035156,318.1312561035156,0
2010-06-23 00:00:00+09:00,316.3832702636719,316.3832702636719,316.3832702636719,316.3832702636719,1000
2010-06-24 00:00:00+09:00,316.3833370996901,317.25732421875,316.3833370996901,317.25732421875,2000
2010-06-25 00:00:00+09:00,317.25732421875,317.25732421875,317.25732421875,317.25732421875,2000
2010-06-28 00:00:00+09:00,317.25733744303386,317.25733744303386,314.6353759765625,314.6353759765625,3000
2010-06-29 00:00:00+09:00,314.6353759765625,323.375247531467,314.6353759765625,314.6353759765625,0
2010-06-30 00:00:00+09:00,314.63536286157023,317.25732421875,314.63536286157023,317.25732421875,3000
2010-07-01 00:00:00+09:00,317.2573357569028,319.00531005859375,317.2573357569028,319.00531005859375,2000
2010-07-02 00:00:00+09:00,315.50927734375,321.6271857686981,315.50927734375,315.50927734375,0
2010-07-05 00:00:00+09:00,319.00531005859375,319.00531005859375,319.00531005859375,319.00531005859375,1000
2010-07-06 00:00:00+09:00,320.7532653808594,320.7532653808594,320.7532653808594,320.7532653808594,1000
2010-07-07 00:00:00+09:00,318.1312561035156,320.75321700546766,318.1312561035156,318.1312561035156,0
2010-07-08 00:00:00+09:00,320.75325243150866,323.3752136230469,320.75325243150866,323.3752136230469,2000
2010-07-09 00:00:00+09:00,317.25732421875,317.25732421875,317.25732421875,317.25732421875,4000
2010-07-12 00:00:00+09:00,315.50927734375,319.87921193299866,315.50927734375,315.50927734375,0
2010-07-13 00:00:00+09:00,317.2573357569028,319.00531005859375,317.2573357569028,319.00531005859375,2000
2010-07-14 00:00:00+09:00,315.50927734375,319.00522501514894,315.50927734375,315.50927734375,0
2010-07-15 00:00:00+09:00,318.13123809729916,318.13123809729916,315.50927734375,315.50927734375,3000
2010-07-16 00:00:00+09:00,317.25732421875,317.25732421875,317.25732421875,317.25732421875,1000
2010-07-21 00:00:00+09:00,305.8955078125,312.88740513392855,305.8955078125,305.8955078125,0
2010-07-22 00:00:00+09:00,298.9035526051241,298.9035526051241,297.15557861328125,297.15557861328125,2000
2010-07-23 00:00:00+09:00,304.1475334821429,305.8955078125,304.1475334821429,305.8955078125,2000
2010-07-26 00:00:00+09:00,308.51739501953125,308.51739501953125,308.51739501953125,308.51739501953125,1000
2010-07-27 00:00:00+09:00,305.02152064732144,305.8955078125,305.02152064732144,305.8955078125,2000
2010-07-28 00:00:00+09:00,305.8955078125,305.8955078125,305.8955078125,305.8955078125,1000
2010-07-29 00:00:00+09:00,305.0215148925781,308.5174634873355,305.0215148925781,305.0215148925781,0
2010-07-30 00:00:00+09:00,304.14752197265625,304.14752197265625,304.14752197265625,304.14752197265625,3000
2010-08-02 00:00:00+09:00,304.14752197265625,304.14752197265625,304.14752197265625,304.14752197265625,1000
2010-08-03 00:00:00+09:00,305.89549192908214,305.89549192908214,298.9035949707031,298.9035949707031,2000
2010-08-04 00:00:00+09:00,298.02960205078125,302.3995375647223,298.02960205078125,298.02960205078125,0
2010-08-05 00:00:00+09:00,305.8955078125,305.8955078125,305.8955078125,305.8955078125,1000
2010-08-06 00:00:00+09:00,305.0215148925781,305.0215148925781,305.0215148925781,305.0215148925781,1000
2010-08-09 00:00:00+09:00,298.9035949707031,298.9035949707031,298.9035949707031,298.9035949707031,2000
2010-08-10 00:00:00+09:00,301.5255432128906,301.5255432128906,301.5255432128906,301.5255432128906,1000
2010-08-11 00:00:00+09:00,301.5255432128906,301.5255432128906,301.5255432128906,301.5255432128906,1000
2010-08-12 00:00:00+09:00,301.5255432128906,323.375220257303,301.5255432128906,301.5255432128906,0
2010-08-13 00:00:00+09:00,300.65155029296875,323.37521397790243,300.65155029296875,300.65155029296875,0
2010-08-16 00:00:00+09:00,305.0215148925781,323.3752450150542,305.0215148925781,305.0215148925781,0
2010-08-17 00:00:00+09:00,306.76947021484375,323.37522501279824,306.76947021484375,306.76947021484375,0
2010-08-18 00:00:00+09:00,306.76947021484375,323.37522501279824,306.76947021484375,306.76947021484375,0
2010-08-19 00:00:00+09:00,307.6434326171875,323.37519905783915,307.6434326171875,307.6434326171875,0
2010-08-20 00:00:00+09:00,319.00531005859375,319.00531005859375,319.00531005859375,319.00531005859375,1000
2010-08-23 00:00:00+09:00,307.6434326171875,323.37519905783915,307.6434326171875,307.6434326171875,0
2010-08-24 00:00:00+09:00,307.6434326171875,323.37519905783915,307.6434326171875,307.6434326171875,0
2010-08-25 00:00:00+09:00,319.8792724609375,319.8792724609375,319.8792724609375,319.8792724609375,1000
2010-08-26 00:00:00+09:00,312.8873596191406,325.99716518977505,312.8873596191406,312.8873596191406,0
2010-08-27 00:00:00+09:00,305.8955078125,321.6272767857143,305.8955078125,305.8955078125,0
2010-08-30 00:00:00+09:00,320.7532396904585,325.9971618652344,320.7532396904585,325.9971618652344,3000
2010-08-31 00:00:00+09:00,331.2410888671875,331.2410888671875,331.2410888671875,331.2410888671875,1000
2010-09-01 00:00:00+09:00,323.3752136230469,323.3752136230469,323.3752136230469,323.3752136230469,1000
2010-09-02 00:00:00+09:00,311.1393737792969,325.9971528642633,311.1393737792969,311.1393737792969,0
2010-09-03 00:00:00+09:00,309.39141845703125,327.74514667058395,309.39141845703125,309.39141845703125,0
2010-09-06 00:00:00+09:00,316.3832702636719,333.86300895227254,316.3832702636719,316.3832702636719,0
2010-09-07 00:00:00+09:00,316.3832702636719,334.7369958867026,316.3832702636719,316.3832702636719,0
2010-09-08 00:00:00+09:00,323.3752136230469,334.7370454530458,323.3752136230469,323.3752136230469,0
2010-09-09 00:00:00+09:00,323.3752136230469,336.48501958073797,323.3752136230469,323.3752136230469,0
2010-09-10 00:00:00+09:00,323.3752136230469,323.3752136230469,323.3752136230469,323.3752136230469,1000
2010-09-13 00:00:00+09:00,323.3752136230469,334.7370454530458,323.3752136230469,323.3752136230469,0
2010-09-14 00:00:00+09:00,323.3752136230469,334.7370454530458,323.3752136230469,323.3752136230469,0
2010-09-16 00:00:00+09:00,311.1393737792969,334.73702291424354,311.1393737792969,311.1393737792969,0
2010-09-17 00:00:00+09:00,314.6353759765625,332.989106241862,314.6353759765625,314.6353759765625,0
2010-09-21 00:00:00+09:00,319.00531005859375,330.3671430195848,319.00531005859375,319.00531005859375,0
2010-09-22 00:00:00+09:00,323.3752136230469,332.9890713253537,323.3752136230469,323.3752136230469,0
2010-09-24 00:00:00+09:00,330.3670959472656,330.3670959472656,330.3670959472656,330.3670959472656,1000
2010-09-27 00:00:00+09:00,315.50927734375,332.11502878289474,315.50927734375,315.50927734375,0
2010-09-28 00:00:00+09:00,317.25732421875,333.8630794808884,317.25732421875,317.25732421875,0
2010-09-29 00:00:00+09:00,323.3752136230469,330.36711013381546,323.3752136230469,323.3752136230469,0
2010-09-30 00:00:00+09:00,326.8711853027344,326.8711853027344,326.8711853027344,326.8711853027344,1000
2010-10-01 00:00:00+09:00,326.8711853027344,326.8711853027344,326.8711853027344,326.8711853027344,2000
2010-10-04 00:00:00+09:00,324.24920654296875,324.24920654296875,324.24920654296875,324.24920654296875,1000
2010-10-05 00:00:00+09:00,331.2410888671875,331.2410888671875,331.2410888671875,331.2410888671875,1000
2010-10-06 00:00:00+09:00,325.1231994628906,325.1231994628906,325.1231994628906,325.1231994628906,1000
2010-10-07 00:00:00+09:00,323.3752136230469,331.24109719766153,323.3752136230469,323.3752136230469,0
2010-10-08 00:00:00+09:00,332.1150207519531,332.1150207519531,332.1150207519531,332.1150207519531,1000
2010-10-12 00:00:00+09:00,332.11502628622895,337.35894775390625,332.11502628622895,337.35894775390625,2000
2010-10-13 00:00:00+09:00,337.35894775390625,337.35894775390625,337.35894775390625,337.35894775390625,2000
2010-10-14 00:00:00+09:00,337.35894775390625,337.35894775390625,337.35894775390625,337.35894775390625,2000
2010-10-15 00:00:00+09:00,325.1231994628906,325.1231994628906,325.1231994628906,325.1231994628906,1000
2010-10-18 00:00:00+09:00,340.8549499511719,340.8549499511719,340.8549499511719,340.8549499511719,1000
2010-10-19 00:00:00+09:00,340.8549499511719,340.8549499511719,340.8549499511719,340.8549499511719,1000
2010-10-20 00:00:00+09:00,339.10693359375,339.10693359375,339.10693359375,339.10693359375,1000
2010-10-21 00:00:00+09:00,339.10693359375,339.10693359375,339.10693359375,339.10693359375,1000
2010-10-22 00:00:00+09:00,339.10693359375,339.10693359375,339.10693359375,339.10693359375,1000
2010-10-25 00:00:00+09:00,326.8711853027344,326.8711853027344,326.8711853027344,326.8711853027344,1000
2010-10-26 00:00:00+09:00,325.9971618652344,325.9971618652344,325.9971618652344,325.9971618652344,1000
2010-10-27 00:00:00+09:00,325.9971618652344,325.9971618652344,325.9971618652344,325.9971618652344,1000
2010-10-28 00:00:00+09:00,325.9971618652344,325.9971618652344,325.9971618652344,325.9971618652344,1000
2010-10-29 00:00:00+09:00,325.9971618652344,325.9971618652344,325.9971618652344,325.9971618652344,1000
2010-11-01 00:00:00+09:00,324.24922548206195,324.24922548206195,322.5012512207031,322.5012512207031,2000
2010-11-02 00:00:00+09:00,322.5012512207031,322.5012512207031,322.5012512207031,322.5012512207031,1000
2010-11-04 00:00:00+09:00,322.5012512207031,322.5012512207031,322.5012512207031,322.5012512207031,1000
2010-11-05 00:00:00+09:00,322.5012512207031,322.5012512207031,322.5012512207031,322.5012512207031,1000
2010-11-08 00:00:00+09:00,322.5012512207031,322.5012512207031,322.5012512207031,322.5012512207031,1000
2010-11-09 00:00:00+09:00,322.5012512207031,322.5012512207031,322.5012512207031,322.5012512207031,1000
2010-11-10 00:00:00+09:00,322.5012512207031,322.5012512207031,322.5012512207031,322.5012512207031,1000
2010-11-11 00:00:00+09:00,322.5012512207031,322.5012512207031,322.5012512207031,322.5012512207031,1000
2010-11-12 00:00:00+09:00,322.5012512207031,322.5012512207031,322.5012512207031,322.5012512207031,1000
2010-11-15 00:00:00+09:00,322.5012512207031,322.5012512207031,322.5012512207031,322.5012512207031,1000
2010-11-16 00:00:00+09:00,322.5012512207031,322.5012512207031,322.5012512207031,322.5012512207031,1000
2010-11-17 00:00:00+09:00,332.1150962255334,332.1150962255334,325.1231994628906,325.1231994628906,2000
2010-11-18 00:00:00+09:00,326.8711853027344,326.8711853027344,326.8711853027344,326.8711853027344,1000
2010-11-19 00:00:00+09:00,326.8711853027344,326.8711853027344,326.8711853027344,326.8711853027344,1000
2010-11-22 00:00:00+09:00,332.11506309309556,333.863037109375,332.11506309309556,333.863037109375,2000
2010-11-24 00:00:00+09:00,333.8630430057217,334.7370300292969,333.8630430057217,334.7370300292969,2000
2010-11-25 00:00:00+09:00,332.98907470703125,332.98907470703125,332.98907470703125,332.98907470703125,1000
2010-11-26 00:00:00+09:00,332.98907470703125,332.98907470703125,332.98907470703125,332.98907470703125,1000
2010-11-29 00:00:00+09:00,332.98907470703125,332.98907470703125,332.98907470703125,332.98907470703125,1000
2010-11-30 00:00:00+09:00,332.98907470703125,332.98907470703125,332.98907470703125,332.98907470703125,1000
2010-12-01 00:00:00+09:00,336.4850158691406,336.4850158691406,336.4850158691406,336.4850158691406,1000
2010-12-02 00:00:00+09:00,336.4850158691406,336.4850158691406,336.4850158691406,336.4850158691406,1000
2010-12-03 00:00:00+09:00,336.4849786831971,339.9809265136719,336.4849786831971,339.9809265136719,4000
2010-12-06 00:00:00+09:00,339.9809205360019,339.9809205360019,332.98902499798646,339.10693359375,3000
2010-12-07 00:00:00+09:00,339.9809265136719,339.9809265136719,339.9809265136719,339.9809265136719,1000
2010-12-08 00:00:00+09:00,339.9809265136719,339.9809265136719,339.9809265136719,339.9809265136719,1000
2010-12-09 00:00:00+09:00,339.9809265136719,339.9809265136719,339.9809265136719,339.9809265136719,1000
2010-12-10 00:00:00+09:00,339.9809265136719,339.9809265136719,339.9809265136719,339.9809265136719,1000
2010-12-13 00:00:00+09:00,339.9809265136719,339.9809265136719,339.9809265136719,339.9809265136719,1000
2010-12-14 00:00:00+09:00,339.9809265136719,339.9809265136719,339.9809265136719,339.9809265136719,1000
2010-12-15 00:00:00+09:00,337.35894775390625,337.35894775390625,337.35894775390625,337.35894775390625,1000
2010-12-16 00:00:00+09:00,344.35089111328125,344.35089111328125,344.35089111328125,344.35089111328125,1000
2010-12-17 00:00:00+09:00,344.35089111328125,344.35089111328125,344.35089111328125,344.35089111328125,1000
2010-12-20 00:00:00+09:00,344.35089111328125,344.35089111328125,344.35089111328125,344.35089111328125,1000
2010-12-21 00:00:00+09:00,344.35089111328125,344.35089111328125,344.35089111328125,344.35089111328125,1000
2010-12-22 00:00:00+09:00,344.35089111328125,344.35089111328125,344.35089111328125,344.35089111328125,1000
2010-12-24 00:00:00+09:00,343.4769111046424,343.4769111046424,340.8549499511719,340.8549499511719,2000
2010-12-27 00:00:00+09:00,339.9809559468691,344.35089111328125,339.9809559468691,344.35089111328125,2000
2010-12-28 00:00:00+09:00,344.35089111328125,344.35089111328125,344.35089111328125,344.35089111328125,1000
2010-12-29 00:00:00+09:00,344.35089111328125,344.35089111328125,344.35089111328125,344.35089111328125,1000
2010-12-30 00:00:00+09:00,344.35089111328125,344.35089111328125,344.35089111328125,344.35089111328125,1000
2011-01-04 00:00:00+09:00,344.35089111328125,344.35089111328125,344.35089111328125,344.35089111328125,1000
2011-01-05 00:00:00+09:00,344.3509464021251,344.3509464021251,343.4769592285156,343.4769592285156,2000
2011-01-06 00:00:00+09:00,342.6029052734375,342.6029052734375,342.6029052734375,342.6029052734375,2000
2011-01-07 00:00:00+09:00,345.2248840332031,345.2248840332031,345.2248840332031,345.2248840332031,1000
2011-01-11 00:00:00+09:00,345.2248840332031,345.2248840332031,345.2248840332031,345.2248840332031,1000
2011-01-12 00:00:00+09:00,343.4768854777018,346.0988464355469,343.4768854777018,346.0988464355469,3000
2011-01-13 00:00:00+09:00,347.8468322753906,347.8468322753906,347.8468322753906,347.8468322753906,1000
2011-01-14 00:00:00+09:00,347.8468322753906,347.8468322753906,347.8468322753906,347.8468322753906,1000
2011-01-17 00:00:00+09:00,348.7208557128906,348.7208557128906,348.7208557128906,348.7208557128906,3000
2011-01-18 00:00:00+09:00,348.7208615112305,349.5948486328125,348.7208615112305,349.5948486328125,3000
2011-01-19 00:00:00+09:00,349.5948486328125,349.5948486328125,348.7208615112305,349.5948486328125,3000
2011-01-20 00:00:00+09:00,351.34283447265625,351.34283447265625,351.34283447265625,351.34283447265625,1000
2011-01-21 00:00:00+09:00,351.34283447265625,351.34283447265625,351.34283447265625,351.34283447265625,1000
2011-01-24 00:00:00+09:00,351.34283447265625,351.34283447265625,351.34283447265625,351.34283447265625,1000
2011-01-25 00:00:00+09:00,353.9647521972656,353.9647521972656,353.9647521972656,353.9647521972656,1000
2011-01-26 00:00:00+09:00,353.9647521972656,353.9647521972656,353.9647521972656,353.9647521972656,0
2011-01-27 00:00:00+09:00,353.9647521972656,353.9647521972656,353.9647521972656,353.9647521972656,1000
2011-01-28 00:00:00+09:00,350.46883575439455,350.46883575439455,349.5948486328125,349.5948486328125,3000
2011-01-31 00:00:00+09:00,349.5948486328125,349.5948486328125,349.5948486328125,349.5948486328125,3000
2011-02-01 00:00:00+09:00,349.5948486328125,349.5948486328125,349.5948486328125,349.5948486328125,3000
2011-02-02 00:00:00+09:00,349.5948486328125,349.5948486328125,349.5948486328125,349.5948486328125,3000
2011-02-03 00:00:00+09:00,349.5948486328125,349.5948486328125,349.5948486328125,349.5948486328125,3000
2011-02-04 00:00:00+09:00,349.5948486328125,349.5948486328125,349.5948486328125,349.5948486328125,3000
2011-02-07 00:00:00+09:00,349.5948486328125,349.5948486328125,349.5948486328125,349.5948486328125,3000
2011-02-08 00:00:00+09:00,355.7127584838867,355.7127584838867,349.5948486328125,349.5948486328125,3000
2011-02-09 00:00:00+09:00,349.5948486328125,349.5948486328125,349.5948486328125,349.5948486328125,3000
2011-02-10 00:00:00+09:00,353.9647521972656,353.9647521972656,353.9647521972656,353.9647521972656,1000
2011-02-14 00:00:00+09:00,358.3346862792969,358.3346862792969,358.3346862792969,358.3346862792969,2000
2011-02-15 00:00:00+09:00,361.83062153001094,362.70460853853757,360.9566345214844,360.9566345214844,6000
2011-02-16 00:00:00+09:00,361.83063223702567,367.0745544433594,361.83063223702567,367.0745544433594,8000
2011-02-17 00:00:00+09:00,367.0745544433594,367.0745544433594,367.0745544433594,367.0745544433594,4000
2011-02-18 00:00:00+09:00,367.0745892591879,372.3185119628906,367.0745892591879,372.3185119628906,7000
2011-02-21 00:00:00+09:00,372.3185119628906,372.3185119628906,372.3185119628906,372.3185119628906,7000
2011-02-22 00:00:00+09:00,374.0664978027344,374.0664978027344,374.0664978027344,374.0664978027344,1000
2011-02-23 00:00:00+09:00,371.4445363695377,374.0664978027344,371.4445363695377,374.0664978027344,3000
2011-02-24 00:00:00+09:00,374.0664978027344,374.0664978027344,374.0664978027344,374.0664978027344,2000
2011-02-25 00:00:00+09:00,367.0746006475431,374.0664978027344,367.0746006475431,374.0664978027344,2000
2011-02-28 00:00:00+09:00,374.0664978027344,374.0664978027344,374.0664978027344,374.0664978027344,2000
2011-03-01 00:00:00+09:00,374.0664978027344,374.0664978027344,374.0664978027344,374.0664978027344,1000
2011-03-02 00:00:00+09:00,372.3185119628906,372.3185119628906,372.3185119628906,372.3185119628906,1000
2011-03-03 00:00:00+09:00,372.3185119628906,372.3185119628906,372.3185119628906,372.3185119628906,1000
2011-03-04 00:00:00+09:00,372.3185119628906,372.3185119628906,372.3185119628906,372.3185119628906,1000
2011-03-07 00:00:00+09:00,374.9404296875,374.9404296875,374.9404296875,374.9404296875,2000
2011-03-08 00:00:00+09:00,374.9404296875,374.9404296875,374.9404296875,374.9404296875,0
2011-03-09 00:00:00+09:00,374.9404296875,374.9404296875,371.44448162514567,374.9404296875,4000
2011-03-10 00:00:00+09:00,375.8143980375852,376.6883850097656,375.8143980375852,376.6883850097656,2000
2011-03-11 00:00:00+09:00,374.9404296875,374.9404296875,374.9404296875,374.9404296875,1000
2011-03-14 00:00:00+09:00,374.9404296875,374.9404296875,374.9404296875,374.9404296875,0
2011-03-15 00:00:00+09:00,340.8548897191098,340.8548897191098,323.37515178479646,332.1150207519531,12000
2011-03-16 00:00:00+09:00,332.1150876343094,332.98907470703125,327.74515227070003,332.98907470703125,3000
2011-03-17 00:00:00+09:00,332.9890501012353,333.863037109375,332.9890501012353,333.863037109375,2000
2011-03-18 00:00:00+09:00,345.2248840332031,345.2248840332031,345.2248840332031,345.2248840332031,1000
2011-03-22 00:00:00+09:00,347.8468954743849,357.46075439453125,347.8468954743849,357.46075439453125,6000
2011-03-23 00:00:00+09:00,362.70462741526956,362.70462741526956,359.20867919921875,359.20867919921875,2000
2011-03-24 00:00:00+09:00,353.09073324548194,362.70458984375,350.4687723550452,362.70458984375,6000
2011-03-25 00:00:00+09:00,359.20867331900246,359.20867331900246,358.3346862792969,358.3346862792969,2000
2011-03-28 00:00:00+09:00,359.2086895664343,365.32659912109375,359.2086895664343,365.32659912109375,6000
2011-03-29 00:00:00+09:00,352.1220703125,352.1220703125,352.1220703125,352.1220703125,6000
2011-03-30 00:00:00+09:00,352.1220703125,352.1220703125,352.1220703125,352.1220703125,6000
2011-03-31 00:00:00+09:00,338.91741943359375,338.91741943359375,338.91741943359375,338.91741943359375,2000
2011-04-01 00:00:00+09:00,338.91741943359375,338.91741943359375,338.91741943359375,338.91741943359375,1000
2011-04-04 00:00:00+09:00,338.91741943359375,338.91741943359375,338.91741943359375,338.91741943359375,1000
2011-04-05 00:00:00+09:00,331.8750424917777,331.8750424917777,323.0719909667969,323.0719909667969,6000
2011-04-06 00:00:00+09:00,325.7128601074219,325.7128601074219,325.7128601074219,325.7128601074219,4000
2011-04-07 00:00:00+09:00,325.7128601074219,325.7128601074219,325.7128601074219,325.7128601074219,4000
2011-04-08 00:00:00+09:00,323.9522705078125,323.9522705078125,323.9522705078125,323.9522705078125,1000
2011-04-11 00:00:00+09:00,323.9522705078125,323.9522705078125,323.9522705078125,323.9522705078125,1000
2011-04-12 00:00:00+09:00,323.952296119295,323.952296119295,323.0719909667969,323.0719909667969,2000
2011-04-13 00:00:00+09:00,325.7128601074219,325.7128601074219,325.7128601074219,325.7128601074219,1000
2011-04-14 00:00:00+09:00,325.7128601074219,325.7128601074219,325.7128601074219,325.7128601074219,1000
2011-04-15 00:00:00+09:00,325.7128601074219,325.7128601074219,325.7128601074219,325.7128601074219,1000
2011-04-18 00:00:00+09:00,325.7128601074219,325.7128601074219,325.7128601074219,325.7128601074219,1000
2011-04-19 00:00:00+09:00,325.7128601074219,325.7128601074219,325.7128601074219,325.7128601074219,1000
2011-04-20 00:00:00+09:00,325.7128601074219,325.7128601074219,325.7128601074219,325.7128601074219,1000
2011-04-21 00:00:00+09:00,325.7128601074219,325.7128601074219,325.7128601074219,325.7128601074219,1000
2011-04-22 00:00:00+09:00,325.7128601074219,325.7128601074219,325.7128601074219,325.7128601074219,1000
2011-04-25 00:00:00+09:00,325.7128601074219,325.7128601074219,325.7128601074219,325.7128601074219,1000
2011-04-26 00:00:00+09:00,325.7128601074219,325.7128601074219,325.7128601074219,325.7128601074219,1000
2011-04-27 00:00:00+09:00,334.515869140625,334.515869140625,334.515869140625,334.515869140625,1000
2011-04-28 00:00:00+09:00,334.515869140625,334.515869140625,334.515869140625,334.515869140625,1000
2011-05-02 00:00:00+09:00,334.515869140625,334.515869140625,334.515869140625,334.515869140625,0
2011-05-06 00:00:00+09:00,334.515869140625,334.515869140625,334.515869140625,334.515869140625,0
2011-05-09 00:00:00+09:00,334.515869140625,334.515869140625,334.515869140625,334.515869140625,0
2011-05-10 00:00:00+09:00,338.037109375,338.037109375,338.037109375,338.037109375,1000
2011-05-11 00:00:00+09:00,338.037109375,338.037109375,338.037109375,338.037109375,1000
2011-05-12 00:00:00+09:00,338.037109375,338.037109375,338.037109375,338.037109375,1000
2011-05-13 00:00:00+09:00,338.037109375,338.037109375,338.037109375,338.037109375,1000
2011-05-16 00:00:00+09:00,328.353759765625,328.353759765625,328.353759765625,328.353759765625,1000
2011-05-17 00:00:00+09:00,328.353759765625,328.353759765625,328.353759765625,328.353759765625,1000
2011-05-18 00:00:00+09:00,328.353759765625,328.353759765625,328.353759765625,328.353759765625,1000
2011-05-19 00:00:00+09:00,330.1144104003906,330.1144104003906,330.1144104003906,330.1144104003906,3000
2011-05-20 00:00:00+09:00,330.1144104003906,330.1144104003906,330.1144104003906,330.1144104003906,3000
2011-05-23 00:00:00+09:00,334.51587936641033,336.2764892578125,334.51587936641033,336.2764892578125,3000
2011-05-24 00:00:00+09:00,336.2764892578125,336.2764892578125,336.2764892578125,336.2764892578125,3000
2011-05-25 00:00:00+09:00,335.3962818418953,338.91750264863435,331.87506103515625,331.87506103515625,4000
2011-05-26 00:00:00+09:00,333.6355642218339,334.515869140625,333.6355642218339,334.515869140625,2000
2011-05-27 00:00:00+09:00,339.7977294921875,339.7977294921875,339.7977294921875,339.7977294921875,2000
2011-05-30 00:00:00+09:00,339.7977294921875,339.7977294921875,339.7977294921875,339.7977294921875,0
2011-05-31 00:00:00+09:00,339.7977294921875,339.7977294921875,339.7977294921875,339.7977294921875,0
2011-06-01 00:00:00+09:00,339.7977294921875,339.7977294921875,339.7977294921875,339.7977294921875,1000
2011-06-02 00:00:00+09:00,339.7977294921875,339.7977294921875,339.7977294921875,339.7977294921875,1000
2011-06-03 00:00:00+09:00,343.3189392089844,343.3189392089844,343.3189392089844,343.3189392089844,1000
2011-06-06 00:00:00+09:00,338.037109375,338.037109375,338.037109375,338.037109375,1000
2011-06-07 00:00:00+09:00,338.037109375,338.037109375,338.037109375,338.037109375,1000
2011-06-08 00:00:00+09:00,338.037109375,338.037109375,338.037109375,338.037109375,1000
2011-06-09 00:00:00+09:00,338.037109375,338.037109375,338.037109375,338.037109375,1000
2011-06-10 00:00:00+09:00,338.037109375,338.037109375,338.037109375,338.037109375,1000
2011-06-13 00:00:00+09:00,343.3189392089844,343.3189392089844,343.3189392089844,343.3189392089844,1000
2011-06-14 00:00:00+09:00,343.3189392089844,343.3189392089844,343.3189392089844,343.3189392089844,1000
2011-06-15 00:00:00+09:00,338.037109375,338.037109375,338.037109375,338.037109375,1000
2011-06-16 00:00:00+09:00,338.037109375,338.037109375,338.037109375,338.037109375,1000
2011-06-17 00:00:00+09:00,338.037109375,338.037109375,338.037109375,338.037109375,1000
2011-06-20 00:00:00+09:00,338.037109375,338.037109375,338.037109375,338.037109375,1000
2011-06-21 00:00:00+09:00,338.037109375,338.037109375,338.037109375,338.037109375,1000
2011-06-22 00:00:00+09:00,338.037109375,338.037109375,338.037109375,338.037109375,1000
2011-06-23 00:00:00+09:00,338.037109375,338.037109375,338.037109375,338.037109375,1000
2011-06-24 00:00:00+09:00,338.037109375,338.037109375,338.037109375,338.037109375,1000
2011-06-27 00:00:00+09:00,338.037109375,338.037109375,338.037109375,338.037109375,1000
2011-06-28 00:00:00+09:00,338.037109375,338.037109375,338.037109375,338.037109375,1000
2011-06-29 00:00:00+09:00,338.037109375,338.037109375,338.037109375,338.037109375,1000
2011-06-30 00:00:00+09:00,338.037109375,338.037109375,338.037109375,338.037109375,1000
2011-07-01 00:00:00+09:00,338.037109375,338.037109375,338.037109375,338.037109375,1000
2011-07-04 00:00:00+09:00,338.037109375,338.037109375,338.037109375,338.037109375,1000
2011-07-05 00:00:00+09:00,338.037109375,338.037109375,338.037109375,338.037109375,1000
2011-07-06 00:00:00+09:00,335.3962092508796,345.9598693847656,335.3962092508796,345.9598693847656,2000
2011-07-07 00:00:00+09:00,345.9598693847656,345.9598693847656,345.9598693847656,345.9598693847656,2000
2011-07-08 00:00:00+09:00,345.9598693847656,345.9598693847656,345.9598693847656,345.9598693847656,2000
2011-07-11 00:00:00+09:00,345.9598693847656,345.9598693847656,345.9598693847656,345.9598693847656,2000
2011-07-12 00:00:00+09:00,345.9598693847656,345.9598693847656,345.9598693847656,345.9598693847656,2000
2011-07-13 00:00:00+09:00,341.558349609375,341.558349609375,341.558349609375,341.558349609375,1000
2011-07-14 00:00:00+09:00,341.558349609375,341.558349609375,341.558349609375,341.558349609375,0
2011-07-15 00:00:00+09:00,341.558349609375,341.558349609375,341.558349609375,341.558349609375,1000
2011-07-19 00:00:00+09:00,341.558349609375,341.558349609375,341.558349609375,341.558349609375,1000
2011-07-20 00:00:00+09:00,348.6007995605469,348.6007995605469,348.6007995605469,348.6007995605469,1000
2011-07-21 00:00:00+09:00,348.6007995605469,348.6007995605469,348.6007995605469,348.6007995605469,1000
2011-07-22 00:00:00+09:00,348.6007995605469,348.6007995605469,348.6007995605469,348.6007995605469,1000
2011-07-25 00:00:00+09:00,352.1220703125,352.1220703125,352.1220703125,352.1220703125,1000
2011-07-26 00:00:00+09:00,352.1220703125,352.1220703125,352.1220703125,352.1220703125,1000
2011-07-27 00:00:00+09:00,338.9174143473307,338.9174143473307,338.037109375,338.037109375,4000
2011-07-28 00:00:00+09:00,338.037109375,338.037109375,338.037109375,338.037109375,4000
2011-07-29 00:00:00+09:00,338.037109375,338.037109375,338.037109375,338.037109375,4000
2011-08-01 00:00:00+09:00,338.037109375,338.037109375,338.037109375,338.037109375,4000
2011-08-02 00:00:00+09:00,338.037109375,338.037109375,338.037109375,338.037109375,4000
2011-08-03 00:00:00+09:00,338.037109375,338.037109375,338.037109375,338.037109375,4000
2011-08-04 00:00:00+09:00,338.037109375,338.037109375,338.037109375,338.037109375,2000
2011-08-05 00:00:00+09:00,335.3961843121114,338.03709914921467,335.3961843121114,336.2764892578125,6000
2011-08-08 00:00:00+09:00,336.2764892578125,336.2764892578125,336.2764892578125,336.2764892578125,2000
2011-08-09 00:00:00+09:00,330.11435463790497,336.2764892578125,330.11435463790497,336.2764892578125,6000
2011-08-10 00:00:00+09:00,336.2764892578125,336.2764892578125,336.2764892578125,336.2764892578125,6000
2011-08-11 00:00:00+09:00,336.2764892578125,336.2764892578125,336.2764892578125,336.2764892578125,6000
2011-08-12 00:00:00+09:00,336.2764892578125,336.2764892578125,336.2764892578125,336.2764892578125,0
2011-08-15 00:00:00+09:00,336.2764892578125,336.2764892578125,336.2764892578125,336.2764892578125,1000
2011-08-16 00:00:00+09:00,336.2764892578125,336.2764892578125,336.2764892578125,336.2764892578125,1000
2011-08-17 00:00:00+09:00,336.2764892578125,336.2764892578125,336.2764892578125,336.2764892578125,1000
2011-08-18 00:00:00+09:00,336.2764892578125,336.2764892578125,336.2764892578125,336.2764892578125,1000
2011-08-19 00:00:00+09:00,336.2764892578125,336.2764892578125,336.2764892578125,336.2764892578125,1000
2011-08-22 00:00:00+09:00,336.2764892578125,336.2764892578125,336.2764892578125,336.2764892578125,1000
2011-08-23 00:00:00+09:00,336.2764892578125,336.2764892578125,336.2764892578125,336.2764892578125,1000
2011-08-24 00:00:00+09:00,336.2764892578125,336.2764892578125,336.2764892578125,336.2764892578125,1000
2011-08-25 00:00:00+09:00,336.2764892578125,336.2764892578125,336.2764892578125,336.2764892578125,1000
2011-08-26 00:00:00+09:00,336.2764892578125,336.2764892578125,336.2764892578125,336.2764892578125,1000
2011-08-29 00:00:00+09:00,336.2764892578125,336.2764892578125,336.2764892578125,336.2764892578125,0
2011-08-30 00:00:00+09:00,351.24169921875,351.24169921875,351.24169921875,351.24169921875,1000
2011-08-31 00:00:00+09:00,337.156779491688,344.19921875,337.156779491688,344.19921875,2000
2011-09-01 00:00:00+09:00,344.1992701438326,344.1992701438326,337.1568298339844,337.1568298339844,2000
2011-09-02 00:00:00+09:00,337.1568298339844,337.1568298339844,337.1568298339844,337.1568298339844,2000
2011-09-05 00:00:00+09:00,337.1568298339844,337.1568298339844,337.1568298339844,337.1568298339844,1000
2011-09-06 00:00:00+09:00,337.1568298339844,337.1568298339844,337.1568298339844,337.1568298339844,1000
2011-09-07 00:00:00+09:00,339.7977294921875,339.7977294921875,339.7977294921875,339.7977294921875,1000
2011-09-08 00:00:00+09:00,339.7977294921875,339.7977294921875,339.7977294921875,339.7977294921875,1000
2011-09-09 00:00:00+09:00,339.7977294921875,339.7977294921875,339.7977294921875,339.7977294921875,1000
2011-09-12 00:00:00+09:00,351.24169921875,351.24169921875,351.24169921875,351.24169921875,4000
2011-09-13 00:00:00+09:00,351.24169921875,351.24169921875,351.24169921875,351.24169921875,4000
2011-09-14 00:00:00+09:00,351.24169921875,351.24169921875,351.24169921875,351.24169921875,4000
2011-09-15 00:00:00+09:00,343.3189392089844,343.3189392089844,343.3189392089844,343.3189392089844,1000
2011-09-16 00:00:00+09:00,351.24169921875,351.24169921875,351.24169921875,351.24169921875,1000
2011-09-20 00:00:00+09:00,351.24169921875,351.24169921875,351.24169921875,351.24169921875,1000
2011-09-21 00:00:00+09:00,341.558349609375,341.558349609375,341.558349609375,341.558349609375,1000
2011-09-22 00:00:00+09:00,341.558349609375,341.558349609375,341.558349609375,341.558349609375,1000
2011-09-26 00:00:00+09:00,341.558349609375,341.558349609375,341.558349609375,341.558349609375,1000
2011-09-27 00:00:00+09:00,339.79772441913553,339.79772441913553,338.03711444805197,338.91741943359375,3000
2011-09-28 00:00:00+09:00,344.19922324732727,344.19922324732727,334.515869140625,334.515869140625,7000
2011-09-29 00:00:00+09:00,339.7977294921875,339.7977294921875,339.7977294921875,339.7977294921875,1000
2011-09-30 00:00:00+09:00,339.7977294921875,339.7977294921875,339.7977294921875,339.7977294921875,1000
2011-10-03 00:00:00+09:00,343.3189494869252,343.3189494869252,339.7977294921875,339.7977294921875,2000
2011-10-04 00:00:00+09:00,339.7977294921875,339.7977294921875,339.7977294921875,339.7977294921875,2000
2011-10-05 00:00:00+09:00,339.7977294921875,339.7977294921875,339.7977294921875,339.7977294921875,2000
2011-10-06 00:00:00+09:00,339.7977294921875,339.7977294921875,339.7977294921875,339.7977294921875,2000
2011-10-07 00:00:00+09:00,340.6780242919922,340.6780242919922,338.037109375,338.037109375,2000
2011-10-11 00:00:00+09:00,345.0795593261719,345.0795593261719,345.0795593261719,345.0795593261719,1000
2011-10-12 00:00:00+09:00,345.0795593261719,345.0795593261719,345.0795593261719,345.0795593261719,1000
2011-10-13 00:00:00+09:00,345.0795593261719,345.0795593261719,345.0795593261719,345.0795593261719,1000
2011-10-14 00:00:00+09:00,338.037109375,338.037109375,338.037109375,338.037109375,1000
2011-10-17 00:00:00+09:00,345.0795593261719,345.0795593261719,345.0795593261719,345.0795593261719,1000
2011-10-18 00:00:00+09:00,345.0795593261719,345.0795593261719,345.0795593261719,345.0795593261719,1000
2011-10-19 00:00:00+09:00,345.0795593261719,345.0795593261719,345.0795593261719,345.0795593261719,1000
2011-10-20 00:00:00+09:00,345.0795593261719,345.0795593261719,345.0795593261719,345.0795593261719,1000
2011-10-21 00:00:00+09:00,345.0795593261719,345.0795593261719,345.0795593261719,345.0795593261719,1000
2011-10-24 00:00:00+09:00,345.0795593261719,345.0795593261719,345.0795593261719,345.0795593261719,1000
2011-10-25 00:00:00+09:00,345.0795593261719,345.0795593261719,345.0795593261719,345.0795593261719,2000
2011-10-26 00:00:00+09:00,345.0795593261719,345.0795593261719,345.0795593261719,345.0795593261719,2000
2011-10-27 00:00:00+09:00,345.0795593261719,345.0795593261719,345.0795593261719,345.0795593261719,2000
2011-10-28 00:00:00+09:00,345.0795593261719,345.0795593261719,345.0795593261719,345.0795593261719,2000
2011-10-31 00:00:00+09:00,345.0795593261719,345.0795593261719,345.0795593261719,345.0795593261719,1000
2011-11-01 00:00:00+09:00,345.0795593261719,345.0795593261719,345.0795593261719,345.0795593261719,1000
2011-11-02 00:00:00+09:00,345.0795593261719,345.0795593261719,345.0795593261719,345.0795593261719,1000
2011-11-04 00:00:00+09:00,338.037109375,338.037109375,338.037109375,338.037109375,1000
2011-11-07 00:00:00+09:00,339.7977294921875,339.7977294921875,339.7977294921875,339.7977294921875,1000
2011-11-08 00:00:00+09:00,339.7977294921875,339.7977294921875,339.7977294921875,339.7977294921875,1000
2011-11-09 00:00:00+09:00,343.3189392089844,343.3189392089844,343.3189392089844,343.3189392089844,2000
2011-11-10 00:00:00+09:00,343.3189392089844,343.3189392089844,343.3189392089844,343.3189392089844,2000
2011-11-11 00:00:00+09:00,343.3189392089844,343.3189392089844,343.3189392089844,343.3189392089844,2000
2011-11-14 00:00:00+09:00,347.720458984375,347.720458984375,347.720458984375,347.720458984375,3000
2011-11-15 00:00:00+09:00,347.720458984375,347.720458984375,347.720458984375,347.720458984375,3000
2011-11-16 00:00:00+09:00,347.720458984375,347.720458984375,347.720458984375,347.720458984375,3000
2011-11-17 00:00:00+09:00,341.558349609375,341.558349609375,341.558349609375,341.558349609375,1000
2011-11-18 00:00:00+09:00,341.558349609375,341.558349609375,341.558349609375,341.558349609375,2000
2011-11-21 00:00:00+09:00,348.6007995605469,348.6007995605469,348.6007995605469,348.6007995605469,1000
2011-11-22 00:00:00+09:00,348.6007995605469,348.6007995605469,348.6007995605469,348.6007995605469,0
2011-11-24 00:00:00+09:00,350.3614196777344,350.3614196777344,350.3614196777344,350.3614196777344,1000
2011-11-25 00:00:00+09:00,350.3614196777344,350.3614196777344,350.3614196777344,350.3614196777344,1000
2011-11-28 00:00:00+09:00,350.3614196777344,350.3614196777344,350.3614196777344,350.3614196777344,1000
2011-11-29 00:00:00+09:00,350.3614196777344,350.3614196777344,350.3614196777344,350.3614196777344,1000
2011-11-30 00:00:00+09:00,350.3614196777344,350.3614196777344,350.3614196777344,350.3614196777344,1000
2011-12-01 00:00:00+09:00,350.3614196777344,350.3614196777344,349.4811146031672,350.3614196777344,4000
2011-12-02 00:00:00+09:00,348.60078418703006,351.24169921875,348.60078418703006,351.24169921875,2000
2011-12-05 00:00:00+09:00,351.24169921875,351.24169921875,351.24169921875,351.24169921875,1000
2011-12-06 00:00:00+09:00,349.48107401529944,349.48107401529944,343.3189392089844,343.3189392089844,2000
2011-12-07 00:00:00+09:00,343.3189392089844,343.3189392089844,343.3189392089844,343.3189392089844,2000
2011-12-08 00:00:00+09:00,343.3189392089844,343.3189392089844,343.3189392089844,343.3189392089844,2000
2011-12-09 00:00:00+09:00,343.3189392089844,343.3189392089844,343.3189392089844,343.3189392089844,2000
2011-12-12 00:00:00+09:00,343.3189392089844,343.3189392089844,343.3189392089844,343.3189392089844,2000
2011-12-13 00:00:00+09:00,343.3189392089844,343.3189392089844,343.3189392089844,343.3189392089844,2000
2011-12-14 00:00:00+09:00,343.3189392089844,343.3189392089844,343.3189392089844,343.3189392089844,2000
2011-12-15 00:00:00+09:00,349.4811096191406,349.4811096191406,349.4811096191406,349.4811096191406,1000
2011-12-16 00:00:00+09:00,349.4811096191406,349.4811096191406,349.4811096191406,349.4811096191406,1000
2011-12-19 00:00:00+09:00,349.4811096191406,349.4811096191406,349.4811096191406,349.4811096191406,1000
2011-12-20 00:00:00+09:00,349.4811096191406,349.4811096191406,349.4811096191406,349.4811096191406,1000
2011-12-21 00:00:00+09:00,349.4811096191406,349.4811096191406,349.4811096191406,349.4811096191406,1000
2011-12-22 00:00:00+09:00,351.2417197431665,351.2417197431665,349.4811096191406,349.4811096191406,2000
2011-12-26 00:00:00+09:00,349.4811096191406,349.4811096191406,349.4811096191406,349.4811096191406,0
2011-12-27 00:00:00+09:00,349.4811096191406,349.4811096191406,349.4811096191406,349.4811096191406,1000
2011-12-28 00:00:00+09:00,356.5235539878287,360.9250793457031,356.5235539878287,360.9250793457031,3000
2011-12-29 00:00:00+09:00,360.9250793457031,360.9250793457031,360.9250793457031,360.9250793457031,3000
2011-12-30 00:00:00+09:00,356.5235900878906,356.5235900878906,356.5235900878906,356.5235900878906,1000
2012-01-04 00:00:00+09:00,356.5235900878906,356.5235900878906,356.5235900878906,356.5235900878906,1000
2012-01-05 00:00:00+09:00,356.5235900878906,356.5235900878906,356.5235900878906,356.5235900878906,1000
2012-01-06 00:00:00+09:00,360.9250793457031,360.9250793457031,360.9250793457031,360.9250793457031,2000
2012-01-10 00:00:00+09:00,359.1644287109375,359.1644287109375,359.1644287109375,359.1644287109375,1000
2012-01-11 00:00:00+09:00,361.8053486651685,365.3265686035156,361.8053486651685,365.3265686035156,2000
2012-01-12 00:00:00+09:00,370.60845947265625,370.60845947265625,370.60845947265625,370.60845947265625,1000
2012-01-13 00:00:00+09:00,377.65087890625,377.65087890625,377.65087890625,377.65087890625,1000
2012-01-16 00:00:00+09:00,377.65087890625,377.65087890625,377.65087890625,377.65087890625,1000
2012-01-17 00:00:00+09:00,364.4463195800781,364.4463195800781,364.4463195800781,364.4463195800781,2000
2012-01-18 00:00:00+09:00,369.72813876170034,373.2493591308594,369.72813876170034,373.2493591308594,2000
2012-01-19 00:00:00+09:00,373.2493591308594,373.2493591308594,373.2493591308594,373.2493591308594,2000
2012-01-20 00:00:00+09:00,373.2493591308594,373.2493591308594,373.2493591308594,373.2493591308594,2000
2012-01-23 00:00:00+09:00,366.2068786621094,366.2068786621094,366.2068786621094,366.2068786621094,1000
2012-01-24 00:00:00+09:00,365.3265686035156,365.3265686035156,365.3265686035156,365.3265686035156,2000
2012-01-25 00:00:00+09:00,366.2068786621094,366.2068786621094,366.2068786621094,366.2068786621094,1000
2012-01-26 00:00:00+09:00,366.2068786621094,366.2068786621094,366.2068786621094,366.2068786621094,1000
2012-01-27 00:00:00+09:00,366.2068786621094,366.2068786621094,366.2068786621094,366.2068786621094,1000
2012-01-30 00:00:00+09:00,368.84783935546875,368.84783935546875,368.84783935546875,368.84783935546875,1000
2012-01-31 00:00:00+09:00,368.84783935546875,368.84783935546875,368.84783935546875,368.84783935546875,1000
2012-02-01 00:00:00+09:00,368.84783935546875,368.84783935546875,368.84783935546875,368.84783935546875,1000
2012-02-02 00:00:00+09:00,371.4887538775276,378.53119470932904,371.4887538775276,374.1296691894531,6000
2012-02-03 00:00:00+09:00,374.1296691894531,374.1296691894531,374.1296691894531,374.1296691894531,6000
2012-02-06 00:00:00+09:00,374.1296691894531,374.1296691894531,374.1296691894531,374.1296691894531,6000
2012-02-07 00:00:00+09:00,376.77053818944415,382.0523681640625,376.77053818944415,382.0523681640625,5000
2012-02-08 00:00:00+09:00,378.5311481809836,382.0523681640625,374.12962320213495,382.0523681640625,4000
2012-02-09 00:00:00+09:00,382.93267822265625,382.93267822265625,382.93267822265625,382.93267822265625,1000
2012-02-10 00:00:00+09:00,384.6932678222656,384.6932678222656,384.6932678222656,384.6932678222656,1000
2012-02-13 00:00:00+09:00,384.6932678222656,384.6932678222656,384.6932678222656,384.6932678222656,1000
2012-02-14 00:00:00+09:00,384.6932678222656,384.6932678222656,384.6932678222656,384.6932678222656,1000
2012-02-15 00:00:00+09:00,378.5311634745233,379.4114685058594,372.3690282551706,379.4114685058594,4000
2012-02-16 00:00:00+09:00,379.4114685058594,379.4114685058594,379.4114685058594,379.4114685058594,1000
2012-02-17 00:00:00+09:00,378.5311381022135,380.291748046875,378.5311381022135,380.291748046875,4000
2012-02-20 00:00:00+09:00,382.93267315983223,382.93267315983223,379.41145317675335,382.0523681640625,3000
2012-02-21 00:00:00+09:00,382.93263265531357,385.57354736328125,382.93263265531357,385.57354736328125,4000
2012-02-22 00:00:00+09:00,386.4538879394531,388.2144979072866,386.4538879394531,386.4538879394531,6000
2012-02-23 00:00:00+09:00,387.3341473195348,389.0947570800781,387.3341473195348,389.0947570800781,3000
2012-02-24 00:00:00+09:00,390.85540771484375,390.85540771484375,390.85540771484375,390.85540771484375,1000
2012-02-27 00:00:00+09:00,393.49631756822885,397.01753741223985,393.49631756822885,395.2569274902344,12000
2012-02-28 00:00:00+09:00,397.89789813205533,399.65850830078125,397.89789813205533,399.65850830078125,3000
2012-02-29 00:00:00+09:00,399.65856787640115,404.9403991699219,399.65856787640115,404.9403991699219,5000
2012-03-01 00:00:00+09:00,404.94027217741933,409.341796875,404.94027217741933,409.341796875,3000
2012-03-02 00:00:00+09:00,405.82061767578125,405.82061767578125,405.82061767578125,405.82061767578125,1000
2012-03-05 00:00:00+09:00,410.2221428132626,410.2221428132626,405.82061767578125,405.82061767578125,4000
2012-03-06 00:00:00+09:00,405.82061767578125,405.82061767578125,405.82061767578125,405.82061767578125,0
2012-03-07 00:00:00+09:00,409.34184245574164,411.9827575683594,409.34184245574164,411.9827575683594,2000
2012-03-08 00:00:00+09:00,411.9827575683594,411.9827575683594,411.9827575683594,411.9827575683594,0
2012-03-09 00:00:00+09:00,411.10250363329453,412.86311392722723,410.2221984863281,410.2221984863281,7000
2012-03-12 00:00:00+09:00,410.2221984863281,410.2221984863281,410.2221984863281,410.2221984863281,0
2012-03-13 00:00:00+09:00,411.9827575683594,411.9827575683594,411.9827575683594,411.9827575683594,2000
2012-03-14 00:00:00+09:00,412.86309814453125,412.86309814453125,412.86309814453125,412.86309814453125,1000
2012-03-15 00:00:00+09:00,413.7433369954427,422.54638671875,413.7433369954427,422.54638671875,6000
2012-03-16 00:00:00+09:00,422.54638671875,422.54638671875,422.54638671875,422.54638671875,6000
2012-03-19 00:00:00+09:00,426.06764243397544,426.9479474803266,423.4267272949219,423.4267272949219,6000
2012-03-21 00:00:00+09:00,423.4267272949219,423.4267272949219,423.4267272949219,423.4267272949219,1000
2012-03-22 00:00:00+09:00,424.3070727993983,427.82829332055513,423.4267676691091,425.1873779296875,9000
2012-03-23 00:00:00+09:00,426.9479881902659,428.70859845084436,425.1873779296875,425.1873779296875,4000
2012-03-26 00:00:00+09:00,430.46917174798756,434.8706970214844,427.82825658388947,434.8706970214844,6000
2012-03-27 00:00:00+09:00,440.1524404803674,441.0327453613281,432.2296965517208,441.0327453613281,12000
2012-03-28 00:00:00+09:00,404.5764280711017,404.5764280711017,389.46038570361,393.9062805175781,14000
2012-03-29 00:00:00+09:00,393.0171551307935,399.24140871883776,393.0171551307935,395.6846923828125,6000
2012-03-30 00:00:00+09:00,394.79548726763045,400.1305614198957,394.79548726763045,398.3522033691406,4000
2012-04-02 00:00:00+09:00,386.7929023166872,386.7929023166872,375.2335742014759,377.0119323730469,4000
2012-04-03 00:00:00+09:00,377.901123046875,377.901123046875,377.901123046875,377.901123046875,1000
2012-04-04 00:00:00+09:00,377.901123046875,377.901123046875,377.901123046875,377.901123046875,2000
2012-04-05 00:00:00+09:00,377.9010881179882,377.9010881179882,375.2335510253906,375.2335510253906,6000
2012-04-06 00:00:00+09:00,373.4552307128906,373.4552307128906,373.4552307128906,373.4552307128906,1000
2012-04-09 00:00:00+09:00,368.1201477050781,368.1201477050781,368.1201477050781,368.1201477050781,1000
2012-04-10 00:00:00+09:00,375.2335510253906,375.2335510253906,375.2335510253906,375.2335510253906,1000
2012-04-11 00:00:00+09:00,368.1201477050781,368.1201477050781,368.1201477050781,368.1201477050781,1000
2012-04-12 00:00:00+09:00,368.1201477050781,368.1201477050781,368.1201477050781,368.1201477050781,1000
2012-04-13 00:00:00+09:00,375.2335510253906,375.2335510253906,375.2335510253906,375.2335510253906,1000
2012-04-16 00:00:00+09:00,373.4552307128906,373.4552307128906,373.4552307128906,373.4552307128906,1000
2012-04-17 00:00:00+09:00,375.2335510253906,375.2335510253906,375.2335510253906,375.2335510253906,1000
2012-04-18 00:00:00+09:00,375.2335510253906,375.2335510253906,375.2335510253906,375.2335510253906,1000
2012-04-19 00:00:00+09:00,373.4552307128906,373.4552307128906,373.4552307128906,373.4552307128906,3000
2012-04-20 00:00:00+09:00,372.5660705566406,372.5660705566406,372.5660705566406,372.5660705566406,1000
2012-04-23 00:00:00+09:00,373.4552307128906,373.4552307128906,373.4552307128906,373.4552307128906,1000
2012-04-24 00:00:00+09:00,369.89849853515625,369.89849853515625,369.89849853515625,369.89849853515625,1000
2012-04-25 00:00:00+09:00,369.89849853515625,369.89849853515625,369.89849853515625,369.89849853515625,1000
2012-04-26 00:00:00+09:00,369.00927734375,369.00927734375,369.00927734375,369.00927734375,1000
2012-04-27 00:00:00+09:00,367.2309265136719,367.2309265136719,367.2309265136719,367.2309265136719,2000
2012-05-01 00:00:00+09:00,367.2309265136719,367.2309265136719,367.2309265136719,367.2309265136719,0
2012-05-02 00:00:00+09:00,367.2309265136719,367.2309265136719,367.2309265136719,367.2309265136719,2000
2012-05-07 00:00:00+09:00,367.23096860434123,368.1201477050781,367.23096860434123,368.1201477050781,2000
2012-05-08 00:00:00+09:00,372.56600781368803,372.56600781368803,365.45257568359375,365.45257568359375,5000
2012-05-09 00:00:00+09:00,371.6768493652344,371.6768493652344,371.6768493652344,371.6768493652344,1000
2012-05-10 00:00:00+09:00,371.6768493652344,371.6768493652344,371.6768493652344,371.6768493652344,1000
2012-05-11 00:00:00+09:00,371.6768493652344,371.6768493652344,371.6768493652344,371.6768493652344,1000
2012-05-14 00:00:00+09:00,361.8959235581271,361.8959235581271,361.0067443847656,361.0067443847656,2000
2012-05-15 00:00:00+09:00,361.0067443847656,361.0067443847656,361.0067443847656,361.0067443847656,2000
2012-05-16 00:00:00+09:00,356.560791015625,356.560791015625,356.560791015625,356.560791015625,1000
2012-05-17 00:00:00+09:00,356.560791015625,356.560791015625,356.560791015625,356.560791015625,1000
2012-05-18 00:00:00+09:00,356.560791015625,356.560791015625,356.560791015625,356.560791015625,1000
2012-05-21 00:00:00+09:00,356.560791015625,356.560791015625,356.560791015625,356.560791015625,1000
2012-05-22 00:00:00+09:00,364.56341552734375,364.56341552734375,364.56341552734375,364.56341552734375,1000
2012-05-23 00:00:00+09:00,366.341796875,366.341796875,366.341796875,366.341796875,1000
2012-05-24 00:00:00+09:00,366.341796875,366.341796875,366.341796875,366.341796875,1000
2012-05-25 00:00:00+09:00,366.341796875,366.341796875,366.341796875,366.341796875,1000
2012-05-28 00:00:00+09:00,366.341796875,366.341796875,366.341796875,366.341796875,1000
2012-05-29 00:00:00+09:00,366.341796875,366.341796875,366.341796875,366.341796875,1000
2012-05-30 00:00:00+09:00,366.341796875,366.341796875,366.341796875,366.341796875,1000
2012-05-31 00:00:00+09:00,366.341796875,366.341796875,366.341796875,366.341796875,1000
2012-06-01 00:00:00+09:00,366.341796875,366.341796875,366.341796875,366.341796875,1000
2012-06-04 00:00:00+09:00,365.45257568359375,365.45257568359375,365.45257568359375,365.45257568359375,1000
2012-06-05 00:00:00+09:00,365.45257568359375,365.45257568359375,365.45257568359375,365.45257568359375,1000
2012-06-06 00:00:00+09:00,365.45257568359375,365.45257568359375,365.45257568359375,365.45257568359375,1000
2012-06-07 00:00:00+09:00,365.45257568359375,365.45257568359375,365.45257568359375,365.45257568359375,1000
2012-06-08 00:00:00+09:00,365.45257568359375,365.45257568359375,365.45257568359375,365.45257568359375,1000
2012-06-11 00:00:00+09:00,358.33914355349947,365.45257568359375,358.33914355349947,365.45257568359375,2000
2012-06-12 00:00:00+09:00,365.45257568359375,365.45257568359375,365.45257568359375,365.45257568359375,2000
2012-06-13 00:00:00+09:00,365.45257568359375,365.45257568359375,365.45257568359375,365.45257568359375,2000
2012-06-14 00:00:00+09:00,358.33920686468116,361.0067443847656,358.33920686468116,361.0067443847656,3000
2012-06-15 00:00:00+09:00,361.0067443847656,361.0067443847656,361.0067443847656,361.0067443847656,3000
2012-06-18 00:00:00+09:00,359.2283630371094,359.2283630371094,359.2283630371094,359.2283630371094,1000
2012-06-19 00:00:00+09:00,364.56341552734375,364.56341552734375,364.56341552734375,364.56341552734375,1000
2012-06-20 00:00:00+09:00,364.56341552734375,364.56341552734375,364.56341552734375,364.56341552734375,1000
2012-06-21 00:00:00+09:00,364.56341552734375,364.56341552734375,364.56341552734375,364.56341552734375,1000
2012-06-22 00:00:00+09:00,364.56341552734375,364.56341552734375,364.56341552734375,364.56341552734375,1000
2012-06-25 00:00:00+09:00,361.8958740234375,361.8958740234375,361.8958740234375,361.8958740234375,1000
2012-06-26 00:00:00+09:00,366.341796875,366.341796875,366.341796875,366.341796875,1000
2012-06-27 00:00:00+09:00,366.341796875,366.341796875,366.341796875,366.341796875,1000
2012-06-28 00:00:00+09:00,366.341796875,366.341796875,366.341796875,366.341796875,1000
2012-06-29 00:00:00+09:00,365.45257568359375,365.45257568359375,365.45257568359375,365.45257568359375,1000
2012-07-02 00:00:00+09:00,371.6768493652344,371.6768493652344,371.6768493652344,371.6768493652344,1000
2012-07-03 00:00:00+09:00,373.4552307128906,373.4552307128906,373.4552307128906,373.4552307128906,1000
2012-07-04 00:00:00+09:00,380.56866455078125,380.56866455078125,380.56866455078125,380.56866455078125,1000
2012-07-05 00:00:00+09:00,378.790283203125,378.790283203125,378.790283203125,378.790283203125,1000
2012-07-06 00:00:00+09:00,377.0119323730469,377.0119323730469,377.0119323730469,377.0119323730469,1000
2012-07-09 00:00:00+09:00,374.34442138671875,374.34442138671875,374.34442138671875,374.34442138671875,1000
2012-07-10 00:00:00+09:00,374.34442138671875,374.34442138671875,374.34442138671875,374.34442138671875,1000
2012-07-11 00:00:00+09:00,374.34442138671875,374.34442138671875,374.34442138671875,374.34442138671875,1000
2012-07-12 00:00:00+09:00,374.34442138671875,374.34442138671875,374.34442138671875,374.34442138671875,1000
2012-07-13 00:00:00+09:00,373.4552307128906,373.4552307128906,373.4552307128906,373.4552307128906,1000
2012-07-17 00:00:00+09:00,373.4552307128906,373.4552307128906,373.4552307128906,373.4552307128906,1000
2012-07-18 00:00:00+09:00,373.4552307128906,373.4552307128906,373.4552307128906,373.4552307128906,1000
2012-07-19 00:00:00+09:00,373.4552307128906,373.4552307128906,373.4552307128906,373.4552307128906,1000
2012-07-20 00:00:00+09:00,373.4552307128906,373.4552307128906,373.4552307128906,373.4552307128906,1000
2012-07-23 00:00:00+09:00,373.4552307128906,373.4552307128906,373.4552307128906,373.4552307128906,1000
2012-07-24 00:00:00+09:00,375.2335246883026,389.46038818359375,375.2335246883026,389.46038818359375,2000
2012-07-25 00:00:00+09:00,374.34442138671875,374.34442138671875,374.34442138671875,374.34442138671875,1000
2012-07-26 00:00:00+09:00,374.34442138671875,374.34442138671875,374.34442138671875,374.34442138671875,1000
2012-07-27 00:00:00+09:00,381.4578552246094,381.4578552246094,381.4578552246094,381.4578552246094,1000
2012-07-30 00:00:00+09:00,381.4578552246094,381.4578552246094,381.4578552246094,381.4578552246094,1000
2012-07-31 00:00:00+09:00,381.4578552246094,381.4578552246094,381.4578552246094,381.4578552246094,1000
2012-08-01 00:00:00+09:00,381.4578552246094,381.4578552246094,381.4578552246094,381.4578552246094,1000
2012-08-02 00:00:00+09:00,381.4578552246094,381.4578552246094,381.4578552246094,381.4578552246094,1000
2012-08-03 00:00:00+09:00,381.4578552246094,381.4578552246094,381.4578552246094,381.4578552246094,1000
2012-08-06 00:00:00+09:00,381.4578552246094,381.4578552246094,381.4578552246094,381.4578552246094,1000
2012-08-07 00:00:00+09:00,381.4578552246094,381.4578552246094,381.4578552246094,381.4578552246094,1000
2012-08-08 00:00:00+09:00,369.89849853515625,369.89849853515625,369.89849853515625,369.89849853515625,1000
2012-08-09 00:00:00+09:00,369.89849853515625,369.89849853515625,369.89849853515625,369.89849853515625,1000
2012-08-10 00:00:00+09:00,370.7877502441406,370.7877502441406,370.7877502441406,370.7877502441406,1000
2012-08-13 00:00:00+09:00,372.5660705566406,372.5660705566406,372.5660705566406,372.5660705566406,1000
2012-08-14 00:00:00+09:00,372.5660705566406,372.5660705566406,372.5660705566406,372.5660705566406,1000
2012-08-15 00:00:00+09:00,372.5660705566406,372.5660705566406,372.5660705566406,372.5660705566406,1000
2012-08-16 00:00:00+09:00,372.5660705566406,372.5660705566406,372.5660705566406,372.5660705566406,1000
2012-08-17 00:00:00+09:00,377.901123046875,377.901123046875,377.901123046875,377.901123046875,1000
2012-08-20 00:00:00+09:00,377.901123046875,377.901123046875,377.901123046875,377.901123046875,1000
2012-08-21 00:00:00+09:00,377.901123046875,377.901123046875,377.901123046875,377.901123046875,1000
2012-08-22 00:00:00+09:00,377.901123046875,377.901123046875,377.901123046875,377.901123046875,1000
2012-08-23 00:00:00+09:00,383.236163897847,383.236163897847,382.34698486328125,382.34698486328125,2000
2012-08-24 00:00:00+09:00,377.0119588312797,377.0119588312797,374.34442138671875,374.34442138671875,3000
2012-08-27 00:00:00+09:00,373.4552307128906,373.4552307128906,373.4552307128906,373.4552307128906,3000
2012-08-28 00:00:00+09:00,373.4552307128906,373.4552307128906,373.4552307128906,373.4552307128906,1000
2012-08-29 00:00:00+09:00,373.4552307128906,373.4552307128906,373.4552307128906,373.4552307128906,3000
2012-08-30 00:00:00+09:00,373.45521486722504,373.45521486722504,369.89849853515625,369.89849853515625,3000
2012-08-31 00:00:00+09:00,370.7876353068524,370.7876353068524,369.00927734375,369.00927734375,2000
2012-09-03 00:00:00+09:00,369.00927734375,369.00927734375,369.00927734375,369.00927734375,2000
2012-09-04 00:00:00+09:00,369.00927734375,369.00927734375,369.00927734375,369.00927734375,2000
2012-09-05 00:00:00+09:00,369.00927734375,369.00927734375,369.00927734375,369.00927734375,2000
2012-09-06 00:00:00+09:00,362.7850341796875,362.7850341796875,362.7850341796875,362.7850341796875,1000
2012-09-07 00:00:00+09:00,369.00927734375,369.00927734375,369.00927734375,369.00927734375,1000
2012-09-10 00:00:00+09:00,364.56339219037227,364.56339219037227,362.7850341796875,362.7850341796875,2000
2012-09-11 00:00:00+09:00,364.56344943576386,364.56344943576386,360.1175537109375,360.1175537109375,13000
2012-09-12 00:00:00+09:00,360.1175537109375,360.1175537109375,360.1175537109375,360.1175537109375,13000
2012-09-13 00:00:00+09:00,360.1175537109375,360.1175537109375,360.1175537109375,360.1175537109375,13000
2012-09-14 00:00:00+09:00,370.7877502441406,370.7877502441406,370.7877502441406,370.7877502441406,1000
2012-09-18 00:00:00+09:00,370.7877502441406,370.7877502441406,370.7877502441406,370.7877502441406,1000
2012-09-19 00:00:00+09:00,369.00939172978025,370.7877502441406,369.00939172978025,370.7877502441406,2000
2012-09-20 00:00:00+09:00,366.34174039909635,369.00927734375,366.34174039909635,369.00927734375,2000
2012-09-21 00:00:00+09:00,369.00927734375,369.00927734375,369.00927734375,369.00927734375,2000
2012-09-24 00:00:00+09:00,369.00927734375,369.00927734375,369.00927734375,369.00927734375,2000
2012-09-25 00:00:00+09:00,369.00927734375,369.00927734375,369.00927734375,369.00927734375,2000
2012-09-26 00:00:00+09:00,363.67431640625,363.67431640625,363.67431640625,363.67431640625,1000
2012-09-27 00:00:00+09:00,366.34174751484943,367.2309265136719,366.34174751484943,367.2309265136719,6000
2012-09-28 00:00:00+09:00,367.2309265136719,367.2309265136719,367.2309265136719,367.2309265136719,6000
2012-10-01 00:00:00+09:00,367.2309265136719,367.2309265136719,367.2309265136719,367.2309265136719,6000
2012-10-02 00:00:00+09:00,373.4552307128906,373.4552307128906,373.4552307128906,373.4552307128906,1000
2012-10-03 00:00:00+09:00,373.4552307128906,373.4552307128906,373.4552307128906,373.4552307128906,1000
2012-10-04 00:00:00+09:00,374.34435123305724,374.34435123305724,369.00927734375,369.00927734375,2000
2012-10-05 00:00:00+09:00,373.4552307128906,373.4552307128906,373.4552307128906,373.4552307128906,1000
2012-10-09 00:00:00+09:00,369.00927734375,369.00927734375,369.00927734375,369.00927734375,2000
2012-10-10 00:00:00+09:00,369.00927734375,369.00927734375,369.00927734375,369.00927734375,2000
2012-10-11 00:00:00+09:00,366.341796875,366.341796875,366.341796875,366.341796875,1000
2012-10-12 00:00:00+09:00,369.00927734375,369.00927734375,369.00927734375,369.00927734375,1000
2012-10-15 00:00:00+09:00,373.4552307128906,373.4552307128906,373.4552307128906,373.4552307128906,2000
2012-10-16 00:00:00+09:00,373.4552307128906,373.4552307128906,373.4552307128906,373.4552307128906,2000
2012-10-17 00:00:00+09:00,373.4552307128906,373.4552307128906,373.4552307128906,373.4552307128906,2000
2012-10-18 00:00:00+09:00,373.4552307128906,373.4552307128906,372.56605159214564,373.4552307128906,3000
2012-10-19 00:00:00+09:00,373.4552307128906,373.4552307128906,373.4552307128906,373.4552307128906,3000
2012-10-22 00:00:00+09:00,373.4552307128906,373.4552307128906,373.4552307128906,373.4552307128906,3000
2012-10-23 00:00:00+09:00,372.56602843070146,372.56602843070146,371.6768493652344,371.6768493652344,2000
2012-10-24 00:00:00+09:00,373.4552307128906,373.4552307128906,373.4552307128906,373.4552307128906,2000
2012-10-25 00:00:00+09:00,373.45523156852363,380.56866455078125,373.45523156852363,380.56866455078125,8000
2012-10-26 00:00:00+09:00,380.56866455078125,380.56866455078125,380.56866455078125,380.56866455078125,8000
2012-10-29 00:00:00+09:00,380.56866455078125,380.56866455078125,380.56866455078125,380.56866455078125,8000
2012-10-30 00:00:00+09:00,380.56867607490165,381.4578552246094,380.56867607490165,381.4578552246094,3000
2012-10-31 00:00:00+09:00,381.4578552246094,381.4578552246094,381.4578552246094,381.4578552246094,3000
2012-11-01 00:00:00+09:00,381.4578552246094,381.4578552246094,381.4578552246094,381.4578552246094,3000
2012-11-02 00:00:00+09:00,378.790283203125,378.790283203125,378.790283203125,378.790283203125,3000
2012-11-05 00:00:00+09:00,378.790283203125,378.790283203125,378.790283203125,378.790283203125,4000
2012-11-06 00:00:00+09:00,377.90108969045235,382.34698486328125,377.90108969045235,382.34698486328125,3000
2012-11-07 00:00:00+09:00,382.3469948983407,394.7955017089844,382.3469948983407,394.7955017089844,5000
2012-11-08 00:00:00+09:00,382.34698486328125,382.34698486328125,378.79026872501817,382.34698486328125,3000
2012-11-09 00:00:00+09:00,382.34698486328125,382.34698486328125,382.34698486328125,382.34698486328125,1000
2012-11-12 00:00:00+09:00,382.34698486328125,382.34698486328125,382.34698486328125,382.34698486328125,3000
2012-11-13 00:00:00+09:00,382.34698486328125,382.34698486328125,382.34698486328125,382.34698486328125,3000
2012-11-14 00:00:00+09:00,382.34698486328125,382.34698486328125,382.34698486328125,382.34698486328125,2000
2012-11-15 00:00:00+09:00,382.3470068877598,382.3470068877598,377.0119323730469,377.0119323730469,2000
2012-11-16 00:00:00+09:00,377.901123046875,377.901123046875,377.901123046875,377.901123046875,2000
2012-11-19 00:00:00+09:00,382.3469919488289,436.5869140625,378.79027574465374,436.5869140625,34000
2012-11-20 00:00:00+09:00,415.24660197209573,415.24660197209573,393.0171264917908,402.798095703125,24000
2012-11-21 00:00:00+09:00,417.02502735874106,417.02502735874106,403.6873399165639,405.4656982421875,7000
2012-11-22 00:00:00+09:00,406.3548178179511,412.5790710449219,406.3548178179511,412.5790710449219,6000
2012-11-26 00:00:00+09:00,415.2465891848328,415.2465891848328,413.4682312011719,413.4682312011719,2000
2012-11-27 00:00:00+09:00,410.80078485601575,410.80078485601575,406.3548889160156,406.3548889160156,5000
2012-11-28 00:00:00+09:00,401.019775390625,401.019775390625,401.019775390625,401.019775390625,1000
2012-11-29 00:00:00+09:00,402.798095703125,402.798095703125,402.798095703125,402.798095703125,3000
2012-11-30 00:00:00+09:00,402.798095703125,402.798095703125,402.798095703125,402.798095703125,3000
2012-12-03 00:00:00+09:00,405.46571363366166,409.0224304199219,405.46571363366166,409.0224304199219,3000
2012-12-04 00:00:00+09:00,409.0224304199219,409.0224304199219,409.0224304199219,409.0224304199219,1000
2012-12-05 00:00:00+09:00,409.0224304199219,409.0224304199219,409.0224304199219,409.0224304199219,1000
2012-12-06 00:00:00+09:00,416.13583044975553,420.58172607421875,416.13583044975553,420.58172607421875,7000
2012-12-07 00:00:00+09:00,426.8059714601178,434.808583424995,415.24664306640625,415.24664306640625,3000
2012-12-10 00:00:00+09:00,415.24664306640625,415.24664306640625,415.24664306640625,415.24664306640625,3000
2012-12-11 00:00:00+09:00,418.8032974243164,426.805908203125,418.8032974243164,426.805908203125,6000
2012-12-12 00:00:00+09:00,418.80329016483194,440.1435852050781,418.80329016483194,440.1435852050781,7000
2012-12-13 00:00:00+09:00,440.14360853843766,443.70032456703115,424.13838640976724,441.9219665527344,9000
2012-12-14 00:00:00+09:00,441.92200753348214,447.25708207110966,435.69775390625,435.69775390625,9000
2012-12-17 00:00:00+09:00,445.4787188552496,451.7029724121094,445.4787188552496,451.7029724121094,4000
2012-12-18 00:00:00+09:00,449.92463725968906,453.4813537597656,449.0354581346699,453.4813537597656,6000
2012-12-19 00:00:00+09:00,444.58953857421875,444.58953857421875,444.58953857421875,444.58953857421875,2000
2012-12-20 00:00:00+09:00,452.5921713819781,457.92724609375,452.5921713819781,457.92724609375,7000
2012-12-21 00:00:00+09:00,449.9246526933366,457.0380859375,449.03547353781613,457.0380859375,4000
2012-12-25 00:00:00+09:00,457.03807025984224,457.03807025984224,453.4813537597656,453.4813537597656,3000
2012-12-26 00:00:00+09:00,453.4813537597656,453.4813537597656,453.4813537597656,453.4813537597656,0
2012-12-27 00:00:00+09:00,453.4813537597656,453.4813537597656,453.4813537597656,453.4813537597656,3000
2012-12-28 00:00:00+09:00,448.1462904002568,454.37054443359375,448.1462904002568,454.37054443359375,3000
2013-01-04 00:00:00+09:00,455.25971762759923,470.3757629394531,455.25971762759923,470.3757629394531,6000
2013-01-07 00:00:00+09:00,470.3757629394531,470.3757629394531,470.3757629394531,470.3757629394531,1000
2013-01-08 00:00:00+09:00,462.3731384277344,462.3731384277344,461.48395931537334,462.3731384277344,5000
2013-01-09 00:00:00+09:00,457.92722833065585,465.9298400878906,457.92722833065585,465.9298400878906,2000
2013-01-10 00:00:00+09:00,466.8189697265625,466.8189697265625,466.8189697265625,466.8189697265625,1000
2013-01-11 00:00:00+09:00,466.8189697265625,466.8189697265625,466.8189697265625,466.8189697265625,1000
2013-01-15 00:00:00+09:00,468.59735977716787,473.9324340820313,468.59735977716787,473.93243408203125,4000
2013-01-16 00:00:00+09:00,482.82415296766493,489.0484054000289,480.1566162109375,480.1566162109375,9000
2013-01-17 00:00:00+09:00,480.1566874377052,497.94026845391653,471.26489692959956,473.93243408203125,8000
2013-01-18 00:00:00+09:00,489.0484243199445,490.8267822265625,484.60252955339956,490.8267822265625,4000
2013-01-21 00:00:00+09:00,493.49438176836287,497.9402770996094,493.49438176836287,497.9402770996094,2000
2013-01-22 00:00:00+09:00,497.94027412887164,502.38616943359375,489.9376625803719,502.38616943359375,7000
2013-01-23 00:00:00+09:00,489.0484619140625,489.0484619140625,489.0484619140625,489.0484619140625,17000
2013-01-24 00:00:00+09:00,483.7133194414666,518.3912963867188,483.7133194414666,518.3912963867188,5000
2013-01-25 00:00:00+09:00,518.3913952405604,518.3913952405604,505.05370925666955,516.613037109375,8000
2013-01-28 00:00:00+09:00,515.7238553477599,524.615645957204,502.38616943359375,502.38616943359375,16000
2013-01-29 00:00:00+09:00,503.27529656031084,519.2805180056918,503.27529656031084,507.72119140625,3000
2013-01-30 00:00:00+09:00,509.49957275390625,509.49957275390625,509.49957275390625,509.49957275390625,1000
2013-01-31 00:00:00+09:00,517.5022161749678,517.5022161749678,516.613037109375,516.613037109375,2000
2013-02-01 00:00:00+09:00,519.2805933459052,519.2805933459052,511.2779814621498,515.723876953125,9000
2013-02-04 00:00:00+09:00,516.6131249125093,522.8373794295275,516.6131249125093,521.0590209960938,5000
2013-02-05 00:00:00+09:00,521.058949462479,532.6182776928752,513.945516705312,527.283203125,13000
2013-02-06 00:00:00+09:00,524.6156005859375,524.6156005859375,523.7264216018935,524.6156005859375,6000
2013-02-07 00:00:00+09:00,526.3940470719538,530.8399427397912,526.3940470719538,529.0615844726562,6000
2013-02-08 00:00:00+09:00,525.5047795699815,525.5047795699815,524.6156005859375,524.6156005859375,2000
2013-02-12 00:00:00+09:00,524.6156955295138,524.6156955295138,520.1697998046875,520.1697998046875,3000
2013-02-13 00:00:00+09:00,516.6131249125093,521.0590209960938,508.61051196205733,521.0590209960938,4000
2013-02-14 00:00:00+09:00,514.8346323843019,514.8346323843019,507.72120050334433,513.0562744140625,5000
2013-02-15 00:00:00+09:00,506.8320007324218,506.8320007324218,489.0484217593544,506.8320007324219,7000
2013-02-18 00:00:00+09:00,489.0485270329453,502.3862141338438,484.6026313326458,491.716064453125,8000
2013-02-19 00:00:00+09:00,488.15929739815846,489.04847644624255,472.15407453264504,485.49176025390625,20000
2013-02-20 00:00:00+09:00,471.2648646763393,479.2674755859375,466.8189697265625,466.8189697265625,28000
2013-02-21 00:00:00+09:00,467.70818072635734,473.9324340820313,467.70818072635734,473.93243408203125,4000
2013-02-22 00:00:00+09:00,478.3782583731192,480.1566162109375,471.26482702184603,480.1566162109375,15000
2013-02-25 00:00:00+09:00,480.15674978880253,490.8268997841093,480.15674978880253,481.0459289550781,8000
2013-02-26 00:00:00+09:00,481.0459289550781,481.0459289550781,481.0459289550781,481.0459289550781,1000
2013-02-27 00:00:00+09:00,484.60256958007807,484.60256958007807,482.8242115265732,484.6025695800781,12000
2013-02-28 00:00:00+09:00,487.27019152942,493.4944458007812,486.38101234779697,493.49444580078125,7000
2013-03-01 00:00:00+09:00,497.05101140566023,500.60772705078125,494.38347467181944,500.60772705078125,6000
2013-03-04 00:00:00+09:00,500.60779971941145,511.27794820366177,500.60779971941145,501.4969787597656,11000
2013-03-05 00:00:00+09:00,508.61035156249994,508.61035156249994,503.2752779447115,508.6103515625,12000
2013-03-06 00:00:00+09:00,512.1671605603449,522.8373097386853,512.1671605603449,515.723876953125,14000
2013-03-07 00:00:00+09:00,528.1722642430719,528.1722642430719,507.72114963433347,518.3912963867188,15000
2013-03-08 00:00:00+09:00,524.6156085470449,524.6156085470449,511.2779235839844,511.2779235839844,10000
2013-03-11 00:00:00+09:00,520.1697998046875,520.1697998046875,520.1697998046875,520.1697998046875,1000
2013-03-12 00:00:00+09:00,524.6155486589436,524.6155486589436,518.3912963867188,518.3912963867188,5000
2013-03-13 00:00:00+09:00,518.3913762987274,520.1697343649324,517.502197265625,517.502197265625,8000
2013-03-14 00:00:00+09:00,517.5021174906866,518.3912963867188,517.5021174906866,518.3912963867188,2000
2013-03-15 00:00:00+09:00,517.5023041292262,521.0590209960938,517.5023041292262,521.0590209960938,3000
2013-03-18 00:00:00+09:00,529.0615278263156,531.7290649414062,529.0615278263156,531.7290649414062,9000
2013-03-19 00:00:00+09:00,533.5074462890625,535.2858044433593,533.5074462890625,533.5074462890625,4000
2013-03-21 00:00:00+09:00,533.5073713118655,533.5073713118655,525.5047607421875,525.5047607421875,7000
2013-03-22 00:00:00+09:00,529.0615655271798,533.5074610358116,529.0615655271798,529.9507446289062,8000
2013-03-25 00:00:00+09:00,533.5074462890625,533.5074462890625,529.0615509033203,533.5074462890625,8000
2013-03-26 00:00:00+09:00,533.5073477406042,535.2857055664062,533.5073477406042,535.2857055664062,15000
2013-03-27 00:00:00+09:00,508.25106892831377,509.15222330584623,495.63490764285916,507.34991455078125,18000
2013-03-28 00:00:00+09:00,509.15225567877184,509.15225567877184,505.5476379394531,505.5476379394531,4000
2013-03-29 00:00:00+09:00,510.05347367561353,510.05347367561353,503.7453918457031,503.7453918457031,4000
2013-04-01 00:00:00+09:00,499.2395972789418,499.2395972789418,495.6349792480469,495.6349792480469,3000
2013-04-02 00:00:00+09:00,486.6234553943981,486.6234553943981,468.6003644538648,475.8096008300781,14000
2013-04-03 00:00:00+09:00,482.11773681640625,482.11773681640625,482.11773681640625,482.11773681640625,1000
2013-04-04 00:00:00+09:00,477.6119635751314,482.11773681640625,477.6119635751314,482.11773681640625,4000
2013-04-05 00:00:00+09:00,482.1176105075412,486.6233825683594,482.1176105075412,486.6233825683594,3000
2013-04-08 00:00:00+09:00,486.6234341708097,495.6349792480469,486.6234341708097,495.6349792480469,5000
2013-04-09 00:00:00+09:00,511.8557778216423,511.8557778216423,504.6465415142952,508.25115966796875,4000
2013-04-10 00:00:00+09:00,507.34991455078125,507.34991455078125,507.34991455078125,507.34991455078125,1000
2013-04-11 00:00:00+09:00,501.0419062943892,501.0419062943892,495.6349792480469,495.6349792480469,5000
2013-04-12 00:00:00+09:00,495.6349792480469,495.6349792480469,495.6349792480469,495.6349792480469,5000
2013-04-15 00:00:00+09:00,489.326904296875,489.326904296875,489.326904296875,489.326904296875,1000
2013-04-16 00:00:00+09:00,485.7222871674823,488.4257507324219,485.7222871674823,488.4257507324219,3000
2013-04-17 00:00:00+09:00,488.4257507324219,488.4257507324219,488.4257507324219,488.4257507324219,3000
2013-04-18 00:00:00+09:00,488.4257507324219,488.4257507324219,488.4257507324219,488.4257507324219,3000
2013-04-19 00:00:00+09:00,488.4257507324219,488.4257507324219,488.4257507324219,488.4257507324219,1000
2013-04-22 00:00:00+09:00,492.9315490722656,492.9315490722656,492.9315490722656,492.9315490722656,1000
2013-04-23 00:00:00+09:00,493.8326416015625,495.63495051251715,493.8326416015625,493.8326416015625,4000
2013-04-24 00:00:00+09:00,492.9315490722656,492.9315490722656,492.0303945035778,492.9315490722656,3000
2013-04-25 00:00:00+09:00,498.33850097656256,498.33850097656256,498.33850097656256,498.3385009765625,1000
2013-04-26 00:00:00+09:00,500.1407736571829,503.7453918457031,500.1407736571829,503.7453918457031,3000
2013-04-30 00:00:00+09:00,503.7453918457031,503.7453918457031,503.7453918457031,503.7453918457031,2000
2013-05-01 00:00:00+09:00,499.2396839588612,500.1408386230469,499.2396839588612,500.1408386230469,2000
2013-05-02 00:00:00+09:00,502.84417724609375,503.7453316856029,500.14071392756637,502.84417724609375,4000
2013-05-07 00:00:00+09:00,502.84419242527173,518.163818359375,501.9430379585598,518.163818359375,10000
2013-05-08 00:00:00+09:00,527.175403966313,527.175403966313,502.84423147556004,509.1523132324219,11000
2013-05-09 00:00:00+09:00,518.1637921249658,518.1637921249658,513.6580200195312,513.6580200195312,2000
2013-05-10 00:00:00+09:00,513.6580772266987,521.7684679197517,505.5476865336455,517.2626953125,7000
2013-05-13 00:00:00+09:00,517.2626953125,517.2626953125,517.2626953125,517.2626953125,7000
2013-05-14 00:00:00+09:00,517.2626953125,517.2626953125,517.2626953125,517.2626953125,7000
2013-05-15 00:00:00+09:00,516.3614911574093,517.262645592239,505.5476379394531,505.5476379394531,5000
2013-05-16 00:00:00+09:00,505.5476999555315,505.5476999555315,504.64654541015625,504.64654541015625,3000
2013-05-17 00:00:00+09:00,519.0650242554152,519.0650242554152,499.2396240234375,499.2396240234375,8000
2013-05-20 00:00:00+09:00,508.2511210017179,516.3615112304688,508.2511210017179,516.3615112304688,4000
2013-05-21 00:00:00+09:00,516.3615112304688,516.3615112304688,516.3615112304688,516.3615112304688,4000
2013-05-22 00:00:00+09:00,516.3615112304688,516.3615112304688,516.3615112304688,516.3615112304688,1000
2013-05-23 00:00:00+09:00,509.15238303384837,509.15238303384837,501.9431457519531,501.9431457519531,5000
2013-05-24 00:00:00+09:00,513.6580200195312,513.6580200195312,513.6580200195312,513.6580200195312,1000
2013-05-27 00:00:00+09:00,513.6580323143829,513.6580323143829,501.04187011718756,501.0418701171875,3000
2013-05-28 00:00:00+09:00,501.04187011718756,501.04187011718756,501.04187011718756,501.0418701171875,3000
2013-05-29 00:00:00+09:00,501.04187011718756,501.04187011718756,501.04187011718756,501.0418701171875,3000
2013-05-30 00:00:00+09:00,496.53617039848774,496.53617039848774,490.22808837890625,490.22808837890625,5000
2013-05-31 00:00:00+09:00,490.22808837890625,490.22808837890625,490.22808837890625,490.22808837890625,5000
2013-06-03 00:00:00+09:00,490.2280934746057,490.2280934746057,485.7223205566406,485.7223205566406,2000
2013-06-04 00:00:00+09:00,480.31543740392186,480.31543740392186,474.0073547363281,474.0073547363281,3000
2013-06-05 00:00:00+09:00,475.8096008300781,475.8096008300781,475.8096008300781,475.8096008300781,1000
2013-06-06 00:00:00+09:00,474.0072907590235,476.71075439453125,474.0072907590235,476.71075439453125,2000
2013-06-07 00:00:00+09:00,469.50151586914063,469.50151586914063,450.5772705078125,450.5772705078125,5000
2013-06-10 00:00:00+09:00,468.60040283203125,468.60040283203125,468.60040283203125,468.60040283203125,1000
2013-06-11 00:00:00+09:00,468.60040283203125,468.60040283203125,468.60040283203125,468.60040283203125,1000
2013-06-12 00:00:00+09:00,468.60040283203125,468.60040283203125,468.60040283203125,468.60040283203125,1000
2013-06-13 00:00:00+09:00,477.6119689941406,477.6119689941406,477.6119689941406,477.6119689941406,1000
2013-06-14 00:00:00+09:00,477.6119689941406,477.6119689941406,477.6119689941406,477.6119689941406,1000
2013-06-17 00:00:00+09:00,477.6119689941406,477.6119689941406,468.6004224093455,477.6119689941406,3000
2013-06-18 00:00:00+09:00,477.6119689941406,477.6119689941406,477.6119689941406,477.6119689941406,1000
2013-06-19 00:00:00+09:00,491.12921142578125,491.12921142578125,491.12921142578125,491.12921142578125,1000
2013-06-20 00:00:00+09:00,491.12921142578125,491.12921142578125,491.12921142578125,491.12921142578125,1000
2013-06-21 00:00:00+09:00,477.6119689941406,477.6119689941406,477.6119689941406,477.6119689941406,1000
2013-06-24 00:00:00+09:00,486.6233825683594,486.6233825683594,486.6233825683594,486.6233825683594,1000
2013-06-25 00:00:00+09:00,468.60041360294116,468.60041360294116,459.5888671875,459.5888671875,2000
2013-06-26 00:00:00+09:00,470.40264892578125,470.40264892578125,470.40264892578125,470.40264892578125,2000
2013-06-27 00:00:00+09:00,479.41424560546875,479.41424560546875,479.41424560546875,479.41424560546875,1000
2013-06-28 00:00:00+09:00,479.41424560546875,479.41424560546875,479.41424560546875,479.41424560546875,1000
2013-07-01 00:00:00+09:00,470.40264892578125,470.40264892578125,470.40264892578125,470.40264892578125,1000
2013-07-02 00:00:00+09:00,479.41424560546875,479.41424560546875,479.41424560546875,479.41424560546875,1000
2013-07-03 00:00:00+09:00,482.11773681640625,482.11773681640625,482.11773681640625,482.11773681640625,2000
2013-07-04 00:00:00+09:00,482.11773681640625,482.11773681640625,482.11773681640625,482.11773681640625,2000
2013-07-05 00:00:00+09:00,491.12921142578125,491.12921142578125,491.12921142578125,491.12921142578125,1000
2013-07-08 00:00:00+09:00,491.12921142578125,491.12921142578125,491.12921142578125,491.12921142578125,1000
2013-07-09 00:00:00+09:00,491.12921142578125,491.12921142578125,491.12921142578125,491.12921142578125,1000
2013-07-10 00:00:00+09:00,486.6233825683594,486.6233825683594,486.6233825683594,486.6233825683594,5000
2013-07-11 00:00:00+09:00,482.11773681640625,482.11773681640625,482.11773681640625,482.11773681640625,1000
2013-07-12 00:00:00+09:00,482.11773681640625,482.11773681640625,482.11773681640625,482.11773681640625,0
2013-07-16 00:00:00+09:00,482.11773681640625,482.11773681640625,482.11773681640625,482.11773681640625,3000
2013-07-17 00:00:00+09:00,482.11773681640625,482.11773681640625,482.11773681640625,482.11773681640625,0
2013-07-18 00:00:00+09:00,498.33850097656256,498.33850097656256,498.33850097656256,498.3385009765625,1000
2013-07-19 00:00:00+09:00,488.4257507324219,488.4257507324219,488.4257507324219,488.4257507324219,1000
2013-07-22 00:00:00+09:00,488.4257507324219,488.4257507324219,488.4257507324219,488.4257507324219,1000
2013-07-23 00:00:00+09:00,488.4257507324219,488.4257507324219,488.4257507324219,488.4257507324219,0
2013-07-24 00:00:00+09:00,488.4257507324219,488.4257507324219,488.4257507324219,488.4257507324219,0
2013-07-25 00:00:00+09:00,488.4257507324219,488.4257507324219,488.4257507324219,488.4257507324219,0
2013-07-26 00:00:00+09:00,486.62340247112775,497.437255859375,486.62340247112775,497.437255859375,3000
2013-07-29 00:00:00+09:00,480.31543296957915,480.31543296957915,477.6119689941406,477.6119689941406,3000
2013-07-30 00:00:00+09:00,477.6119689941406,477.6119689941406,477.6119689941406,477.6119689941406,0
2013-07-31 00:00:00+09:00,477.6119689941406,477.6119689941406,477.6119689941406,477.6119689941406,0
2013-08-01 00:00:00+09:00,477.6119689941406,477.6119689941406,477.6119689941406,477.6119689941406,0
2013-08-02 00:00:00+09:00,486.6234388438933,491.12921142578125,486.6234388438933,491.12921142578125,5000
2013-08-05 00:00:00+09:00,491.12921142578125,491.12921142578125,491.12921142578125,491.12921142578125,1000
2013-08-06 00:00:00+09:00,491.12921142578125,491.12921142578125,491.12921142578125,491.12921142578125,0
2013-08-07 00:00:00+09:00,491.12921142578125,491.12921142578125,491.12921142578125,491.12921142578125,1000
2013-08-08 00:00:00+09:00,491.12921142578125,491.12921142578125,491.12921142578125,491.12921142578125,0
2013-08-09 00:00:00+09:00,496.5362243652344,496.5362243652344,496.5362243652344,496.5362243652344,1000
2013-08-12 00:00:00+09:00,478.5129928588867,486.6233825683594,478.5129928588867,486.6233825683594,2000
2013-08-13 00:00:00+09:00,486.6233825683594,486.6233825683594,486.6233825683594,486.6233825683594,0
2013-08-14 00:00:00+09:00,495.6349792480469,495.6349792480469,495.6349792480469,495.6349792480469,1000
2013-08-15 00:00:00+09:00,495.6349792480469,495.6349792480469,495.6349792480469,495.6349792480469,1000
2013-08-16 00:00:00+09:00,489.32689769398087,495.6349792480469,489.32689769398087,495.6349792480469,2000
2013-08-19 00:00:00+09:00,486.6233825683594,495.63492668999567,486.6233825683594,486.6233825683594,3000
2013-08-20 00:00:00+09:00,483.91998291015625,483.91998291015625,483.91998291015625,483.91998291015625,1000
2013-08-21 00:00:00+09:00,483.91998291015625,483.91998291015625,483.91998291015625,483.91998291015625,0
2013-08-22 00:00:00+09:00,482.11773681640625,491.1292832989559,482.11773681640625,482.11773681640625,5000
2013-08-23 00:00:00+09:00,486.6233825683594,486.6233825683594,486.6233825683594,486.6233825683594,1000
2013-08-26 00:00:00+09:00,486.6233825683594,486.6233825683594,486.6233825683594,486.6233825683594,0
2013-08-27 00:00:00+09:00,486.6235100576811,486.6235100576811,482.11773681640625,482.11773681640625,3000
2013-08-28 00:00:00+09:00,480.3154012389102,480.3154012389102,478.5130920410156,478.5130920410156,2000
2013-08-29 00:00:00+09:00,478.5130920410156,478.5130920410156,478.5130920410156,478.5130920410156,0
2013-08-30 00:00:00+09:00,478.5130920410156,478.5130920410156,478.5130920410156,478.5130920410156,0
2013-09-02 00:00:00+09:00,492.9315490722656,492.9315490722656,492.9315490722656,492.9315490722656,1000
2013-09-03 00:00:00+09:00,493.83267497491397,493.83267497491397,484.8211298111382,491.12921142578125,6000
2013-09-04 00:00:00+09:00,488.42581283936,492.9315860205349,487.524658203125,487.524658203125,3000
2013-09-05 00:00:00+09:00,491.1292399348899,492.9315490722656,491.1292399348899,492.9315490722656,2000
2013-09-06 00:00:00+09:00,492.9315490722656,492.9315490722656,492.9315490722656,492.9315490722656,0
2013-09-09 00:00:00+09:00,495.6349469613338,497.437255859375,495.6349469613338,497.437255859375,4000
2013-09-10 00:00:00+09:00,499.2395612318739,501.04187011718756,499.2395612318739,501.0418701171875,5000
2013-09-11 00:00:00+09:00,502.8441652951541,518.1637904027125,502.8441652951541,515.4603271484375,10000
2013-09-12 00:00:00+09:00,515.4603271484375,515.4603271484375,515.4603271484375,515.4603271484375,0
2013-09-13 00:00:00+09:00,515.4603288617051,524.471873072574,513.6580200195312,513.6580200195312,6000
2013-09-17 00:00:00+09:00,521.7684936523438,521.7684936523438,521.7684936523438,521.7684936523438,3000
2013-09-18 00:00:00+09:00,512.7569313792001,521.7684767461457,509.1523132324219,509.1523132324219,8000
2013-09-19 00:00:00+09:00,513.6581025593022,521.7684936523438,513.6581025593022,521.7684936523438,4000
2013-09-20 00:00:00+09:00,512.7569499685198,519.9661865234375,512.7569499685198,519.9661865234375,2000
2013-09-24 00:00:00+09:00,513.6580772266987,519.0650043554007,513.6580772266987,517.2626953125,3000
2013-09-25 00:00:00+09:00,517.2626953125,517.2626953125,517.2626953125,517.2626953125,0
2013-09-26 00:00:00+09:00,513.6580200195312,513.6580200195312,513.6580200195312,513.6580200195312,1000
2013-09-27 00:00:00+09:00,513.6580200195312,513.6580200195312,513.6580200195312,513.6580200195312,0
2013-09-30 00:00:00+09:00,513.6580200195312,519.9661009671395,513.6580200195312,513.6580200195312,3000
2013-10-01 00:00:00+09:00,513.6580200195312,519.9661009671395,513.6580200195312,513.6580200195312,4000
2013-10-02 00:00:00+09:00,520.8673095703125,520.8673095703125,520.8673095703125,520.8673095703125,1000
2013-10-03 00:00:00+09:00,520.86728541279,520.86728541279,513.65804962853,514.5592041015625,4000
2013-10-04 00:00:00+09:00,510.95455675627056,519.9661009671395,510.95455675627056,513.6580200195312,9000
2013-10-07 00:00:00+09:00,510.0534942573319,512.7569580078125,501.04194842239673,512.7569580078125,4000
2013-10-08 00:00:00+09:00,511.855721641185,511.855721641185,502.84417724609375,502.84417724609375,3000
2013-10-09 00:00:00+09:00,497.43726736338346,516.3615112304688,497.43726736338346,516.3615112304688,4000
2013-10-10 00:00:00+09:00,506.4488120619955,516.3615112304688,506.4488120619955,516.3615112304688,5000
2013-10-11 00:00:00+09:00,523.5707618842691,533.4834613347458,522.6696073887712,531.68115234375,25000
2013-10-15 00:00:00+09:00,549.7043226251554,550.6054772524099,539.7916217253576,543.396240234375,12000
2013-10-16 00:00:00+09:00,543.3962127685547,545.1985219319662,540.6927490234375,540.6927490234375,11000
2013-10-17 00:00:00+09:00,540.692713713843,545.198486328125,540.692713713843,545.198486328125,4000
2013-10-18 00:00:00+09:00,545.198486328125,545.198486328125,545.198486328125,545.198486328125,0
2013-10-21 00:00:00+09:00,537.0882204788894,543.3963036053193,537.0882204788894,541.593994140625,4000
2013-10-22 00:00:00+09:00,537.9892852783203,540.6927490234375,537.9892852783203,540.6927490234375,3000
2013-10-23 00:00:00+09:00,537.9892597615218,537.9892597615218,536.1869506835938,536.1869506835938,4000
2013-10-24 00:00:00+09:00,534.3846710000262,539.7915985312238,534.3846710000262,537.088134765625,4000
2013-10-25 00:00:00+09:00,540.6927490234375,540.6927490234375,540.6927490234375,540.6927490234375,5000
2013-10-28 00:00:00+09:00,537.088134765625,537.088134765625,537.088134765625,537.088134765625,1000
2013-10-29 00:00:00+09:00,537.088134765625,537.088134765625,537.088134765625,537.088134765625,0
2013-10-30 00:00:00+09:00,537.088134765625,537.088134765625,537.088134765625,537.088134765625,1000
2013-10-31 00:00:00+09:00,540.6927490234375,540.6927490234375,540.6927490234375,540.6927490234375,2000
2013-11-01 00:00:00+09:00,540.6927490234375,540.6927490234375,537.0881306966146,540.6927490234375,5000
2013-11-05 00:00:00+09:00,537.9892578125,540.692721419598,537.9892578125,537.9892578125,4000
2013-11-06 00:00:00+09:00,539.7916217253576,543.396240234375,539.7916217253576,543.396240234375,3000
2013-11-07 00:00:00+09:00,543.3961532745872,543.3961532745872,538.890380859375,538.890380859375,2000
2013-11-08 00:00:00+09:00,538.890439860026,540.6927490234375,538.890439860026,540.6927490234375,3000
2013-11-11 00:00:00+09:00,540.6926898254599,540.6926898254599,538.890380859375,538.890380859375,4000
2013-11-12 00:00:00+09:00,540.692776352612,543.396240234375,540.692776352612,543.396240234375,4000
2013-11-13 00:00:00+09:00,543.3962630475154,553.3089643634734,543.3962630475154,549.704345703125,16000
2013-11-14 00:00:00+09:00,549.704255102499,549.704255102499,548.8031005859375,548.8031005859375,6000
2013-11-15 00:00:00+09:00,544.2974133817692,553.3089599609375,544.2974133817692,553.3089599609375,5000
2013-11-18 00:00:00+09:00,553.3089325900164,553.3089325900164,549.7043141366612,550.60546875,6000
2013-11-19 00:00:00+09:00,553.308834335179,558.7157610550668,552.4076798818644,556.9134521484375,15000
2013-11-20 00:00:00+09:00,561.4192935271121,585.7504667618346,561.4192935271121,577.6400756835938,20000
2013-11-21 00:00:00+09:00,574.9365458893813,583.0469360351562,574.0353914287397,583.0469360351562,7000
2013-11-22 00:00:00+09:00,578.5413253927679,582.1459442425671,574.9367065429688,574.9367065429688,8000
2013-11-25 00:00:00+09:00,570.4308176161368,570.4308176161368,569.5296630859375,569.5296630859375,2000
2013-11-26 00:00:00+09:00,565.9251141670422,565.9251141670422,561.4193409650754,562.3204956054688,5000
2013-11-27 00:00:00+09:00,564.1228048862555,572.2331966497959,560.518186324682,562.3204956054688,9000
2013-11-28 00:00:00+09:00,562.320466116573,562.320466116573,561.4193115234375,561.4193115234375,3000
2013-11-29 00:00:00+09:00,563.2216207097085,563.2216207097085,559.6170023371665,561.4193115234375,7000
2013-12-02 00:00:00+09:00,561.4193303923502,571.33203125,561.4193303923502,571.33203125,9600
2013-12-03 00:00:00+09:00,573.1342441039466,576.7388619913928,573.1342441039466,575.8377075195312,4300
2013-12-04 00:00:00+09:00,578.5412282513608,579.4423828125,575.8377645679433,579.4423828125,4000
2013-12-05 00:00:00+09:00,579.4423551559448,583.0469732284546,573.1342735290527,576.7388916015625,5700
2013-12-06 00:00:00+09:00,581.244660371579,583.046969395987,580.343505859375,580.343505859375,4500
2013-12-09 00:00:00+09:00,583.948132379123,601.9712228846514,583.948132379123,601.070068359375,11500
2013-12-10 00:00:00+09:00,592.0584419994819,592.9595964013076,586.6515155885278,591.1572875976562,4100
2013-12-11 00:00:00+09:00,588.4539224069181,590.2562315107677,584.8493041992188,584.8493041992188,4700
2013-12-12 00:00:00+09:00,586.6516093652792,588.4539184570312,585.7504548194032,588.4539184570312,3700
2013-12-13 00:00:00+09:00,591.1573956389926,621.7966509007696,585.7504682398554,603.7735595703125,18400
2013-12-16 00:00:00+09:00,630.8081071341021,684.8773734598823,613.6861727976051,660.5462036132812,32500
2013-12-17 00:00:00+09:00,658.7440611945259,658.7440611945259,639.8198131985134,648.8313598632812,12800
2013-12-18 00:00:00+09:00,639.8197136909025,643.4243317962034,617.2908505327722,629.005859375,11100
2013-12-19 00:00:00+09:00,619.9943237304688,628.104714593222,616.3897055692452,619.9943237304688,7600
2013-12-20 00:00:00+09:00,618.1920649552737,618.1920649552737,602.8724365234375,602.8724365234375,13200
2013-12-24 00:00:00+09:00,599.2677279717908,602.872345884403,592.9596466247193,601.97119140625,12800
2013-12-25 00:00:00+09:00,604.6747141368354,612.7851052355411,602.8724050037897,603.7735595703125,20400
2013-12-26 00:00:00+09:00,621.7966712629292,639.8197631835938,621.7966712629292,639.8197631835938,7000
2013-12-27 00:00:00+09:00,636.215087890625,649.7324056220123,629.9070062826444,636.215087890625,6400
2013-12-30 00:00:00+09:00,639.8197722344344,720.9236870247148,639.8197722344344,711.010986328125,22100
2014-01-06 00:00:00+09:00,693.8889949014208,707.406312983916,693.8889949014208,705.60400390625,10500
2014-01-07 00:00:00+09:00,710.1098444286921,710.1098444286921,700.1971435546875,700.1971435546875,1000
2014-01-08 00:00:00+09:00,700.1971495056152,729.9352523803711,699.2959948730469,720.9237060546875,10600
2014-01-09 00:00:00+09:00,734.4410190629604,738.9467921860461,711.9121534475322,726.3306274414062,7500
2014-01-10 00:00:00+09:00,725.4294792175293,725.4294792175293,707.4063865661622,720.9237060546875,3700
2014-01-14 00:00:00+09:00,716.4177645469198,716.4177645469198,706.5050659179688,706.5050659179688,4500
2014-01-15 00:00:00+09:00,710.1098444286921,723.6271638023347,700.1971435546875,700.1971435546875,12600
2014-01-16 00:00:00+09:00,702.9005402897509,713.7143947557471,702.9005402897509,705.60400390625,1500
2014-01-17 00:00:00+09:00,714.615623626709,720.9237060546875,711.9121597290039,720.9237060546875,4100
2014-01-20 00:00:00+09:00,720.9237060546875,725.4294792175293,716.4179328918457,720.9237060546875,4600
2014-01-21 00:00:00+09:00,723.627132146332,727.2317504882812,716.4178954624332,727.2317504882812,3900
2014-01-22 00:00:00+09:00,723.6271699523926,724.528324584961,702.9006134033203,720.9237060546875,5000
2014-01-23 00:00:00+09:00,720.923629080414,720.923629080414,707.4063110351562,707.4063110351562,3100
2014-01-24 00:00:00+09:00,696.5925125876306,711.9121409369059,693.889048761288,711.010986328125,10000
2014-01-27 00:00:00+09:00,693.8890739889706,706.5052389705883,676.7671357996323,689.38330078125,11600
2014-01-28 00:00:00+09:00,716.4179139808103,720.0225324159339,710.109831719344,711.010986328125,1800
2014-01-29 00:00:00+09:00,711.0108589604216,719.1212489865861,705.603932276312,716.4177856445312,3800
2014-01-30 00:00:00+09:00,716.4179056471534,719.1213694420483,702.9005866726787,718.22021484375,1800
2014-01-31 00:00:00+09:00,704.7027209796737,712.8131103515625,703.8015666050194,712.8131103515625,1100
2014-02-03 00:00:00+09:00,702.9005402897509,707.406312983916,701.0982312120849,705.60400390625,5200
2014-02-04 00:00:00+09:00,692.0867519305019,701.098298179597,660.5463400586691,700.1971435546875,10600
2014-02-05 00:00:00+09:00,693.8889770507812,700.1970586603338,692.9878225351309,693.8889770507812,1700
2014-02-06 00:00:00+09:00,693.8889438091244,702.9004885339182,693.8889438091244,696.5924072265625,4000
2014-02-07 00:00:00+09:00,696.5924054151966,711.9120314075101,689.3831696541079,698.3947143554688,7200
2014-02-10 00:00:00+09:00,680.371624952747,702.9004867061492,680.371624952747,698.3947143554688,8200
2014-02-12 00:00:00+09:00,699.2959260169288,707.406316911455,699.2959260169288,701.9993896484375,3600
2014-02-13 00:00:00+09:00,701.098298179597,701.098298179597,698.3948343048685,700.1971435546875,8100
2014-02-14 00:00:00+09:00,701.0980979517886,701.0980979517886,679.4703931306537,684.8773193359375,4900
2014-02-17 00:00:00+09:00,680.3716574555234,695.6912841796875,678.5693484291512,695.6912841796875,2400
2014-02-18 00:00:00+09:00,694.7901277763899,697.4935913085938,694.7901277763899,697.4935913085938,700
2014-02-19 00:00:00+09:00,695.691286082082,697.4935951133828,693.8889770507812,693.8889770507812,700
2014-02-20 00:00:00+09:00,693.8889770507812,693.8889770507812,693.8889770507812,693.8889770507812,500
2014-02-21 00:00:00+09:00,697.4935913085938,697.4935913085938,697.4935913085938,697.4935913085938,1300
2014-02-24 00:00:00+09:00,693.8889695194509,701.0982055664062,693.8889695194509,701.0982055664062,4600
2014-02-25 00:00:00+09:00,701.0982036884014,702.9005126953125,700.1970491849459,702.9005126953125,2300
2014-02-26 00:00:00+09:00,702.9005145781451,702.9005145781451,701.0982055664062,701.0982055664062,3800
2014-02-27 00:00:00+09:00,701.098298179597,701.098298179597,693.8890611803209,700.1971435546875,2100
2014-02-28 00:00:00+09:00,701.098177765877,701.098177765877,698.3947143554688,698.3947143554688,1600
2014-03-03 00:00:00+09:00,698.3947143554688,698.3947143554688,697.4935598853327,698.3947143554688,5200
2014-03-04 00:00:00+09:00,698.3947161715213,702.9004885339182,696.5924072265625,696.5924072265625,2800
2014-03-05 00:00:00+09:00,698.3947143554688,702.9004867061492,698.3947143554688,698.3947143554688,3500
2014-03-06 00:00:00+09:00,702.9005126953125,702.9005126953125,698.3947401780348,702.9005126953125,2500
2014-03-07 00:00:00+09:00,702.9005441922737,707.406316911455,698.3947714730925,701.9993896484375,2600
2014-03-10 00:00:00+09:00,707.406312983916,707.406312983916,699.2959221344189,705.60400390625,2000
2014-03-11 00:00:00+09:00,707.4063678930014,711.010986328125,707.4063678930014,711.010986328125,900
2014-03-12 00:00:00+09:00,711.9120483398438,711.9120483398438,705.6039668988578,711.9120483398438,1900
2014-03-13 00:00:00+09:00,709.2086771105631,711.9121409369059,705.6040586754395,711.010986328125,3100
2014-03-14 00:00:00+09:00,709.2085942195012,710.1097487229567,701.0982036884014,702.9005126953125,5100
2014-03-17 00:00:00+09:00,704.7028768214257,708.3074951171875,704.7028768214257,708.3074951171875,4500
2014-03-18 00:00:00+09:00,708.3074322230925,711.9120501987826,707.40627772917,710.1097412109375,3400
2014-03-19 00:00:00+09:00,711.0109032264122,711.0109032264122,700.1970491849459,702.9005126953125,3600
2014-03-20 00:00:00+09:00,702.9005383534037,711.9120837169089,701.9993838170532,707.4063110351562,5200
2014-03-24 00:00:00+09:00,701.9993600722757,708.3074416133616,701.0982055664062,701.0982055664062,8000
2014-03-25 00:00:00+09:00,700.1970399494413,711.9120483398438,699.2958854578719,711.9120483398438,5900
2014-03-26 00:00:00+09:00,707.4062411710152,716.4177856445312,699.2958511448506,716.4177856445312,13700
2014-03-27 00:00:00+09:00,646.3235735445816,679.0949096679688,639.041054406051,679.0949096679688,14700
2014-03-28 00:00:00+09:00,677.2742675124075,677.2742675124075,647.2338766146797,676.3639526367188,6400
2014-03-31 00:00:00+09:00,650.8750737012263,665.4401103155194,650.8750737012263,653.6060180664062,2900
2014-04-01 00:00:00+09:00,653.6061887953016,673.6331193712023,653.6061887953016,655.4268188476562,2000
2014-04-02 00:00:00+09:00,669.081445112111,669.081445112111,655.426721742476,665.440185546875,1300
2014-04-03 00:00:00+09:00,664.5299194671296,664.5299194671296,662.7092895507812,662.7092895507812,2300
2014-04-04 00:00:00+09:00,658.1577026367188,668.1711669921875,658.1577026367188,664.5299072265625,2300
2014-04-07 00:00:00+09:00,662.70927734375,664.5299072265625,660.8886474609375,664.5299072265625,1800
2014-04-08 00:00:00+09:00,655.4268068449268,664.5299569399953,652.6958618164062,652.6958618164062,3900
2014-04-09 00:00:00+09:00,652.6958621593003,652.6958621593003,647.2339720993899,648.144287109375,4200
2014-04-10 00:00:00+09:00,655.4268205915179,655.4268205915179,637.2205200195312,637.2205200195312,3500
2014-04-11 00:00:00+09:00,637.2205209040987,637.2205209040987,628.1173706054688,628.1173706054688,2700
2014-04-14 00:00:00+09:00,609.9110107421875,633.57919921875,609.9110107421875,632.6688842773438,4000
2014-04-15 00:00:00+09:00,637.2204956578594,637.2204956578594,636.3101806640625,636.3101806640625,600
2014-04-16 00:00:00+09:00,628.1173218128292,628.1173218128292,619.014172221339,626.2966918945312,2300
2014-04-17 00:00:00+09:00,628.1174191160699,629.9380493164062,626.2967889157334,629.9380493164062,1300
2014-04-18 00:00:00+09:00,629.9379394531251,629.9379394531251,623.5657348632812,623.5657348632812,500
2014-04-21 00:00:00+09:00,637.2204100163412,637.2204100163412,635.3997802734375,635.3997802734375,1300
2014-04-22 00:00:00+09:00,632.6688594706575,632.6688594706575,620.8347656963862,622.6553955078125,3800
2014-04-23 00:00:00+09:00,619.9244872689422,629.0276368617314,619.9244872689422,621.7451171875,2000
2014-04-24 00:00:00+09:00,621.7451049804688,624.4760498046875,614.4625854492188,614.4625854492188,3200
2014-04-25 00:00:00+09:00,623.565661834317,626.2966063387009,623.565661834317,625.3862915039062,700
2014-04-28 00:00:00+09:00,621.745020275365,627.2069091796875,621.745020275365,627.2069091796875,400
2014-04-30 00:00:00+09:00,615.3728283211655,627.2069211734955,615.3728283211655,625.3862915039062,1700
2014-05-01 00:00:00+09:00,625.3863647460938,632.6688842773438,617.1935302734375,632.6688842773438,2900
2014-05-02 00:00:00+09:00,637.2205195866578,641.7720947265625,637.2205195866578,641.7720947265625,1500
2014-05-07 00:00:00+09:00,641.7720947265625,641.7720947265625,637.2205195866578,641.7720947265625,1000
2014-05-08 00:00:00+09:00,641.7720214322082,649.0545408243468,620.83477817981,639.0410766601562,4500
2014-05-09 00:00:00+09:00,632.6688965196045,633.5792114786256,630.8482666015625,630.8482666015625,1600
2014-05-12 00:00:00+09:00,630.8482666015625,630.8482666015625,630.8482666015625,630.8482666015625,500
2014-05-13 00:00:00+09:00,630.8483156950577,643.5927261131397,628.1173706054688,628.1173706054688,1400
2014-05-14 00:00:00+09:00,628.1173706054688,628.1173706054688,628.1173706054688,628.1173706054688,500
2014-05-15 00:00:00+09:00,628.1173706054688,628.1173706054688,628.1173706054688,628.1173706054688,0
2014-05-16 00:00:00+09:00,629.027587890625,629.027587890625,629.027587890625,629.027587890625,100
2014-05-19 00:00:00+09:00,629.0275870780268,629.0275870780268,615.3728637695312,615.3728637695312,3700
2014-05-20 00:00:00+09:00,613.5522825539898,622.6554321467789,613.5522825539898,621.7451171875,1500
2014-05-21 00:00:00+09:00,622.655419921875,622.655419921875,614.4625854492188,614.4625854492188,1400
2014-05-22 00:00:00+09:00,612.6419675072958,626.2966918945312,612.6419675072958,626.2966918945312,2200
2014-05-23 00:00:00+09:00,629.027587890625,629.027587890625,629.027587890625,629.027587890625,900
2014-05-26 00:00:00+09:00,639.9513288606203,639.9513288606203,624.4759766691117,625.3862915039062,1700
2014-05-27 00:00:00+09:00,633.5793089244081,634.4896240234375,633.5793089244081,634.4896240234375,1800
2014-05-28 00:00:00+09:00,642.6823120117188,642.6823120117188,642.6823120117188,642.6823120117188,500
2014-05-29 00:00:00+09:00,642.682263545156,645.4132080078125,641.7719487242705,645.4132080078125,1500
2014-05-30 00:00:00+09:00,645.4132080078125,645.4132080078125,645.4132080078125,645.4132080078125,0
2014-06-02 00:00:00+09:00,645.4132080078125,650.8750969331254,645.4132080078125,645.4132080078125,1300
2014-06-03 00:00:00+09:00,646.3236083984375,646.3236083984375,645.4132934570313,646.3236083984375,1000
2014-06-04 00:00:00+09:00,646.3236083984375,649.0545532226563,643.5926635742188,646.3236083984375,800
2014-06-05 00:00:00+09:00,637.2205200195312,637.2205200195312,637.2205200195312,637.2205200195312,3100
2014-06-06 00:00:00+09:00,633.5791505305336,639.0410397592451,633.5791505305336,635.3997802734375,1300
2014-06-09 00:00:00+09:00,635.3998895306959,641.7720947265625,635.3998895306959,641.7720947265625,4000
2014-06-10 00:00:00+09:00,637.2203740206631,640.8616333007812,636.3100592006336,640.8616333007812,2100
2014-06-11 00:00:00+09:00,637.2204956578594,639.9514406392502,635.3998656702655,636.3101806640625,2300
2014-06-12 00:00:00+09:00,636.3100951448894,638.1307248877932,635.3997802734375,635.3997802734375,3100
2014-06-13 00:00:00+09:00,635.3998769695838,648.144287109375,635.3998769695838,648.144287109375,3800
2014-06-16 00:00:00+09:00,637.2205926887002,650.8753196748867,637.2205926887002,639.9515380859375,7700
2014-06-17 00:00:00+09:00,637.2205183241102,656.3371338738335,635.3998882717556,655.4268188476562,6500
2014-06-18 00:00:00+09:00,655.4268188476562,656.3371338738335,655.4268188476562,655.4268188476562,1500
2014-06-19 00:00:00+09:00,650.8752073163629,656.3370971679688,650.8752073163629,656.3370971679688,1400
2014-06-20 00:00:00+09:00,664.5299072265625,664.5299072265625,664.5299072265625,664.5299072265625,100
2014-06-23 00:00:00+09:00,664.5299072265625,664.5299072265625,658.1577026367188,664.5299072265625,1600
2014-06-24 00:00:00+09:00,664.5299691094292,664.5299691094292,655.4268188476562,655.4268188476562,1300
2014-06-25 00:00:00+09:00,655.4268666179505,661.799072265625,637.2205647674518,661.799072265625,2000
2014-06-26 00:00:00+09:00,661.7989624023438,673.633056640625,661.7989624023438,673.633056640625,1300
2014-06-27 00:00:00+09:00,673.6330688807376,673.6330688807376,649.9648799741171,671.8124389648438,1700
2014-06-30 00:00:00+09:00,670.902136772251,670.902136772251,643.5926875142218,656.3370971679688,3700
2014-07-01 00:00:00+09:00,661.7989383847207,672.7227172851562,655.4267340261333,672.7227172851562,3600
2014-07-02 00:00:00+09:00,669.9917849276928,686.3774535808158,669.9917849276928,684.5568237304688,6800
2014-07-03 00:00:00+09:00,682.7361938801217,684.5568237304688,682.7361938801217,684.5568237304688,500
2014-07-04 00:00:00+09:00,685.467041015625,685.467041015625,667.2607451055154,685.467041015625,5100
2014-07-07 00:00:00+09:00,687.2878179242534,690.929077886766,670.9021480929467,677.2743530273438,6300
2014-07-08 00:00:00+09:00,678.1844856455743,681.8257446289062,677.2741708997413,681.8257446289062,1100
2014-07-09 00:00:00+09:00,678.184668017972,691.8393928773942,677.2743530273438,677.2743530273438,2000
2014-07-10 00:00:00+09:00,672.7227539227907,676.3640137545784,671.8124389648438,671.8124389648438,2200
2014-07-11 00:00:00+09:00,671.8124749976469,687.2878301127688,671.8124749976469,680.0053100585938,1500
2014-07-14 00:00:00+09:00,680.9154298830733,681.8257446289062,680.9154298830733,681.8257446289062,500
2014-07-15 00:00:00+09:00,686.3775151059968,686.3775151059968,680.0053100585938,680.0053100585938,2800
2014-07-16 00:00:00+09:00,684.5568359375001,684.5568359375001,678.1846313476562,678.1846313476562,300
2014-07-17 00:00:00+09:00,684.5567990218666,687.2877436988156,679.0949096679688,679.0949096679688,2700
2014-07-18 00:00:00+09:00,679.0948479738635,684.5567368315621,673.6329591161648,674.5432739257812,3800
2014-07-22 00:00:00+09:00,680.0052612304688,689.1084106445313,680.0052612304688,682.7362060546875,1300
2014-07-23 00:00:00+09:00,687.2877807617188,687.2877807617188,678.1846313476562,678.1846313476562,3200
2014-07-24 00:00:00+09:00,682.7362302749876,688.1981201171875,680.9156003275876,688.1981201171875,4000
2014-07-25 00:00:00+09:00,688.1981936184101,688.1981936184101,682.7363031928672,686.3775634765625,4400
2014-07-28 00:00:00+09:00,685.4671386556422,685.4671386556422,684.5568237304688,684.5568237304688,300
2014-07-29 00:00:00+09:00,690.0187500645875,692.7496949856875,687.2878051434875,688.1981201171875,5300
2014-07-30 00:00:00+09:00,692.749755859375,692.749755859375,688.1981805909165,692.749755859375,2000
2014-07-31 00:00:00+09:00,693.6600099593874,693.6600099593874,688.1981201171875,688.1981201171875,1400
2014-08-01 00:00:00+09:00,687.2876594945004,693.6598629600123,684.5567151521382,691.8392333984375,2100
2014-08-04 00:00:00+09:00,693.6599731445312,693.6599731445312,683.6465089652795,693.6599731445312,4600
2014-08-05 00:00:00+09:00,693.6600709130666,693.6600709130666,692.749755859375,692.749755859375,700
2014-08-06 00:00:00+09:00,696.390892872004,696.390892872004,683.646484375,683.646484375,900
2014-08-07 00:00:00+09:00,683.646618263791,686.3775634765625,683.646618263791,686.3775634765625,500
2014-08-08 00:00:00+09:00,682.7360855905633,692.7495481792249,680.9154560289885,691.8392333984375,2500
2014-08-11 00:00:00+09:00,677.2741969058388,691.8392333984375,674.5432525634766,691.8392333984375,4600
2014-08-12 00:00:00+09:00,691.8393432937581,693.6599731445312,691.8393432937581,693.6599731445312,1700
2014-08-13 00:00:00+09:00,687.2877197265625,687.2877197265625,682.7361454237376,687.2877197265625,2400
2014-08-14 00:00:00+09:00,682.7362060546875,682.7362060546875,682.7362060546875,682.7362060546875,1000
2014-08-15 00:00:00+09:00,684.5567151521382,691.8392333984375,684.5567151521382,691.8392333984375,400
2014-08-18 00:00:00+09:00,691.8392445841633,693.6598741751743,685.467041015625,685.467041015625,1100
2014-08-19 00:00:00+09:00,685.4671388160525,693.6599731445312,685.4671388160525,693.6599731445312,2700
2014-08-20 00:00:00+09:00,691.8392445841633,691.8392445841633,685.467041015625,685.467041015625,1700
2014-08-21 00:00:00+09:00,686.3773558111305,686.3773558111305,684.5567262201196,685.467041015625,1600
2014-08-22 00:00:00+09:00,691.8392333984375,691.8392333984375,691.8392333984375,691.8392333984375,1000
2014-08-25 00:00:00+09:00,691.8393432133421,691.8393432133421,689.1083984375,689.1083984375,1100
2014-08-26 00:00:00+09:00,690.9289186176501,691.8392333984375,690.0186038368627,691.8392333984375,1600
2014-08-27 00:00:00+09:00,691.8394161049837,696.3909912109375,691.8394161049837,696.3909912109375,2600
2014-08-28 00:00:00+09:00,696.3908936024957,697.3012084960938,693.6599489217016,697.3012084960938,400
2014-08-29 00:00:00+09:00,698.2115236274927,701.852783203125,698.2115236274927,701.852783203125,700
2014-09-01 00:00:00+09:00,701.8527711224278,703.6734008789062,701.8527711224278,703.6734008789062,2400
2014-09-02 00:00:00+09:00,704.5837157571455,716.4178091742551,701.8527711224278,703.6734008789062,5700
2014-09-03 00:00:00+09:00,705.4940189459385,710.0455932617188,705.4940189459385,710.0455932617188,1300
2014-09-04 00:00:00+09:00,710.9559192582477,712.7765490130704,694.5702514648438,694.5702514648438,5100
2014-09-05 00:00:00+09:00,694.5702405880659,716.4177973038111,694.5702405880659,710.0455932617188,4600
2014-09-08 00:00:00+09:00,717.3281363995623,717.3281363995623,700.9424683092169,701.852783203125,1100
2014-09-09 00:00:00+09:00,696.390894073801,706.4043579101562,693.6599493911586,706.4043579101562,2400
2014-09-10 00:00:00+09:00,706.4043579101562,706.4043579101562,706.4043579101562,706.4043579101562,0
2014-09-11 00:00:00+09:00,692.7496583770594,706.4043822609699,691.8393434514653,702.7631225585938,7100
2014-09-12 00:00:00+09:00,699.1218628562176,702.7631225585938,698.2115479306236,702.7631225585938,1500
2014-09-16 00:00:00+09:00,695.4805663422551,699.1218258519004,694.5702514648438,694.5702514648438,1600
2014-09-17 00:00:00+09:00,694.5702514648438,694.5702514648438,694.5702514648438,694.5702514648438,0
2014-09-18 00:00:00+09:00,696.3908073023746,696.3908073023746,691.8392333984375,691.8392333984375,2300
2014-09-19 00:00:00+09:00,691.8393432937581,700.9424925476234,690.0187134429851,693.6599731445312,1800
2014-09-22 00:00:00+09:00,694.5702398126775,700.9424438476562,694.5702398126775,700.9424438476562,900
2014-09-24 00:00:00+09:00,700.9425415515279,700.9425415515279,700.0322265625,700.0322265625,1600
2014-09-25 00:00:00+09:00,700.0320799350739,700.0320799350739,698.2114503383636,699.1217651367188,2400
2014-09-26 00:00:00+09:00,691.8392467498779,699.1217651367188,691.8392467498779,699.1217651367188,1600
2014-09-29 00:00:00+09:00,699.1219590268886,710.9560546875,699.1219590268886,710.9560546875,2300
2014-09-30 00:00:00+09:00,706.4043330204951,709.1352776069145,700.9424438476562,700.9424438476562,5300
2014-10-01 00:00:00+09:00,707.3146613261422,719.1487547588832,704.5837166878173,717.328125,4900
2014-10-02 00:00:00+09:00,717.3282233475105,717.3282233475105,707.3147583007812,707.3147583007812,900
2014-10-03 00:00:00+09:00,707.3147583007812,707.3147583007812,703.6734982837888,707.3147583007812,600
2014-10-06 00:00:00+09:00,707.314721586147,714.5972412421177,701.852831844169,712.776611328125,1900
2014-10-07 00:00:00+09:00,712.776611328125,712.776611328125,711.8662963711287,712.776611328125,700
2014-10-08 00:00:00+09:00,712.776537851187,712.776537851187,705.4940189459385,710.0455932617188,1000
2014-10-09 00:00:00+09:00,710.0456174870128,714.5971919580834,704.5837281217281,706.4043579101562,2600
2014-10-10 00:00:00+09:00,707.3146971865639,707.3146971865639,702.7631225585938,702.7631225585938,1900
2014-10-14 00:00:00+09:00,707.3146849639656,707.3146849639656,704.583740234375,704.583740234375,800
2014-10-15 00:00:00+09:00,704.583740234375,704.583740234375,704.583740234375,704.583740234375,0
2014-10-16 00:00:00+09:00,702.7631225585938,703.6734374841878,702.7631225585938,702.7631225585938,1000
2014-10-17 00:00:00+09:00,701.8528565405559,701.8528565405559,700.0322265625,700.0322265625,1900
2014-10-20 00:00:00+09:00,703.6734011927117,708.2249755859375,703.6734011927117,708.2249755859375,400
2014-10-21 00:00:00+09:00,711.8662596716042,711.8662596716042,709.1353149414062,709.1353149414062,700
2014-10-22 00:00:00+09:00,711.8662841796876,714.5972290039062,711.8662841796876,714.5972290039062,800
2014-10-23 00:00:00+09:00,714.5972290039062,714.5972290039062,710.045654296875,714.5972290039062,500
2014-10-24 00:00:00+09:00,714.5971803616751,717.328125,714.5971803616751,717.328125,600
2014-10-27 00:00:00+09:00,718.238525390625,718.238525390625,718.238525390625,718.238525390625,200
2014-10-28 00:00:00+09:00,719.1486452201525,720.0589599609375,710.0454978123025,720.0589599609375,500
2014-10-29 00:00:00+09:00,720.0590567564353,720.0590567564353,706.4043338090946,710.0455932617188,1400
2014-10-30 00:00:00+09:00,710.0455940343156,719.1487426757812,710.0455940343156,719.1487426757812,800
2014-10-31 00:00:00+09:00,716.4177237508242,719.1486680599124,711.8661499023438,711.8661499023438,2600
2014-11-04 00:00:00+09:00,720.9694581941794,720.9694581941794,710.0456785245706,715.507568359375,2400
2014-11-05 00:00:00+09:00,715.5074955482049,721.8796997070312,715.5074955482049,721.8796997070312,1700
2014-11-06 00:00:00+09:00,721.8796872682209,721.8796872682209,719.1487426757812,719.1487426757812,600
2014-11-07 00:00:00+09:00,719.1487426757812,719.1487426757812,719.1487426757812,719.1487426757812,700
2014-11-10 00:00:00+09:00,718.2384278116347,719.1487426757812,717.3281129474881,719.1487426757812,1500
2014-11-11 00:00:00+09:00,721.8797606657024,727.341650405922,721.8797606657024,726.4313354492188,5000
2014-11-12 00:00:00+09:00,727.3416381835938,732.8035278320312,727.3416381835938,732.8035278320312,6300
2014-11-13 00:00:00+09:00,732.8035278320312,732.8035278320312,732.8035278320312,732.8035278320312,0
2014-11-14 00:00:00+09:00,724.6107415219369,735.5345215448807,724.6107415219369,734.6242065429688,1000
2014-11-17 00:00:00+09:00,735.53447265625,735.53447265625,732.8035278320312,732.8035278320312,2700
2014-11-18 00:00:00+09:00,736.4447998197952,736.4447998197952,733.7138549502533,735.5344848632812,1200
2014-11-19 00:00:00+09:00,736.4448852539062,736.4448852539062,736.4448852539062,736.4448852539062,2700
2014-11-20 00:00:00+09:00,730.9828857269667,730.9828857269667,729.1622558745958,730.0725708007812,2600
2014-11-21 00:00:00+09:00,728.2519409484103,730.0725708007812,727.3416260222248,730.0725708007812,2100
2014-11-25 00:00:00+09:00,728.2519409484103,730.9828857269667,728.2519409484103,730.0725708007812,1700
2014-11-26 00:00:00+09:00,732.8035155793378,732.8035155793378,729.1622558745958,730.0725708007812,900
2014-11-27 00:00:00+09:00,730.0725708007812,732.8035155793378,730.0725708007812,730.0725708007812,500
2014-11-28 00:00:00+09:00,728.252050295398,731.893310546875,728.252050295398,731.893310546875,1300
2014-12-01 00:00:00+09:00,731.893237093962,738.2654418945312,731.893237093962,738.2654418945312,3000
2014-12-02 00:00:00+09:00,737.3551269230213,738.2654418945312,737.3551269230213,738.2654418945312,600
2014-12-03 00:00:00+09:00,738.2654418945312,738.2654418945312,738.2654418945312,738.2654418945312,1000
2014-12-04 00:00:00+09:00,738.2654174804687,741.9066772460938,738.2654174804687,741.9066772460938,2500
2014-12-05 00:00:00+09:00,739.1757082164797,746.4582275092529,739.1757082164797,745.5479125976562,800
2014-12-08 00:00:00+09:00,746.4583126183712,751.0098876953125,744.6376825875947,751.0098876953125,4800
2014-12-09 00:00:00+09:00,768.3058973328444,768.3058973328444,746.458336271247,756.4718017578125,1300
2014-12-10 00:00:00+09:00,763.7543221116783,769.2162123770777,756.4718017578125,756.4718017578125,5200
2014-12-11 00:00:00+09:00,769.2162088654057,788.3328247070312,756.4717983043221,788.3328247070312,3300
2014-12-12 00:00:00+09:00,789.2429940657182,818.373069971258,781.9604750893333,801.0770874023438,6700
2014-12-15 00:00:00+09:00,819.2833881993447,855.6959832304267,817.4627584477906,846.5928344726562,9400
2014-12-16 00:00:00+09:00,841.1309417724609,841.1309417724609,801.0770874023438,801.0770874023438,6800
2014-12-17 00:00:00+09:00,796.5255379676819,818.3730955805097,796.5255379676819,815.6421508789062,4700
2014-12-18 00:00:00+09:00,818.3731323242188,818.3731323242188,784.6914794921876,810.1802978515625,6200
2014-12-19 00:00:00+09:00,801.9875802744989,837.4898681640625,801.9875802744989,837.4898681640625,3900
2014-12-22 00:00:00+09:00,823.8350810494652,851.14453125,820.1938210227272,851.14453125,2900
2014-12-24 00:00:00+09:00,851.1444702148438,851.1444702148438,820.1937622070312,842.0413208007812,4600
2014-12-25 00:00:00+09:00,821.1041136885111,843.8619882364188,821.1041136885111,822.9247436523438,2800
2014-12-26 00:00:00+09:00,822.0143555900119,824.7453002929688,822.0143555900119,824.7453002929688,300
2014-12-29 00:00:00+09:00,832.9382927936056,851.1445942754331,832.9382927936056,837.4898681640625,2600
2014-12-30 00:00:00+09:00,837.4898443910695,837.4898443910695,822.0144885707997,832.0279541015625,8400
2015-01-05 00:00:00+09:00,819.2833983287513,819.2833983287513,804.7183601362402,817.4627685546875,6600
2015-01-06 00:00:00+09:00,818.3731444102552,826.5659790039062,818.3731444102552,826.5659790039062,2400
2015-01-07 00:00:00+09:00,841.131103515625,844.7723637040043,819.283542385349,841.131103515625,3000
2015-01-08 00:00:00+09:00,827.4764023490574,837.4898681640625,827.4764023490574,837.4898681640625,1100
2015-01-09 00:00:00+09:00,840.2206663976426,840.2206663976426,828.3865725047181,836.5794067382812,1000
2015-01-13 00:00:00+09:00,837.4897831580032,837.4897831580032,818.3731685424401,827.476318359375,3500
2015-01-14 00:00:00+09:00,827.476318359375,827.476318359375,822.9247434509075,827.476318359375,3000
2015-01-15 00:00:00+09:00,827.4763185619253,827.4763185619253,821.1041136885111,822.9247436523438,1600
2015-01-16 00:00:00+09:00,821.1040404866988,822.0143553874601,810.1802616775631,820.1937255859375,7500
2015-01-19 00:00:00+09:00,810.1802978515625,810.1802978515625,809.2699829101563,810.1802978515625,3900
2015-01-20 00:00:00+09:00,810.1802489134643,810.1802489134643,808.359619140625,808.359619140625,2500
2015-01-21 00:00:00+09:00,806.5388912701499,806.5388912701499,804.71826171875,804.71826171875,6500
2015-01-22 00:00:00+09:00,804.7183957567403,804.7183957567403,789.2430419921875,789.2430419921875,3600
2015-01-23 00:00:00+09:00,802.8976321673501,814.7317242514494,802.8976321673501,804.71826171875,2200
2015-01-26 00:00:00+09:00,812.9111693514836,812.9111693514836,812.0008544921875,812.0008544921875,600
2015-01-27 00:00:00+09:00,810.1803101553652,810.1803101553652,801.9874755582886,803.80810546875,4600
2015-01-28 00:00:00+09:00,803.8080565574897,803.8080565574897,801.9874267578125,801.9874267578125,3300
2015-01-29 00:00:00+09:00,801.9873662737638,808.359570092057,801.9873662737638,806.5389404296875,2800
2015-01-30 00:00:00+09:00,816.5524162232407,817.4627310685286,809.2698974609375,809.2698974609375,2200
2015-02-02 00:00:00+09:00,815.6421018596197,815.6421018596197,810.1802127846669,813.8214721679688,2400
2015-02-03 00:00:00+09:00,815.6421502553916,815.6421502553916,801.9874267578125,801.9874267578125,5200
2015-02-04 00:00:00+09:00,805.6286863571669,805.6286863571669,801.9874267578125,801.9874267578125,3800
2015-02-05 00:00:00+09:00,804.7183836501885,805.6286985638199,800.1668090820312,800.1668090820312,4700
2015-02-06 00:00:00+09:00,800.1667355054045,804.7183096550372,797.435791015625,797.435791015625,5000
2015-02-09 00:00:00+09:00,797.4358405035896,808.359619140625,797.4358405035896,808.359619140625,1800
2015-02-10 00:00:00+09:00,806.5390503344422,806.5390503344422,803.80810546875,803.80810546875,600
2015-02-12 00:00:00+09:00,803.8079469430501,804.71826171875,802.8976321673501,804.71826171875,3800
2015-02-13 00:00:00+09:00,804.718408203125,810.1802978515625,803.8080932617188,810.1802978515625,1300
2015-02-16 00:00:00+09:00,809.2699340270447,809.2699340270447,806.5389893677858,808.359619140625,1200
2015-02-17 00:00:00+09:00,809.2700558242713,812.9113159179688,805.6287957305738,812.9113159179688,2300
2015-02-18 00:00:00+09:00,812.9111693514836,814.731799070076,811.0905396328913,812.0008544921875,2300
2015-02-19 00:00:00+09:00,816.5524291992188,817.4627440589726,814.7317994797111,816.5524291992188,3200
2015-02-20 00:00:00+09:00,816.5524171822858,819.2833617213571,816.5524171822858,818.373046875,3500
2015-02-23 00:00:00+09:00,819.283447265625,823.8350219726562,819.283447265625,819.283447265625,2600
2015-02-24 00:00:00+09:00,822.92470703125,828.3865966796875,822.92470703125,828.3865966796875,3000
2015-02-25 00:00:00+09:00,823.835009925368,835.6691039905943,813.8215457163304,834.7587890625,5400
2015-02-26 00:00:00+09:00,834.7587890625,834.7587890625,832.027844278217,834.7587890625,1800
2015-02-27 00:00:00+09:00,830.207275390625,835.6691653603002,828.3866454007333,830.207275390625,2400
2015-03-02 00:00:00+09:00,830.207275390625,832.9382203754626,830.207275390625,830.207275390625,1600
2015-03-03 00:00:00+09:00,832.9381224516319,832.9381224516319,830.207177787856,831.1174926757812,1500
2015-03-04 00:00:00+09:00,833.8484373395571,833.8484373395571,831.1174926757812,831.1174926757812,3000
2015-03-05 00:00:00+09:00,833.8485474299863,833.8485474299863,831.1176024056523,832.938232421875,1600
2015-03-06 00:00:00+09:00,833.8484986427072,834.7588135975574,826.5659790039062,826.5659790039062,4000
2015-03-09 00:00:00+09:00,832.9382206455218,832.9382206455218,825.6557006835938,825.6557006835938,8700
2015-03-10 00:00:00+09:00,828.3866210669509,832.938195907978,824.745361194129,829.2969360351562,1700
2015-03-11 00:00:00+09:00,832.0279053805167,832.0279053805167,827.4763304057874,830.207275390625,3100
2015-03-12 00:00:00+09:00,832.9380743666659,872.9919271230957,830.2071298605456,838.3999633789062,16400
2015-03-13 00:00:00+09:00,869.3507439456279,869.3507439456279,835.6690920859543,845.6825561523438,12300
2015-03-16 00:00:00+09:00,855.6961062834224,855.6961062834224,850.2342162433155,851.14453125,5200
2015-03-17 00:00:00+09:00,852.9650386030956,854.7856683546497,846.5928344726562,846.5928344726562,3300
2015-03-18 00:00:00+09:00,846.5928228127918,854.7856565819479,846.5928228127918,852.9650268554688,3400
2015-03-19 00:00:00+09:00,852.9651122916736,855.696057154934,852.9651122916736,853.8754272460938,2500
2015-03-20 00:00:00+09:00,853.8754641815316,855.6960941691256,848.41357421875,848.41357421875,2300
2015-03-23 00:00:00+09:00,848.4135862299465,855.6961062834224,848.4135862299465,851.14453125,5200
2015-03-24 00:00:00+09:00,851.1444702148438,855.696044921875,851.1444702148438,855.696044921875,3400
2015-03-25 00:00:00+09:00,852.9651000976563,860.2476196289062,852.9651000976563,860.2476196289062,8400
2015-03-26 00:00:00+09:00,862.978564453125,882.0951782226563,858.4269897460938,864.7991943359375,15400
2015-03-27 00:00:00+09:00,818.7991111061789,827.9991011186079,797.6391340775923,809.59912109375,20800
2015-03-30 00:00:00+09:00,814.1991988621402,818.7991943359375,810.5192024831022,818.7991943359375,4100
2015-03-31 00:00:00+09:00,818.7991424866743,827.9991328516932,805.919155975648,825.2391357421875,4700
2015-04-01 00:00:00+09:00,827.0791015625,827.0791015625,819.7191095574944,827.0791015625,2800
2015-04-02 00:00:00+09:00,827.0792724745614,827.0792724745614,818.7992797579085,824.3192749023438,1300
2015-04-03 00:00:00+09:00,827.9992510448998,827.9992510448998,814.1992635274848,815.1192626953125,2600
2015-04-06 00:00:00+09:00,815.1192178672317,824.319209039548,814.19921875,814.19921875,4100
2015-04-07 00:00:00+09:00,817.8791952411781,818.7991943359375,814.1991988621402,818.7991943359375,1400
2015-04-08 00:00:00+09:00,817.8791952411781,819.719193430697,817.8791952411781,818.7991943359375,3100
2015-04-09 00:00:00+09:00,819.7192134533898,819.7192134533898,811.4392213983051,814.19921875,3300
2015-04-10 00:00:00+09:00,817.8792601987955,818.7992593666231,812.3592651918294,815.1192626953125,3000
2015-04-13 00:00:00+09:00,815.1191729377298,815.1191729377298,813.2791748046875,813.2791748046875,1700
2015-04-14 00:00:00+09:00,813.2792442655724,821.5592365714436,813.2792442655724,819.71923828125,2700
2015-04-15 00:00:00+09:00,819.719193430697,819.719193430697,816.9591961464185,818.7991943359375,700
2015-04-16 00:00:00+09:00,818.7992391361532,819.71923828125,816.9592408459596,819.71923828125,1500
2015-04-17 00:00:00+09:00,820.6391673368566,820.6391673368566,811.4391766716452,813.2791748046875,3500
2015-04-20 00:00:00+09:00,810.519246830282,819.71923828125,810.519246830282,819.71923828125,1000
2015-04-21 00:00:00+09:00,819.7192134533898,819.7192134533898,814.19921875,814.19921875,600
2015-04-22 00:00:00+09:00,814.1991988621402,820.6391925254565,812.3592006726212,818.7991943359375,3400
2015-04-23 00:00:00+09:00,820.63916015625,820.63916015625,815.1191658054232,820.63916015625,300
2015-04-24 00:00:00+09:00,817.8791701372932,817.8791701372932,813.2791748046875,813.2791748046875,1400
2015-04-27 00:00:00+09:00,809.5991946400763,812.3591918945312,809.5991946400763,812.3591918945312,1300
2015-04-28 00:00:00+09:00,809.5992879185585,810.519287109375,809.5992879185585,810.519287109375,1100
2015-04-30 00:00:00+09:00,814.19921875,814.19921875,812.3592205155367,814.19921875,1000
2015-05-01 00:00:00+09:00,814.1992635274848,818.7992593666231,808.6792685205188,815.1192626953125,3800
2015-05-07 00:00:00+09:00,814.1992838726412,816.9592814450908,809.5992879185585,810.519287109375,1600
2015-05-08 00:00:00+09:00,815.1192053970025,817.8792027064732,811.439208984375,811.439208984375,2200
2015-05-11 00:00:00+09:00,804.999194013963,809.5991894083286,800.3991986195975,802.2391967773438,8000
2015-05-12 00:00:00+09:00,802.2391770818487,806.8391723632812,801.3191780255621,806.8391723632812,1500
2015-05-13 00:00:00+09:00,806.8392247693292,806.8392247693292,799.4792318409887,800.3992309570312,3200
2015-05-14 00:00:00+09:00,800.3992022676952,800.3992022676952,798.5592041015625,798.5592041015625,5200
2015-05-15 00:00:00+09:00,798.5592442225743,798.5592442225743,786.5992555418214,789.3592529296875,9100
2015-05-18 00:00:00+09:00,794.8792804468458,794.8792804468458,787.519287109375,787.519287109375,3000
2015-05-19 00:00:00+09:00,786.5991821289062,786.5991821289062,781.9991869117781,786.5991821289062,5600
2015-05-20 00:00:00+09:00,786.5991821289062,795.7991725631624,782.9191859552037,786.5991821289062,2100
2015-05-21 00:00:00+09:00,786.5992181461187,790.2792144883227,778.3192263761595,781.0792236328125,3900
2015-05-22 00:00:00+09:00,794.879215116279,794.879215116279,781.9992278343024,791.19921875,900
2015-05-25 00:00:00+09:00,798.5592278335092,798.5592278335092,782.9192429565857,790.2792358398438,3200
2015-05-26 00:00:00+09:00,799.479248046875,799.479248046875,795.7992515081091,799.479248046875,2000
2015-05-27 00:00:00+09:00,804.0792437203322,805.9192419897151,799.479248046875,799.479248046875,1800
2015-05-28 00:00:00+09:00,799.4791582188942,799.4791582188942,782.9191756550966,797.63916015625,2100
2015-05-29 00:00:00+09:00,797.6392536494084,798.5592527885657,792.1192588144644,795.7992553710938,700
2015-06-01 00:00:00+09:00,795.7992429799658,795.7992429799658,793.0392456054688,793.0392456054688,800
2015-06-02 00:00:00+09:00,795.7992553710938,795.7992553710938,793.0392579536217,795.7992553710938,300
2015-06-03 00:00:00+09:00,795.7992879043172,796.7192870810852,793.0392903740133,793.9592895507812,1700
2015-06-04 00:00:00+09:00,791.19921875,791.19921875,791.19921875,791.19921875,2000
2015-06-05 00:00:00+09:00,791.1991669369954,797.63916015625,788.4391698430292,797.63916015625,4800
2015-06-08 00:00:00+09:00,804.9992028628058,816.9591910196247,800.3992074178755,808.67919921875,6900
2015-06-09 00:00:00+09:00,804.99916163953,804.99916163953,791.1991760114238,804.0791625976562,3600
2015-06-10 00:00:00+09:00,791.1992520291917,803.1592407226562,781.9992607265267,803.1592407226562,6000
2015-06-11 00:00:00+09:00,800.3992309570312,800.3992309570312,792.1192389126481,800.3992309570312,1900
2015-06-12 00:00:00+09:00,793.0392380286908,800.3992309570312,791.1992397966056,800.3992309570312,4600
2015-06-15 00:00:00+09:00,791.1993647833069,797.6393596129385,787.5193677378031,796.7193603515625,2500
2015-06-16 00:00:00+09:00,792.1192549693433,800.3992471815665,792.1192549693433,799.479248046875,1600
2015-06-17 00:00:00+09:00,799.4792105741279,800.3992096656976,791.19921875,791.19921875,5200
2015-06-18 00:00:00+09:00,791.1991449665438,791.1991449665438,787.5191489434436,788.4391479492188,1300
2015-06-19 00:00:00+09:00,795.7992142078489,795.7992142078489,791.19921875,791.19921875,900
2015-06-22 00:00:00+09:00,799.4792105741279,800.3992096656976,791.19921875,791.19921875,1200
2015-06-23 00:00:00+09:00,791.1992920204773,795.7992879043172,790.2792928437093,793.9592895507812,2700
2015-06-24 00:00:00+09:00,793.9592160247093,793.9592160247093,791.19921875,791.19921875,2100
2015-06-25 00:00:00+09:00,793.9592895507812,798.5592854346212,791.1992920204773,793.9592895507812,3000
2015-06-26 00:00:00+09:00,791.1991773460344,791.1991773460344,785.6791830854806,786.5991821289062,3700
2015-06-29 00:00:00+09:00,783.8392904406396,788.4392862765588,781.9992921062719,787.519287109375,4000
2015-06-30 00:00:00+09:00,782.9191859552037,786.5991821289062,782.9191859552037,786.5991821289062,2300
2015-07-01 00:00:00+09:00,787.5193276577018,793.9593221595755,787.5193276577018,792.1193237304688,2900
2015-07-02 00:00:00+09:00,795.7992515081091,801.3192463162579,793.0392541040347,799.479248046875,3500
2015-07-03 00:00:00+09:00,799.479206862273,809.599196822555,793.9592123384829,794.8792114257812,2500
2015-07-06 00:00:00+09:00,785.6792242005814,798.5592114825581,785.6792242005814,791.19921875,3000
2015-07-07 00:00:00+09:00,796.7193603515625,796.7193603515625,796.7193603515625,796.7193603515625,500
2015-07-08 00:00:00+09:00,797.6392123909884,799.4792105741279,787.519222383721,791.19921875,4500
2015-07-09 00:00:00+09:00,788.4392615464154,791.199258961397,773.7192753331802,781.999267578125,7300
2015-07-10 00:00:00+09:00,783.8392986063333,795.7992879043172,782.9192994295653,793.9592895507812,2500
2015-07-13 00:00:00+09:00,795.7992429799658,795.7992429799658,780.1592578578161,793.0392456054688,10200
2015-07-14 00:00:00+09:00,793.0393633060588,800.3993573970663,793.0393633060588,796.7193603515625,2100
2015-07-15 00:00:00+09:00,796.7192506428006,799.479248046875,796.7192506428006,799.479248046875,2600
2015-07-16 00:00:00+09:00,799.4792156723146,802.239212964624,793.9592210876956,801.3192138671875,2700
2015-07-17 00:00:00+09:00,801.3192300730739,801.3192300730739,798.5592327249461,800.3992309570312,600
2015-07-21 00:00:00+09:00,800.3991789692756,807.7591714195678,796.7191827441295,806.8391723632812,7300
2015-07-22 00:00:00+09:00,796.7192023041051,803.1591958562168,796.7192023041051,802.2391967773438,1100
2015-07-23 00:00:00+09:00,801.3192188496492,811.439208984375,800.3992197464923,811.439208984375,7500
2015-07-24 00:00:00+09:00,811.43926171875,811.43926171875,804.999267578125,804.999267578125,700
2015-07-27 00:00:00+09:00,811.439208984375,814.1992062938456,805.9192143654336,811.439208984375,3500
2015-07-28 00:00:00+09:00,797.6392101509173,810.5191973967221,793.959213794973,808.67919921875,6600
2015-07-29 00:00:00+09:00,808.6792887277419,810.519287109375,798.55929762876,810.519287109375,2600
2015-07-30 00:00:00+09:00,804.0792437203322,804.0792437203322,793.0392541040347,799.479248046875,4200
2015-07-31 00:00:00+09:00,803.1592692522322,804.999267578125,799.4792726004464,804.999267578125,1500
2015-08-03 00:00:00+09:00,804.9991903784069,805.919189453125,800.399195004816,805.919189453125,1200
2015-08-04 00:00:00+09:00,804.0791913036886,806.8391885278431,801.3191940795341,805.919189453125,1100
2015-08-05 00:00:00+09:00,808.6792116749043,811.439208984375,805.9192143654336,811.439208984375,5200
2015-08-06 00:00:00+09:00,813.2791974998281,836.2791748046875,813.2791974998281,836.2791748046875,9200
2015-08-07 00:00:00+09:00,798.5592734375,813.2792600446429,798.5592734375,804.999267578125,7600
2015-08-10 00:00:00+09:00,805.91920935437,805.91920935437,800.399214769751,801.3192138671875,2400
2015-08-11 00:00:00+09:00,801.3192138671875,808.6792066466795,800.399214769751,801.3192138671875,3000
2015-08-12 00:00:00+09:00,801.3192829649253,803.1592813184612,793.0392903740133,793.9592895507812,4600
2015-08-13 00:00:00+09:00,811.4391190962358,811.4391190962358,799.4791320800781,809.59912109375,1800
2015-08-14 00:00:00+09:00,809.59912109375,809.59912109375,809.59912109375,809.59912109375,100
2015-08-17 00:00:00+09:00,811.4391190962358,811.4391190962358,809.59912109375,809.59912109375,1900
2015-08-18 00:00:00+09:00,811.4391190962358,811.4391190962358,809.59912109375,809.59912109375,1000
2015-08-19 00:00:00+09:00,812.3591504629218,812.3591504629218,807.7591552734375,807.7591552734375,1800
2015-08-20 00:00:00+09:00,812.3592608816964,812.3592608816964,804.999267578125,804.999267578125,1800
2015-08-21 00:00:00+09:00,798.5592114825581,798.5592114825581,786.5992232921511,791.19921875,10600
2015-08-24 00:00:00+09:00,781.9992598953781,791.1992511882648,778.3192633782234,789.3592529296875,8700
2015-08-25 00:00:00+09:00,720.3592942760837,788.4392275793151,700.1193141048527,770.0392456054688,11900
2015-08-26 00:00:00+09:00,797.6391706500137,797.6391706500137,781.9991869117781,786.5991821289062,1800
2015-08-27 00:00:00+09:00,795.7992515081091,809.599238528481,794.8792523734177,799.479248046875,2400
2015-08-28 00:00:00+09:00,808.6792642299107,808.6792642299107,799.4792726004464,804.999267578125,2200
2015-08-31 00:00:00+09:00,804.9992265372441,804.9992265372441,789.3592415645205,800.3992309570312,2500
2015-09-01 00:00:00+09:00,799.4792105741279,799.4792105741279,791.19921875,791.19921875,1500
2015-09-02 00:00:00+09:00,785.6792887750073,787.519287109375,784.7592896078235,787.519287109375,1900
2015-09-03 00:00:00+09:00,787.5192834821429,804.999267578125,787.5192834821429,804.999267578125,500
2015-09-04 00:00:00+09:00,804.9992293504654,804.9992293504654,782.9192504882812,782.9192504882812,2400
2015-09-07 00:00:00+09:00,766.3593221028646,768.1993204752604,754.3993326822916,758.9993286132812,7000
2015-09-08 00:00:00+09:00,745.1993408203125,780.1593098958333,745.1993408203125,758.9993286132812,1900
2015-09-09 00:00:00+09:00,769.1192376929592,780.159226750753,763.5992431640625,763.5992431640625,4100
2015-09-10 00:00:00+09:00,763.59928409782,770.0392780600907,763.59928409782,768.1992797851562,1300
2015-09-11 00:00:00+09:00,781.9992227183635,781.9992227183635,781.0792236328125,781.0792236328125,1100
2015-09-14 00:00:00+09:00,781.9992513690236,786.5992469653119,781.9992513690236,782.9192504882812,1600
2015-09-15 00:00:00+09:00,779.2391897815013,786.5991821289062,779.2391897815013,786.5991821289062,200
2015-09-16 00:00:00+09:00,786.5991821289062,786.5991821289062,786.5991821289062,786.5991821289062,0
2015-09-17 00:00:00+09:00,781.9991582443398,784.7591552734375,781.9991582443398,784.7591552734375,1700
2015-09-18 00:00:00+09:00,786.5992382465381,789.3592355737189,776.479248046875,776.479248046875,1900
2015-09-24 00:00:00+09:00,776.4792681251863,776.4792681251863,771.8792724609375,771.8792724609375,800
2015-09-25 00:00:00+09:00,766.3593586800481,772.7993532908049,766.3593586800481,767.2793579101562,1000
2015-09-28 00:00:00+09:00,790.2792358398438,790.2792358398438,790.2792358398438,790.2792358398438,100
2015-09-29 00:00:00+09:00,790.2793300021573,790.2793300021573,773.7193440416929,774.6393432617188,1400
2015-09-30 00:00:00+09:00,788.439318904832,790.2793173153451,776.4793292364974,785.6793212890625,2700
2015-10-01 00:00:00+09:00,790.2791783026087,790.2791783026087,785.6791830854806,786.5991821289062,1000
2015-10-02 00:00:00+09:00,774.639257403652,776.4792556397653,769.1192626953125,769.1192626953125,3000
2015-10-05 00:00:00+09:00,773.7192592957044,782.9192504882812,773.7192592957044,782.9192504882812,700
2015-10-06 00:00:00+09:00,786.5991821289062,786.5991821289062,780.1591888249269,786.5991821289062,500
2015-10-07 00:00:00+09:00,781.9992513690236,788.4392452038272,771.8792610571891,782.9192504882812,2300
2015-10-08 00:00:00+09:00,792.1192178415698,792.1192178415698,785.6792242005814,791.19921875,1500
2015-10-09 00:00:00+09:00,789.3592367294365,792.1192340606583,789.3592367294365,790.2792358398438,800
2015-10-13 00:00:00+09:00,789.3592491061395,794.8792438551335,789.3592491061395,793.0392456054688,1300
2015-10-14 00:00:00+09:00,792.1193237304688,792.1193237304688,791.1993245159154,792.1193237304688,300
2015-10-15 00:00:00+09:00,792.1192588144644,795.7992553710938,792.1192588144644,795.7992553710938,1300
2015-10-16 00:00:00+09:00,799.4792442015903,806.8392372437223,799.4792442015903,803.1592407226562,1000
2015-10-19 00:00:00+09:00,795.7992068523636,803.1591995168941,788.439214187833,798.5592041015625,3000
2015-10-20 00:00:00+09:00,800.3992309570312,800.3992309570312,800.3992309570312,800.3992309570312,100
2015-10-21 00:00:00+09:00,800.3991986195975,809.5991894083286,800.3991986195975,802.2391967773438,2600
2015-10-22 00:00:00+09:00,808.679157807025,809.5991568488988,802.2391645139088,804.0791625976562,2000
2015-10-23 00:00:00+09:00,809.5992633928572,809.5992633928572,804.999267578125,804.999267578125,1700
2015-10-26 00:00:00+09:00,804.0791841394761,813.2791748046875,804.0791841394761,813.2791748046875,2900
2015-10-27 00:00:00+09:00,814.1991900641677,816.0391882338043,812.3591918945312,812.3591918945312,2100
2015-10-28 00:00:00+09:00,824.319209039548,824.319209039548,814.19921875,814.19921875,2700
2015-10-29 00:00:00+09:00,816.9591674804688,820.6391637303808,816.9591674804688,816.9591674804688,900
2015-10-30 00:00:00+09:00,818.799215359158,834.4392003716363,816.9592171223958,827.9992065429688,4300
2015-11-02 00:00:00+09:00,827.9991398780231,827.9991398780231,817.879150390625,817.879150390625,4800
2015-11-04 00:00:00+09:00,822.4791818275322,822.4791818275322,812.3591918945312,812.3591918945312,1700
2015-11-05 00:00:00+09:00,813.2791961055474,822.4791870117188,813.2791961055474,822.4791870117188,600
2015-11-06 00:00:00+09:00,821.5591627928587,821.5591627928587,813.2791712305567,816.9591674804688,1700
2015-11-09 00:00:00+09:00,826.1591870940134,827.0791861887728,816.9591961464185,818.7991943359375,3200
2015-11-10 00:00:00+09:00,818.7991818123767,818.7991818123767,816.0391845703125,816.0391845703125,1500
2015-11-11 00:00:00+09:00,818.7991943359375,818.7991943359375,816.0391970516591,818.7991943359375,3600
2015-11-12 00:00:00+09:00,827.0791015625,827.0791015625,827.0791015625,827.0791015625,600
2015-11-13 00:00:00+09:00,828.9191157079752,828.9191157079752,820.6391245410808,826.1591186523438,3400
2015-11-16 00:00:00+09:00,826.1591347786895,827.9991328516932,825.2391357421875,825.2391357421875,2900
2015-11-17 00:00:00+09:00,832.5991117821504,832.5991117821504,826.1591186523438,826.1591186523438,2700
2015-11-18 00:00:00+09:00,827.0791535655479,827.0791535655479,820.63916015625,820.63916015625,1900
2015-11-19 00:00:00+09:00,821.5591879211016,822.4791870117188,821.5591879211016,822.4791870117188,200
2015-11-20 00:00:00+09:00,832.5992553979814,835.3592529296875,827.0792603345694,835.3592529296875,3000
2015-11-24 00:00:00+09:00,837.1992633750665,865.71923828125,835.3592649940224,865.71923828125,8200
2015-11-25 00:00:00+09:00,864.7992267381331,864.7992267381331,849.1592407226562,849.1592407226562,4400
2015-11-26 00:00:00+09:00,849.1592407226562,855.5992349643232,846.3992431905133,849.1592407226562,900
2015-11-27 00:00:00+09:00,842.7192181350094,847.3192138671875,842.7192181350094,847.3192138671875,1200
2015-11-30 00:00:00+09:00,855.5992309175264,869.3992185129703,852.8392333984375,852.8392333984375,6500
2015-12-01 00:00:00+09:00,858.3591996806377,863.8791945338894,849.1592082585515,850.9992065429688,3900
2015-12-02 00:00:00+09:00,851.919131992696,866.6391169947295,845.4791385543062,848.2391357421875,4000
2015-12-03 00:00:00+09:00,847.3192138671875,847.3192138671875,847.3192138671875,847.3192138671875,300
2015-12-04 00:00:00+09:00,850.999187489666,869.399169921875,850.0791883680555,869.399169921875,1400
2015-12-07 00:00:00+09:00,865.7191106980847,865.7191106980847,849.1591277091734,855.59912109375,2500
2015-12-08 00:00:00+09:00,851.9192382547992,863.8792275607522,846.3992431905133,849.1592407226562,2800
2015-12-09 00:00:00+09:00,848.2391357421875,849.1591348048146,847.3191366795604,848.2391357421875,600
2015-12-10 00:00:00+09:00,845.4792317929475,850.0792276133661,827.9992476753566,846.3992309570312,4000
2015-12-11 00:00:00+09:00,832.5991993967415,846.3991861270742,832.5991993967415,845.4791870117188,1500
2015-12-14 00:00:00+09:00,828.9192188404224,844.5592041015625,827.079220574406,844.5592041015625,2500
2015-12-15 00:00:00+09:00,844.5592041015625,844.5592041015625,844.5592041015625,844.5592041015625,0
2015-12-16 00:00:00+09:00,833.5191812251812,833.5191812251812,832.5991821289062,832.5991821289062,1200
2015-12-17 00:00:00+09:00,832.5992878962301,839.9592816013901,832.5992878962301,833.519287109375,500
2015-12-18 00:00:00+09:00,833.5192545752168,836.2792521069229,833.5192545752168,835.3592529296875,800
2015-12-21 00:00:00+09:00,837.1992553440871,837.1992553440871,829.8392618905126,831.6792602539062,5000
2015-12-22 00:00:00+09:00,831.6792316986557,832.5992308487649,829.8392333984375,829.8392333984375,1700
2015-12-24 00:00:00+09:00,832.5992021348742,834.4392003716363,827.9992065429688,827.9992065429688,2000
2015-12-25 00:00:00+09:00,827.9992065429688,827.9992065429688,827.9992065429688,827.9992065429688,0
2015-12-28 00:00:00+09:00,839.0392376443614,846.3992309570312,827.9992476753566,846.3992309570312,1900
2015-12-29 00:00:00+09:00,832.5991821289062,839.0391758028314,827.999186647531,832.5991821289062,3300
2015-12-30 00:00:00+09:00,829.8392333984375,829.8392333984375,829.8392333984375,829.8392333984375,200
2016-01-04 00:00:00+09:00,830.7591788272729,832.5991770085072,820.6391888304845,822.4791870117188,4600
2016-01-05 00:00:00+09:00,823.3991055599972,827.9991005631257,822.4791065593715,827.0791015625,1200
2016-01-06 00:00:00+09:00,827.999186647531,840.8791739953815,827.999186647531,832.5991821289062,1700
2016-01-07 00:00:00+09:00,836.2791986083985,836.2791986083985,827.9992065429688,827.9992065429688,800
2016-01-08 00:00:00+09:00,821.5592651367188,821.5592651367188,809.5992758346164,821.5592651367188,5900
2016-01-12 00:00:00+09:00,816.9593441018332,816.9593441018332,792.1193640446828,796.7193603515625,5900
2016-01-13 00:00:00+09:00,808.6792886597771,824.3192749023438,808.6792886597771,824.3192749023438,1600
2016-01-14 00:00:00+09:00,824.3191544327252,824.3191544327252,796.7191827441295,806.8391723632812,2300
2016-01-15 00:00:00+09:00,827.0791176708875,827.0791176708875,808.6791373000112,826.1591186523438,600
2016-01-18 00:00:00+09:00,818.7991111061789,823.3991061123934,799.4791320800781,809.59912109375,3300
2016-01-19 00:00:00+09:00,816.9591873186225,827.0791772516235,812.3591918945312,812.3591918945312,2500
2016-01-20 00:00:00+09:00,808.6792355042553,809.5992346345218,803.1592407226562,803.1592407226562,2900
2016-01-21 00:00:00+09:00,819.7191484792429,819.7191484792429,804.9991637703002,817.879150390625,1900
2016-01-22 00:00:00+09:00,817.8791629808366,820.63916015625,801.3191799283562,820.63916015625,2400
2016-01-25 00:00:00+09:00,800.399131081321,811.4391190962358,797.6391340775923,809.59912109375,6900
2016-01-26 00:00:00+09:00,806.8391921717092,824.3191746702981,802.2391967773438,802.2391967773438,2800
2016-01-27 00:00:00+09:00,808.6791794720818,816.9591710707721,808.6791794720818,813.2791748046875,800
2016-01-28 00:00:00+09:00,812.3591970149303,822.4791870117188,812.3591970149303,822.4791870117188,1500
2016-01-29 00:00:00+09:00,821.5591879211016,822.4791870117188,818.7991906492501,822.4791870117188,1700
2016-02-01 00:00:00+09:00,827.9991852835324,827.9991852835324,800.399212440748,818.7991943359375,7900
2016-02-02 00:00:00+09:00,816.9591764141062,825.2391680669518,816.0391773415678,823.399169921875,2800
2016-02-03 00:00:00+09:00,816.9591836510006,817.8791827316886,815.1191854896244,816.0391845703125,2400
2016-02-04 00:00:00+09:00,815.1192178672317,815.1192178672317,814.19921875,814.19921875,600
2016-02-05 00:00:00+09:00,814.1991900641677,814.1991900641677,812.3591918945312,812.3591918945312,700
2016-02-08 00:00:00+09:00,810.5192222810734,836.2791975635594,810.5192222810734,814.19921875,2400
2016-02-09 00:00:00+09:00,814.199179196491,823.399169921875,800.3991931084148,823.399169921875,2300
2016-02-10 00:00:00+09:00,810.5192337647883,822.4792224582528,803.1592407226562,803.1592407226562,2300
2016-02-12 00:00:00+09:00,789.3592367294365,799.4792269439165,772.7992527421056,790.2792358398438,9100
2016-02-15 00:00:00+09:00,786.5992843191964,817.879255859375,786.5992843191964,804.999267578125,2600
2016-02-16 00:00:00+09:00,797.6392459410573,803.1592407226562,797.6392459410573,803.1592407226562,400
2016-02-17 00:00:00+09:00,804.0792161591198,811.439208984375,804.0792161591198,811.439208984375,200
2016-02-18 00:00:00+09:00,807.7592125717474,811.439208984375,807.7592125717474,811.439208984375,200
2016-02-19 00:00:00+09:00,822.4791765125519,822.4791765125519,800.3991986195975,802.2391967773438,1700
2016-02-22 00:00:00+09:00,800.3991629702626,807.7591552734375,800.3991629702626,807.7591552734375,1400
2016-02-23 00:00:00+09:00,809.59912109375,809.59912109375,808.6791220925071,809.59912109375,1000
2016-02-24 00:00:00+09:00,810.519287109375,810.519287109375,809.5992879185585,810.519287109375,1300
2016-02-25 00:00:00+09:00,810.5191937248946,812.3591918945312,791.199212943711,812.3591918945312,1800
2016-02-26 00:00:00+09:00,814.1991988621402,823.3991898097349,814.1991988621402,818.7991943359375,2500
2016-02-29 00:00:00+09:00,820.6391637303808,823.3991609178148,816.9591674804688,816.9591674804688,1700
2016-03-01 00:00:00+09:00,816.9591513463162,817.879150390625,814.1991542133894,817.879150390625,2500
2016-03-02 00:00:00+09:00,819.7192585344508,821.5592568701061,815.1192626953125,815.1192626953125,2200
2016-03-03 00:00:00+09:00,815.1192708971251,822.4792643138035,815.1192708971251,821.5592651367188,1600
2016-03-04 00:00:00+09:00,820.6391637303808,820.6391637303808,816.9591674804688,816.9591674804688,2200
2016-03-07 00:00:00+09:00,816.9591444136706,825.2391357421875,816.9591444136706,825.2391357421875,1500
2016-03-08 00:00:00+09:00,824.3191689944134,825.2391680669518,822.4791708493366,823.399169921875,900
2016-03-09 00:00:00+09:00,822.4791870117188,822.4791870117188,821.5591879211016,822.4791870117188,1500
2016-03-10 00:00:00+09:00,821.5592773301262,826.1592732838222,819.7192789486477,824.3192749023438,3200
2016-03-11 00:00:00+09:00,821.5591717767982,826.1591671394903,821.5591717767982,823.399169921875,3300
2016-03-14 00:00:00+09:00,824.3191045606229,827.9991005631257,823.3991055599972,827.0791015625,5600
2016-03-15 00:00:00+09:00,827.0792074245877,827.9992065429688,826.1592083062066,827.9992065429688,3700
2016-03-16 00:00:00+09:00,827.9992635271191,831.6792602539062,826.1592651637254,831.6792602539062,2900
2016-03-17 00:00:00+09:00,831.679288683085,833.519287109375,830.75928946994,833.519287109375,3300
2016-03-18 00:00:00+09:00,828.9191571443712,833.519152467037,827.0791590153049,830.7591552734375,3800
2016-03-22 00:00:00+09:00,830.75928946994,833.519287109375,826.159293404215,833.519287109375,5800
2016-03-23 00:00:00+09:00,835.3591505961033,836.2791496606364,830.7591552734375,830.7591552734375,3300
2016-03-24 00:00:00+09:00,831.6791507674684,834.4391479492188,830.7591517068848,834.4391479492188,3000
2016-03-25 00:00:00+09:00,836.27928474881,836.27928474881,833.519287109375,833.519287109375,5900
2016-03-28 00:00:00+09:00,835.3591470098023,838.1191441915528,834.4391479492188,834.4391479492188,12800
2016-03-29 00:00:00+09:00,793.3705259252478,837.2392491234674,793.3705259252478,806.4378051757812,18900
2016-03-30 00:00:00+09:00,807.3712928239689,807.3712928239689,802.7044067382812,802.7044067382812,2800
2016-03-31 00:00:00+09:00,814.8382206827091,816.7049749110772,803.6376953125,803.6376953125,3100
2016-04-01 00:00:00+09:00,796.1707349053745,812.0381469726562,796.1707349053745,812.0381469726562,2500
2016-04-04 00:00:00+09:00,808.3046145693609,812.0381231816905,802.7043516508664,804.5711059570312,900
2016-04-05 00:00:00+09:00,802.7043121657633,802.7043121657633,801.7709350585938,801.7709350585938,300
2016-04-06 00:00:00+09:00,801.7710295211436,803.6377839554187,790.5705029154932,802.7044067382812,2600
2016-04-07 00:00:00+09:00,803.6376926556756,803.6376926556756,793.3705444335938,793.3705444335938,600
2016-04-08 00:00:00+09:00,801.7709384334788,801.7709384334788,787.7702817670037,793.3705444335938,1200
2016-04-11 00:00:00+09:00,793.3705779276219,794.303955078125,793.3705779276219,794.303955078125,800
2016-04-12 00:00:00+09:00,784.0368493435651,801.7710161739552,784.0368493435651,788.7037353515625,800
2016-04-13 00:00:00+09:00,784.0368181195175,798.0374755859375,784.0368181195175,798.0374755859375,1400
2016-04-14 00:00:00+09:00,789.6371025837643,795.2373657226562,789.6371025837643,795.2373657226562,700
2016-04-15 00:00:00+09:00,781.2367119297014,786.8369750976562,752.302018895268,786.8369750976562,9600
2016-04-18 00:00:00+09:00,800.8376389723558,800.8376389723558,787.770358149963,788.7037353515625,1700
2016-04-19 00:00:00+09:00,784.036806422591,799.9042179811435,784.036806422591,794.303955078125,1500
2016-04-20 00:00:00+09:00,794.303955078125,794.303955078125,794.303955078125,794.303955078125,0
2016-04-21 00:00:00+09:00,788.7037469978467,792.437255859375,784.9702381363185,792.437255859375,1900
2016-04-22 00:00:00+09:00,790.5705014286108,793.370633074757,790.5705014286108,792.437255859375,600
2016-04-25 00:00:00+09:00,792.437210516907,800.8376049746835,786.8369475450561,787.7703247070312,3500
2016-04-26 00:00:00+09:00,789.6370393841502,789.6370393841502,784.9701538085938,784.9701538085938,400
2016-04-27 00:00:00+09:00,784.9701538085938,784.9701538085938,784.9701538085938,784.9701538085938,500
2016-04-28 00:00:00+09:00,784.9702207083379,786.8369750976562,784.9702207083379,786.8369750976562,1100
2016-05-02 00:00:00+09:00,786.8369080388163,786.8369080388163,784.0367766934825,784.9701538085938,2100
2016-05-06 00:00:00+09:00,786.8369356427875,786.8369356427875,776.5697870163691,784.0368041992188,3000
2016-05-09 00:00:00+09:00,784.0368041992188,784.0368041992188,784.0368041992188,784.0368041992188,500
2016-05-10 00:00:00+09:00,784.0367801372821,784.0367801372821,776.5697631835938,776.5697631835938,1500
2016-05-11 00:00:00+09:00,788.7038012782923,788.7038012782923,779.3700284820995,780.3034057617188,400
2016-05-12 00:00:00+09:00,780.30330741123,787.7703247070312,780.30330741123,787.7703247070312,700
2016-05-13 00:00:00+09:00,788.7037018690064,788.7037018690064,786.8369475450561,787.7703247070312,900
2016-05-16 00:00:00+09:00,793.3706154602703,793.3706154602703,786.8369750976562,786.8369750976562,1200
2016-05-17 00:00:00+09:00,793.3706154602703,793.3706154602703,786.8369750976562,786.8369750976562,200
2016-05-18 00:00:00+09:00,786.8369750976562,786.8369750976562,786.8369750976562,786.8369750976562,500
2016-05-19 00:00:00+09:00,784.0368101432601,785.903564453125,784.0368101432601,785.903564453125,500
2016-05-20 00:00:00+09:00,785.9035979029971,786.8369750976562,785.9035979029971,786.8369750976562,200
2016-05-23 00:00:00+09:00,784.0368041992188,784.0368041992188,784.0368041992188,784.0368041992188,1500
2016-05-24 00:00:00+09:00,785.9035979029971,787.7703522923155,785.9035979029971,786.8369750976562,500
2016-05-25 00:00:00+09:00,784.0368476703013,784.0368476703013,771.9029440754038,778.4365844726562,2500
2016-05-26 00:00:00+09:00,783.1034837055543,792.437255859375,783.1034837055543,792.437255859375,400
2016-05-27 00:00:00+09:00,778.436556915466,779.3699340820312,778.436556915466,779.3699340820312,400
2016-05-30 00:00:00+09:00,775.6364528738338,779.3699616722638,775.6364528738338,778.4365844726562,1300
2016-05-31 00:00:00+09:00,779.3699243685978,785.903564453125,779.3699243685978,785.903564453125,2100
2016-06-01 00:00:00+09:00,778.4365413120815,784.0368041992188,778.4365413120815,784.0368041992188,1300
2016-06-02 00:00:00+09:00,776.5698025823353,784.0368199148578,776.5698025823353,779.3699340820312,800
2016-06-03 00:00:00+09:00,776.5697631835938,779.3698945412269,775.6363860643827,776.5697631835938,800
2016-06-06 00:00:00+09:00,790.5704897547614,791.503866956361,779.3699633355677,788.7037353515625,1000
2016-06-07 00:00:00+09:00,775.6363860643827,776.5697631835938,775.6363860643827,776.5697631835938,500
2016-06-08 00:00:00+09:00,783.1033935546875,783.1033935546875,783.1033935546875,783.1033935546875,200
2016-06-09 00:00:00+09:00,783.1033935546875,783.1033935546875,783.1033935546875,783.1033935546875,100
2016-06-10 00:00:00+09:00,783.1034270513626,784.0368041992188,779.3699184599377,784.0368041992188,900
2016-06-13 00:00:00+09:00,788.7036657333374,788.7036657333374,776.5697631835938,776.5697631835938,1800
2016-06-14 00:00:00+09:00,783.1034162932751,783.1034162932751,758.8356107823989,761.6357421875,2500
2016-06-15 00:00:00+09:00,762.5691528320312,763.5025300080803,762.5691528320312,762.5691528320312,1100
2016-06-16 00:00:00+09:00,763.502550098994,763.502550098994,746.7017604880137,749.5018920898438,4600
2016-06-17 00:00:00+09:00,749.5018920898438,750.4352692904538,749.5018920898438,749.5018920898438,2200
2016-06-20 00:00:00+09:00,746.70173126517,769.102783203125,746.70173126517,769.102783203125,1700
2016-06-21 00:00:00+09:00,769.102783203125,769.102783203125,769.102783203125,769.102783203125,100
2016-06-22 00:00:00+09:00,773.7697010087146,777.5032098193719,759.76904296875,759.76904296875,900
2016-06-23 00:00:00+09:00,759.76904296875,759.76904296875,759.76904296875,759.76904296875,0
2016-06-24 00:00:00+09:00,769.1028054539162,769.1028054539162,737.3679809570312,737.3679809570312,3600
2016-06-27 00:00:00+09:00,746.7017822265625,754.1688000488281,737.3680099487304,746.7017822265625,3300
2016-06-28 00:00:00+09:00,746.7017271274938,748.5684814453125,746.7017271274938,748.5684814453125,600
2016-06-29 00:00:00+09:00,749.5018627574143,769.102783203125,749.5018627574143,769.102783203125,600
2016-06-30 00:00:00+09:00,769.1027253882285,769.1027253882285,756.9688231672977,760.7023315429688,700
2016-07-01 00:00:00+09:00,765.369384765625,765.369384765625,765.369384765625,765.369384765625,1100
2016-07-04 00:00:00+09:00,791.5037875260726,791.5037875260726,771.9028682595072,783.1033935546875,2500
2016-07-05 00:00:00+09:00,769.102783203125,769.102783203125,769.102783203125,769.102783203125,1000
2016-07-06 00:00:00+09:00,766.3027620641196,766.3027620641196,765.369384765625,765.369384765625,1200
2016-07-07 00:00:00+09:00,765.369384765625,765.369384765625,765.369384765625,765.369384765625,0
2016-07-08 00:00:00+09:00,763.5024964575674,763.5024964575674,761.6357421875,761.6357421875,500
2016-07-11 00:00:00+09:00,761.6357421875,761.6357421875,761.6357421875,761.6357421875,0
2016-07-12 00:00:00+09:00,783.1034270513626,784.0368041992188,783.1034270513626,784.0368041992188,200
2016-07-13 00:00:00+09:00,783.1034982596553,783.1034982596553,774.7031031650941,777.5032348632812,700
2016-07-14 00:00:00+09:00,774.7029995833022,783.1033935546875,774.7029995833022,783.1033935546875,800
2016-07-15 00:00:00+09:00,784.0368041992188,784.0368041992188,784.0368041992188,784.0368041992188,1100
2016-07-19 00:00:00+09:00,776.5697907265344,776.5697907265344,774.7030364219032,775.6364135742188,700
2016-07-20 00:00:00+09:00,775.6364411503436,777.5031955213432,774.7030639648438,774.7030639648438,800
2016-07-21 00:00:00+09:00,777.5031678788499,777.5031678788499,775.6364135742188,775.6364135742188,900
2016-07-22 00:00:00+09:00,776.5698576305522,777.5032348632812,776.5698576305522,777.5032348632812,200
2016-07-25 00:00:00+09:00,786.8369514145537,786.8369514145537,777.5031797489006,779.3699340820312,1000
2016-07-26 00:00:00+09:00,779.3698851229607,783.1033935546875,779.3698851229607,783.1033935546875,400
2016-07-27 00:00:00+09:00,779.3699340820312,779.3699340820312,774.7030482492047,779.3699340820312,1200
2016-07-28 00:00:00+09:00,784.0368358198418,784.0368358198418,774.7030639648438,774.7030639648438,1000
2016-07-29 00:00:00+09:00,773.7697639973958,773.7697639973958,765.3693684895833,770.0362548828125,2700
2016-08-01 00:00:00+09:00,770.0362329897673,772.8363647460938,770.0362329897673,772.8363647460938,1200
2016-08-02 00:00:00+09:00,771.9030151367188,771.9030151367188,771.9030151367188,771.9030151367188,200
2016-08-03 00:00:00+09:00,773.7697639973958,773.7697639973958,769.1028776041667,770.0362548828125,1200
2016-08-04 00:00:00+09:00,770.0362548828125,770.0362548828125,770.0362548828125,770.0362548828125,100
2016-08-05 00:00:00+09:00,774.7030639648438,774.7030639648438,774.7030639648438,774.7030639648438,100
2016-08-08 00:00:00+09:00,782.1700635002655,782.1700635002655,768.1694060390436,769.102783203125,1700
2016-08-09 00:00:00+09:00,769.1026885726762,769.1026885726762,768.1693115234375,768.1693115234375,400
2016-08-10 00:00:00+09:00,770.0362548828125,770.0362548828125,770.0362548828125,770.0362548828125,100
2016-08-12 00:00:00+09:00,765.3692961494177,768.169427720696,765.3692961494177,766.3026733398438,900
2016-08-15 00:00:00+09:00,777.5032896460557,777.5032896460557,765.369384765625,765.369384765625,1300
2016-08-16 00:00:00+09:00,765.3692686354736,768.1694001060913,765.3692686354736,767.2360229492188,700
2016-08-17 00:00:00+09:00,766.3025574249601,768.1693115234375,766.3025574249601,768.1693115234375,200
2016-08-18 00:00:00+09:00,779.3700276692708,779.3700276692708,770.0362548828125,770.0362548828125,1000
2016-08-19 00:00:00+09:00,770.0361544198363,770.0361544198363,765.3692686354736,767.2360229492188,1000
2016-08-22 00:00:00+09:00,770.0361582625836,770.0361582625836,746.7017292243236,758.8356323242188,5300
2016-08-23 00:00:00+09:00,754.1687582475903,762.5691528320312,754.1687582475903,762.5691528320312,300
2016-08-24 00:00:00+09:00,757.9022156515239,761.6357241030092,756.0354614257812,756.0354614257812,1200
2016-08-25 00:00:00+09:00,753.2353300871672,756.0354614257812,753.2353300871672,756.0354614257812,400
2016-08-26 00:00:00+09:00,756.0355008396276,758.8356323242188,756.0355008396276,758.8356323242188,300
2016-08-29 00:00:00+09:00,758.8355927643952,758.8355927643952,753.2353300871672,756.0354614257812,800
2016-08-30 00:00:00+09:00,759.76904296875,759.76904296875,759.76904296875,759.76904296875,100
2016-08-31 00:00:00+09:00,760.7023315429688,760.7023315429688,757.9022002612155,760.7023315429688,1400
2016-09-01 00:00:00+09:00,760.7023650524663,761.6357421875,760.7023650524663,761.6357421875,1300
2016-09-02 00:00:00+09:00,763.5025634765625,763.5025634765625,763.5025634765625,763.5025634765625,1200
2016-09-05 00:00:00+09:00,768.1694001060913,768.1694001060913,767.2360229492188,767.2360229492188,300
2016-09-06 00:00:00+09:00,767.2360723444186,768.1694495613826,760.7024318256705,763.5025634765625,3000
2016-09-07 00:00:00+09:00,766.3026733398438,766.3026733398438,766.3026733398438,766.3026733398438,100
2016-09-08 00:00:00+09:00,768.1694060390436,770.0361603672065,768.1694060390436,769.102783203125,1300
2016-09-09 00:00:00+09:00,772.8362918594509,772.8362918594509,759.7690115623104,769.102783203125,2500
2016-09-12 00:00:00+09:00,758.8357436761623,765.369384765625,758.8357436761623,765.369384765625,1500
2016-09-13 00:00:00+09:00,769.1027772629637,774.7030402041989,763.5025143217287,767.2360229492188,2400
2016-09-14 00:00:00+09:00,766.3025574249601,768.1693115234375,766.3025574249601,768.1693115234375,600
2016-09-15 00:00:00+09:00,768.1693115234375,768.1693115234375,768.1693115234375,768.1693115234375,0
2016-09-16 00:00:00+09:00,763.5025634765625,763.5025634765625,763.5025634765625,763.5025634765625,500
2016-09-20 00:00:00+09:00,758.8356441278353,762.5691528320312,758.8356441278353,762.5691528320312,1400
2016-09-21 00:00:00+09:00,776.5697049665856,776.5697049665856,768.1693115234375,768.1693115234375,300
2016-09-23 00:00:00+09:00,776.5698958333334,776.5698958333334,764.4359912109375,770.0362548828125,2100
2016-09-26 00:00:00+09:00,770.0361506603255,775.6364135742188,770.0361506603255,775.6364135742188,700
2016-09-27 00:00:00+09:00,767.2359344741989,768.1693115234375,767.2359344741989,768.1693115234375,500
2016-09-28 00:00:00+09:00,774.7030900801307,774.7030900801307,763.5025634765625,763.5025634765625,1200
2016-09-29 00:00:00+09:00,765.3693179104905,765.3693179104905,763.5025634765625,763.5025634765625,1000
2016-09-30 00:00:00+09:00,763.5025634765625,763.5025634765625,763.5025634765625,763.5025634765625,0
2016-10-03 00:00:00+09:00,765.3692686354736,767.2360229492188,765.3692686354736,767.2360229492188,1200
2016-10-04 00:00:00+09:00,770.9696102418761,780.3033827629642,770.9696102418761,772.8363647460938,1200
2016-10-05 00:00:00+09:00,774.7031412760416,774.7031412760416,770.0362548828125,770.0362548828125,3200
2016-10-06 00:00:00+09:00,770.0362548828125,770.0362548828125,770.0362548828125,770.0362548828125,0
2016-10-07 00:00:00+09:00,770.9695552228445,778.436572706843,770.9695552228445,774.7030639648438,600
2016-10-11 00:00:00+09:00,775.6365242788552,777.5032788499235,771.9030151367188,771.9030151367188,4100
2016-10-12 00:00:00+09:00,778.4364992007793,779.3698762981423,770.969482421875,770.969482421875,2100
2016-10-13 00:00:00+09:00,772.8363095938441,779.3699498923428,772.8363095938441,774.7030639648438,1400
2016-10-14 00:00:00+09:00,778.4366120960102,780.3033665614682,776.5698576305522,777.5032348632812,1900
2016-10-17 00:00:00+09:00,782.1700499035063,784.0368041992188,780.303295607794,784.0368041992188,1200
2016-10-18 00:00:00+09:00,787.7702817670037,793.3705444335938,787.7702817670037,793.3705444335938,3900
2016-10-19 00:00:00+09:00,791.5038236266157,798.0374636801373,778.4365435195725,794.303955078125,4700
2016-10-20 00:00:00+09:00,800.8376169744528,801.7709941504137,777.5031875754303,791.5038452148438,4000
2016-10-21 00:00:00+09:00,798.0374755859375,798.0374755859375,798.0374755859375,798.0374755859375,100
2016-10-24 00:00:00+09:00,798.0374755859375,798.0374755859375,794.3039669282256,798.0374755859375,700
2016-10-25 00:00:00+09:00,798.9708845691567,799.9042617707563,784.9702265451646,788.7037353515625,4500
2016-10-26 00:00:00+09:00,788.703658878102,798.0374299890855,788.703658878102,793.3705444335938,500
2016-10-27 00:00:00+09:00,789.6370239257812,789.6370239257812,789.6370239257812,789.6370239257812,300
2016-10-28 00:00:00+09:00,789.63716886641,797.1041870117188,789.63716886641,797.1041870117188,200
2016-10-31 00:00:00+09:00,798.0375642798824,798.0375642798824,797.1041870117188,797.1041870117188,1200
2016-11-01 00:00:00+09:00,798.0374755859375,798.0374755859375,798.0374755859375,798.0374755859375,1600
2016-11-02 00:00:00+09:00,798.0375191516673,798.9708963670495,785.9036153517005,792.437255859375,8400
2016-11-04 00:00:00+09:00,797.1040313828033,797.1040313828033,785.9035063516632,796.170654296875,2100
2016-11-07 00:00:00+09:00,795.2372986557904,795.2372986557904,789.6370359892003,793.3705444335938,1500
2016-11-08 00:00:00+09:00,799.9042179811435,799.9042179811435,789.6370693256096,794.303955078125,2600
2016-11-09 00:00:00+09:00,792.4371552162983,792.4371552162983,785.9035155384254,789.6370239257812,2300
2016-11-10 00:00:00+09:00,787.7703639799477,800.8376448990463,787.7703639799477,790.5704956054688,1900
2016-11-11 00:00:00+09:00,789.6371183969618,798.0375132735252,789.6371183969618,790.5704956054688,1700
2016-11-14 00:00:00+09:00,790.5704797735797,795.2373657226562,789.6371025837643,795.2373657226562,2300
2016-11-15 00:00:00+09:00,795.2372986557904,795.2372986557904,788.703658878102,793.3705444335938,2700
2016-11-16 00:00:00+09:00,794.303955078125,794.303955078125,794.303955078125,794.303955078125,100
2016-11-17 00:00:00+09:00,794.3039001250183,796.170654296875,793.3705230390899,796.170654296875,900
2016-11-18 00:00:00+09:00,800.8376406375493,800.8376406375493,797.1041318233882,798.9708862304688,1400
2016-11-21 00:00:00+09:00,800.8375951316466,802.7043494326527,786.8369378741003,794.303955078125,5100
2016-11-22 00:00:00+09:00,794.3039001250183,798.0374084687317,794.3039001250183,796.170654296875,1200
2016-11-24 00:00:00+09:00,798.0374266299158,801.7709350585938,798.0374266299158,801.7709350585938,5700
2016-11-25 00:00:00+09:00,798.9708527503656,801.7709842436495,798.0374755859375,798.0374755859375,800
2016-11-28 00:00:00+09:00,798.0374755859375,798.0374755859375,798.0374755859375,798.0374755859375,2400
2016-11-29 00:00:00+09:00,801.7710178410896,802.7043950446298,798.0375090269284,798.9708862304688,6000
2016-11-30 00:00:00+09:00,802.7043121657633,802.7043121657633,801.7709350585938,801.7709350585938,300
2016-12-01 00:00:00+09:00,804.5711059570312,812.0381231816905,802.7043516508664,804.5711059570312,2700
2016-12-02 00:00:00+09:00,811.104785650176,811.104785650176,804.5711452594381,807.3712768554688,800
2016-12-05 00:00:00+09:00,807.3713321619487,807.3713321619487,805.5045776367188,805.5045776367188,1600
2016-12-06 00:00:00+09:00,808.3045808834205,808.3045808834205,803.6376953125,803.6376953125,900
2016-12-07 00:00:00+09:00,804.5711059570312,804.5711059570312,804.5711059570312,804.5711059570312,300
2016-12-08 00:00:00+09:00,801.7710295211436,809.238047258244,801.7710295211436,802.7044067382812,1500
2016-12-09 00:00:00+09:00,806.4378051757812,806.4378051757812,806.4378051757812,806.4378051757812,100
2016-12-12 00:00:00+09:00,799.9042083100005,811.104733980619,799.9042083100005,800.8375854492188,3800
2016-12-13 00:00:00+09:00,807.3712928239689,807.3712928239689,802.7044067382812,802.7044067382812,600
2016-12-14 00:00:00+09:00,807.3711977016108,807.3711977016108,800.8375579514243,801.7709350585938,1000
2016-12-15 00:00:00+09:00,800.8375639699477,810.1713351117886,800.8375639699477,803.6376953125,2100
2016-12-16 00:00:00+09:00,802.7043693296371,810.17138671875,802.7043693296371,810.17138671875,1400
2016-12-19 00:00:00+09:00,810.1714084514992,810.1714084514992,807.3712768554688,807.3712768554688,2900
2016-12-20 00:00:00+09:00,810.1714419745958,810.1714419745958,808.3046875,808.3046875,600
2016-12-21 00:00:00+09:00,807.3712768554688,810.1714084514992,802.7043908620844,807.3712768554688,2900
2016-12-22 00:00:00+09:00,805.504467534084,810.1713532092525,804.5710903990503,809.2379760742188,3800
2016-12-26 00:00:00+09:00,809.2380312528223,809.2380312528223,807.3712768554688,807.3712768554688,1200
2016-12-27 00:00:00+09:00,807.3712551978326,810.17138671875,807.3712551978326,810.17138671875,3100
2016-12-28 00:00:00+09:00,812.0380554199219,821.371826171875,810.1713012695313,821.371826171875,5100
2016-12-29 00:00:00+09:00,820.4385593362051,820.4385593362051,813.904918931935,817.638427734375,700
2016-12-30 00:00:00+09:00,817.6383546601742,817.6383546601742,813.9048461914062,813.9048461914062,1000
2017-01-04 00:00:00+09:00,821.3718716896186,830.7056429588189,812.0381004204185,826.0387573242188,4900
2017-01-05 00:00:00+09:00,826.0387298377319,828.8388611253174,814.8382046873897,826.9721069335938,2500
2017-01-06 00:00:00+09:00,825.1054555456163,825.1054555456163,811.1047973632812,811.1047973632812,4700
2017-01-10 00:00:00+09:00,817.63833920904,819.5050934081474,813.9048308108253,818.5717163085938,3300
2017-01-11 00:00:00+09:00,818.5717163085938,818.5717163085938,818.5717163085938,818.5717163085938,500
2017-01-12 00:00:00+09:00,819.5051426139211,819.5051426139211,814.8382568359375,814.8382568359375,3100
2017-01-13 00:00:00+09:00,813.9049464285714,819.5052098214286,807.3713058035714,816.705078125,9300
2017-01-16 00:00:00+09:00,825.10537159771,825.10537159771,802.7043207851025,813.9048461914062,6100
2017-01-17 00:00:00+09:00,815.7716280283528,819.5051366234483,812.0381194332573,812.9714965820312,2300
2017-01-18 00:00:00+09:00,813.9049130926416,815.7716674804688,813.9049130926416,815.7716674804688,500
2017-01-19 00:00:00+09:00,814.8381866455079,821.371826171875,814.8381866455079,821.371826171875,1700
2017-01-20 00:00:00+09:00,821.3718812286446,821.3718812286446,819.505126953125,819.505126953125,400
2017-01-23 00:00:00+09:00,819.505126953125,819.505126953125,813.904864126566,819.505126953125,3300
2017-01-24 00:00:00+09:00,819.505176256123,819.505176256123,813.9049130926416,815.7716674804688,1500
2017-01-25 00:00:00+09:00,819.5052098214286,821.3719642857143,816.705078125,816.705078125,4600
2017-01-26 00:00:00+09:00,821.3719306439502,821.3719306439502,815.7716674804688,815.7716674804688,2500
2017-01-27 00:00:00+09:00,815.7717008928572,819.5052098214286,815.7717008928572,816.705078125,2400
2017-01-30 00:00:00+09:00,817.6384553571429,818.5718325892857,816.705078125,816.705078125,700
2017-01-31 00:00:00+09:00,817.6384509332579,826.0388459770927,817.6384509332579,825.10546875,1500
2017-02-01 00:00:00+09:00,825.1053344726563,825.1053344726563,821.371826171875,821.371826171875,1100
2017-02-02 00:00:00+09:00,817.638427734375,817.638427734375,817.638427734375,817.638427734375,100
2017-02-03 00:00:00+09:00,821.3719147735353,821.3719147735353,816.7050288941402,820.4385375976562,3300
2017-02-06 00:00:00+09:00,828.8389381296113,829.7723153121897,822.3052978515625,822.3052978515625,2200
2017-02-07 00:00:00+09:00,822.3053153983097,827.9055786132812,821.3719381958146,827.9055786132812,1100
2017-02-08 00:00:00+09:00,827.9055786132812,827.9055786132812,827.9055786132812,827.9055786132812,0
2017-02-09 00:00:00+09:00,828.8389341204354,830.7056884765625,828.8389341204354,830.7056884765625,1600
2017-02-10 00:00:00+09:00,828.8389341204354,830.7056884765625,828.8389341204354,830.7056884765625,2500
2017-02-13 00:00:00+09:00,830.7056884765625,830.7056884765625,827.9055569423718,830.7056884765625,1700
2017-02-14 00:00:00+09:00,830.7056884765625,830.7056884765625,830.7056884765625,830.7056884765625,900
2017-02-15 00:00:00+09:00,830.7056549724498,830.7056549724498,829.7722778320312,829.7722778320312,1600
2017-02-16 00:00:00+09:00,828.8389558157764,829.7723330182718,827.9055786132812,827.9055786132812,2200
2017-02-17 00:00:00+09:00,829.7723504864222,833.505859375,826.9722188199887,833.505859375,2900
2017-02-20 00:00:00+09:00,833.5057708262331,834.4391479492188,830.705639457276,834.4391479492188,1200
2017-02-21 00:00:00+09:00,835.3726036919488,840.0394897460938,830.7057176378038,840.0394897460938,5300
2017-02-22 00:00:00+09:00,840.039395172153,840.039395172153,837.2392638549126,839.1060180664062,1000
2017-02-23 00:00:00+09:00,840.0394443959497,840.0394443959497,832.5724271124302,835.37255859375,4300
2017-02-24 00:00:00+09:00,840.0394897460938,840.9728669569228,840.0394897460938,840.0394897460938,2500
2017-02-27 00:00:00+09:00,839.1061227078667,841.9062543743,830.7057277085665,833.505859375,6400
2017-02-28 00:00:00+09:00,833.505859375,835.3726138192889,833.505859375,833.505859375,1400
2017-03-01 00:00:00+09:00,835.372537047932,838.1726684570312,835.372537047932,838.1726684570312,2200
2017-03-02 00:00:00+09:00,839.1061125352647,840.0394897460938,838.1727353244357,840.0394897460938,2700
2017-03-03 00:00:00+09:00,840.9727998661305,840.9727998661305,838.1726684570312,838.1726684570312,3400
2017-03-06 00:00:00+09:00,838.1727236339024,840.0394780295235,831.6390832492283,836.3059692382812,9700
2017-03-07 00:00:00+09:00,836.3059692382812,837.2393464360918,835.3725920404706,836.3059692382812,3500
2017-03-08 00:00:00+09:00,836.3059021951901,836.3059021951901,834.4391479492188,834.4391479492188,1900
2017-03-09 00:00:00+09:00,836.305896160314,836.305896160314,827.9055021140608,832.5723876953125,8100
2017-03-10 00:00:00+09:00,831.6390105790622,832.5723876953125,830.7056334628119,832.5723876953125,3400
2017-03-13 00:00:00+09:00,832.5724821528555,833.505859375,830.7057277085665,833.505859375,4200
2017-03-14 00:00:00+09:00,834.4392365971444,834.4392365971444,833.505859375,833.505859375,2900
2017-03-15 00:00:00+09:00,835.372537047932,838.1726684570312,833.5057827751992,838.1726684570312,5300
2017-03-16 00:00:00+09:00,839.1060849950793,840.9728393554688,838.1727078148846,840.9728393554688,5000
2017-03-17 00:00:00+09:00,840.039460257198,840.039460257198,830.7056884765625,830.7056884765625,7900
2017-03-21 00:00:00+09:00,839.1060455933977,839.1060455933977,832.5724056388328,838.1726684570312,3000
2017-03-22 00:00:00+09:00,840.0394999300112,840.0394999300112,833.505859375,833.505859375,2700
2017-03-23 00:00:00+09:00,837.2393464360918,838.1727236339024,834.43921484266,836.3059692382812,3500
2017-03-24 00:00:00+09:00,836.3059141842984,838.1726684570312,835.372537047932,838.1726684570312,3900
2017-03-27 00:00:00+09:00,840.039462175274,840.9728393554688,838.1727078148846,840.9728393554688,8400
2017-03-28 00:00:00+09:00,840.9728275158733,840.9728275158733,837.2393188476562,837.2393188476562,12000
2017-03-29 00:00:00+09:00,803.1435133272058,819.2442677217371,803.1435133272058,805.0377197265625,21300
2017-03-30 00:00:00+09:00,805.0377187248132,814.508750709811,803.1435123278136,807.8790283203125,5900
2017-03-31 00:00:00+09:00,805.0377197265625,809.773235724954,804.0906165268842,805.0377197265625,3700
2017-04-03 00:00:00+09:00,805.0377197265625,805.0377197265625,803.1435133272058,805.0377197265625,1100
2017-04-04 00:00:00+09:00,805.037783220481,805.9848864948581,798.4080602998417,799.3551635742188,3400
2017-04-05 00:00:00+09:00,799.3551035551055,800.3022067583698,795.5666907420482,796.5137939453125,2500
2017-04-06 00:00:00+09:00,806.9320133988575,806.9320133988575,792.7254638671875,792.7254638671875,3200
2017-04-07 00:00:00+09:00,792.7254224011099,804.0906614319503,792.7254224011099,794.61962890625,2600
2017-04-10 00:00:00+09:00,802.1964758825188,802.1964758825188,793.6725463867188,793.6725463867188,2000
2017-04-11 00:00:00+09:00,794.6196472023336,799.3551635742188,794.6196472023336,799.3551635742188,500
2017-04-12 00:00:00+09:00,799.3551660505855,799.3551660505855,793.6725463867188,793.6725463867188,3300
2017-04-13 00:00:00+09:00,798.408107454231,798.408107454231,782.3073508389025,786.0957641601562,4600
2017-04-14 00:00:00+09:00,786.0957627679978,788.9370727539062,786.0957627679978,788.9370727539062,3200
2017-04-17 00:00:00+09:00,795.5667974632906,795.5667974632906,782.3073508389025,786.0957641601562,2000
2017-04-18 00:00:00+09:00,795.566752941341,795.566752941341,787.0428234455409,793.6725463867188,2700
2017-04-19 00:00:00+09:00,788.9370312353808,790.8312377929688,787.0428246777929,790.8312377929688,2700
2017-04-20 00:00:00+09:00,790.8312158959699,794.61962890625,790.8312158959699,794.61962890625,400
2017-04-21 00:00:00+09:00,794.6196496640299,794.6196496640299,793.6725463867188,793.6725463867188,400
2017-04-24 00:00:00+09:00,795.5667724609375,795.5667724609375,795.5667724609375,795.5667724609375,1000
2017-04-25 00:00:00+09:00,796.5138537510877,799.3551635742188,793.6725439279566,799.3551635742188,2400
2017-04-26 00:00:00+09:00,800.3023057613733,803.1436157226562,800.3023057613733,803.1436157226562,1600
2017-04-27 00:00:00+09:00,804.0906165268842,805.0377197265625,803.1435133272058,805.0377197265625,1300
2017-04-28 00:00:00+09:00,793.6724803428158,807.8790283203125,793.6724803428158,807.8790283203125,1900
2017-05-01 00:00:00+09:00,807.8790283203125,809.7732347173121,807.8790283203125,807.8790283203125,600
2017-05-02 00:00:00+09:00,810.7204409105096,810.7204409105096,805.9849243164062,805.9849243164062,800
2017-05-08 00:00:00+09:00,811.6674597680152,814.5087694288134,811.6674597680152,812.6145629882812,1700
2017-05-09 00:00:00+09:00,812.614665664245,812.614665664245,805.0378389447649,810.720458984375,2300
2017-05-10 00:00:00+09:00,814.5087705021016,819.244286609672,805.0377382869609,809.7732543945312,3200
2017-05-11 00:00:00+09:00,809.7732543945312,809.7732543945312,809.7732543945312,809.7732543945312,0
2017-05-12 00:00:00+09:00,809.7733779692313,814.5088947994608,806.9320678710938,806.9320678710938,2100
2017-05-15 00:00:00+09:00,805.0377577578034,822.0856161573804,805.0377577578034,811.66748046875,2300
2017-05-16 00:00:00+09:00,811.66756232431,811.66756232431,810.720458984375,810.720458984375,200
2017-05-17 00:00:00+09:00,812.6146475481511,812.6146475481511,805.9849243164062,805.9849243164062,2300
2017-05-18 00:00:00+09:00,805.9848229262408,805.9848229262408,805.0377197265625,805.0377197265625,1200
2017-05-19 00:00:00+09:00,812.6145629882812,812.6145629882812,812.6145629882812,812.6145629882812,200
2017-05-22 00:00:00+09:00,806.9319642466453,811.66748046875,806.9319642466453,811.66748046875,1100
2017-05-23 00:00:00+09:00,806.9319251218127,810.7203379158118,806.9319251218127,807.8790283203125,1700
2017-05-24 00:00:00+09:00,811.6675847013231,811.6675847013231,805.9849645050479,806.9320678710938,1400
2017-05-25 00:00:00+09:00,806.9319436666849,812.6145629882812,806.9319436666849,812.6145629882812,800
2017-05-26 00:00:00+09:00,809.7732543945312,809.7732543945312,809.7732543945312,809.7732543945312,200
2017-05-29 00:00:00+09:00,809.773337591689,812.6146475481511,805.0378209975855,805.9849243164062,1700
2017-05-30 00:00:00+09:00,813.5617508669717,813.5617508669717,805.9849243164062,805.9849243164062,1400
2017-05-31 00:00:00+09:00,805.9849243164062,805.9849243164062,805.9849243164062,805.9849243164062,100
2017-06-01 00:00:00+09:00,807.8790479515031,809.7732543945312,807.8790479515031,809.7732543945312,400
2017-06-02 00:00:00+09:00,812.6146475481511,812.6146475481511,805.9849243164062,805.9849243164062,1900
2017-06-05 00:00:00+09:00,809.773337591689,809.773337591689,805.9849243164062,805.9849243164062,1800
2017-06-06 00:00:00+09:00,806.931944729989,813.5616672805876,806.931944729989,809.7732543945312,2900
2017-06-07 00:00:00+09:00,813.5617494962812,813.5617494962812,808.8262329101562,808.8262329101562,1100
2017-06-08 00:00:00+09:00,813.5617494962812,813.5617494962812,808.8262329101562,808.8262329101562,1700
2017-06-09 00:00:00+09:00,814.5087890625,814.5087890625,813.561685819404,814.5087890625,1100
2017-06-12 00:00:00+09:00,814.5087694288134,821.1384919706758,809.7732533274831,812.6145629882812,2300
2017-06-13 00:00:00+09:00,814.508872344115,814.508872344115,810.720458984375,810.720458984375,1100
2017-06-14 00:00:00+09:00,817.3501586914062,817.3501586914062,814.5088487538927,817.3501586914062,600
2017-06-15 00:00:00+09:00,820.1914686289199,820.1914686289199,817.3501586914062,817.3501586914062,500
2017-06-16 00:00:00+09:00,820.1914490667647,820.1914490667647,815.4559326171875,815.4559326171875,1300
2017-06-19 00:00:00+09:00,814.5088280571831,821.1385510762532,812.6146214803059,818.2972412109375,1100
2017-06-20 00:00:00+09:00,818.2972620039108,821.1385719414244,806.9320222538565,817.3501586914062,3000
2017-06-21 00:00:00+09:00,808.8262508867506,813.561767578125,808.8262508867506,813.561767578125,500
2017-06-22 00:00:00+09:00,818.2972204660405,819.2443237304688,811.6674976150424,819.2443237304688,2100
2017-06-23 00:00:00+09:00,819.2443876077743,819.2443876077743,807.8791475484757,813.561767578125,1000
2017-06-26 00:00:00+09:00,811.6674988076195,816.4030151367188,811.6674988076195,816.4030151367188,800
2017-06-27 00:00:00+09:00,812.6145825763081,819.2443052779796,812.6145825763081,814.5087890625,700
2017-06-28 00:00:00+09:00,817.3502181760158,820.1915283203125,817.3502181760158,820.1915283203125,900
2017-06-29 00:00:00+09:00,820.1914281999982,820.1914281999982,808.8261890101599,816.4030151367188,3000
2017-06-30 00:00:00+09:00,821.1385498046875,821.1385498046875,821.1385498046875,821.1385498046875,1100
2017-07-03 00:00:00+09:00,821.1386093665814,823.9799194335938,821.1386093665814,823.9799194335938,1800
2017-07-04 00:00:00+09:00,823.9798388503115,823.9798388503115,822.0856323242188,822.0856323242188,1400
2017-07-05 00:00:00+09:00,822.0856104859519,827.7682299132741,821.1385072480648,825.8740234375,3200
2017-07-06 00:00:00+09:00,827.7682702762564,828.7153735603254,823.9798571399807,826.8211669921875,2200
2017-07-07 00:00:00+09:00,825.874123211865,830.6096399734009,825.874123211865,829.6625366210938,2400
2017-07-10 00:00:00+09:00,828.715350411155,833.4508666992188,828.715350411155,833.4508666992188,5300
2017-07-11 00:00:00+09:00,836.292216860612,837.239320163965,833.4509069505533,834.3980102539062,1400
2017-07-12 00:00:00+09:00,838.1864013671875,840.0806079239495,838.1864013671875,838.1864013671875,2500
2017-07-13 00:00:00+09:00,841.0277903353231,846.7104105402914,841.0277903353231,842.9219970703125,6700
2017-07-14 00:00:00+09:00,846.7104105402914,847.6575139077861,840.0806869678282,842.9219970703125,4400
2017-07-17 00:00:00+09:00,842.9219970703125,842.9219970703125,842.9219970703125,842.9219970703125,0
2017-07-18 00:00:00+09:00,842.921937342561,845.7632472437157,840.0806274414062,840.0806274414062,4200
2017-07-19 00:00:00+09:00,846.7103308726165,846.7103308726165,838.1864013671875,838.1864013671875,500
2017-07-20 00:00:00+09:00,836.292236328125,838.1864429789248,836.292236328125,836.292236328125,800
2017-07-21 00:00:00+09:00,839.1335463043247,839.1335463043247,835.3451330027251,836.292236328125,500
2017-07-24 00:00:00+09:00,837.2392993330144,842.9219190117453,835.3450927734375,835.3450927734375,1800
2017-07-25 00:00:00+09:00,836.2921718032904,844.8161010742188,835.3450685509652,844.8161010742188,1500
2017-07-26 00:00:00+09:00,844.8161010742188,844.8161010742188,844.8161010742188,844.8161010742188,1100
2017-07-27 00:00:00+09:00,845.7633071727967,846.7104105402914,842.9219970703125,842.9219970703125,1300
2017-07-28 00:00:00+09:00,842.9219970703125,842.9219970703125,842.9219970703125,842.9219970703125,100
2017-07-31 00:00:00+09:00,842.9219748136449,846.7103881835938,842.9219748136449,846.7103881835938,1100
2017-08-01 00:00:00+09:00,846.7103505441006,846.7103505441006,839.1335241410214,840.0806274414062,2100
2017-08-02 00:00:00+09:00,842.921894569568,844.8161010742188,842.921894569568,844.8161010742188,2000
2017-08-03 00:00:00+09:00,840.0805836597634,847.6574096679688,840.0805836597634,847.6574096679688,2400
2017-08-04 00:00:00+09:00,842.921934736536,845.7632446289062,838.186418249252,845.7632446289062,1700
2017-08-07 00:00:00+09:00,846.7103087486379,846.7103087486379,835.345069705032,841.9747924804688,3400
2017-08-08 00:00:00+09:00,842.9219970703125,842.9219970703125,842.9219970703125,842.9219970703125,200
2017-08-09 00:00:00+09:00,842.9219970703125,842.9219970703125,842.9219970703125,842.9219970703125,0
2017-08-10 00:00:00+09:00,842.921915279093,843.8690185546875,842.921915279093,843.8690185546875,600
2017-08-11 00:00:00+09:00,843.8690185546875,843.8690185546875,843.8690185546875,843.8690185546875,0
2017-08-14 00:00:00+09:00,842.9219386588394,842.9219386588394,837.2393188476562,837.2393188476562,1200
2017-08-15 00:00:00+09:00,835.3451135572591,837.239320163965,834.3980102539062,834.3980102539062,1800
2017-08-16 00:00:00+09:00,837.2392797296698,838.1863829872825,833.4508666992188,833.4508666992188,900
2017-08-17 00:00:00+09:00,842.9219970703125,842.9219970703125,842.9219970703125,842.9219970703125,300
2017-08-18 00:00:00+09:00,842.9219970703125,842.9219970703125,842.9219970703125,842.9219970703125,100
2017-08-21 00:00:00+09:00,845.7633071727967,845.7633071727967,842.9219970703125,842.9219970703125,400
2017-08-22 00:00:00+09:00,844.8161243158545,845.7632275942356,838.1864013671875,838.1864013671875,800
2017-08-23 00:00:00+09:00,839.1335267706708,844.8161465907881,834.3980102539062,834.3980102539062,800
2017-08-24 00:00:00+09:00,836.2921948104255,838.1864013671875,836.2921948104255,838.1864013671875,400
2017-08-25 00:00:00+09:00,838.1864802328388,842.9219970703125,835.3451701303546,842.9219970703125,900
2017-08-28 00:00:00+09:00,845.763204326544,845.763204326544,844.8161010742188,844.8161010742188,700
2017-08-29 00:00:00+09:00,844.816121830282,844.816121830282,836.2921923499316,843.8690185546875,1000
2017-08-30 00:00:00+09:00,845.7632446289062,846.710347926363,844.8161413314494,845.7632446289062,600
2017-08-31 00:00:00+09:00,845.7632848411065,846.7103881835938,842.9219748136449,846.7103881835938,800
2017-09-01 00:00:00+09:00,846.7104105402914,846.7104105402914,838.1864802328388,842.9219970703125,900
2017-09-04 00:00:00+09:00,838.186418249252,847.6574512238197,838.186418249252,845.7632446289062,1300
2017-09-05 00:00:00+09:00,845.7632263458527,845.7632263458527,841.0277099609375,841.0277099609375,2000
2017-09-06 00:00:00+09:00,841.0277307417912,846.7103505441006,840.0806274414062,840.0806274414062,1600
2017-09-07 00:00:00+09:00,840.0806274414062,840.0806274414062,840.0806274414062,840.0806274414062,0
2017-09-08 00:00:00+09:00,841.9748937028178,842.9219970703125,841.9748937028178,842.9219970703125,400
2017-09-11 00:00:00+09:00,847.6574096679688,847.6574096679688,841.9747901618148,847.6574096679688,1300
2017-09-12 00:00:00+09:00,847.6574328998188,847.6574328998188,841.0277099609375,841.0277099609375,1100
2017-09-13 00:00:00+09:00,841.0276892268349,846.7103087486379,841.0276892268349,841.9747924804688,1300
2017-09-14 00:00:00+09:00,842.9219970703125,842.9219970703125,842.9219970703125,842.9219970703125,200
2017-09-15 00:00:00+09:00,844.8162038053019,844.8162038053019,842.9219970703125,842.9219970703125,300
2017-09-18 00:00:00+09:00,842.9219970703125,842.9219970703125,842.9219970703125,842.9219970703125,0
2017-09-19 00:00:00+09:00,842.921894569568,849.5516173358455,842.921894569568,844.8161010742188,3700
2017-09-20 00:00:00+09:00,844.8161413314494,845.7632446289062,844.8161413314494,845.7632446289062,1000
2017-09-21 00:00:00+09:00,845.7632031659174,847.6574096679688,845.7632031659174,847.6574096679688,400
2017-09-22 00:00:00+09:00,845.7632848411065,846.7103881835938,843.8690781561321,846.7103881835938,1100
2017-09-25 00:00:00+09:00,847.657491526081,852.3930082385173,845.7632848411065,846.7103881835938,4700
2017-09-26 00:00:00+09:00,845.7632848411065,848.6045948685683,844.8161814986194,846.7103881835938,900
2017-09-27 00:00:00+09:00,850.4987182617188,850.4987182617188,847.6574085125148,850.4987182617188,2500
2017-09-28 00:00:00+09:00,851.4458215114535,851.4458215114535,850.4987182617188,850.4987182617188,700
2017-09-29 00:00:00+09:00,851.4459034591215,851.4459034591215,849.5516967773438,849.5516967773438,1300
2017-10-02 00:00:00+09:00,852.3930068000104,852.3930068000104,849.5516967773438,849.5516967773438,2400
2017-10-03 00:00:00+09:00,852.3930217726115,861.8640553478627,851.4459184150863,859.9698486328125,5000
2017-10-04 00:00:00+09:00,859.0226429027516,873.2291915725876,859.0226429027516,861.8639526367188,10600
2017-10-05 00:00:00+09:00,862.8110558813745,870.3878818386204,861.8639526367188,861.8639526367188,5100
2017-10-06 00:00:00+09:00,860.916849392063,861.8639526367188,860.916849392063,861.8639526367188,1300
2017-10-09 00:00:00+09:00,861.8639526367188,861.8639526367188,861.8639526367188,861.8639526367188,0
2017-10-10 00:00:00+09:00,861.8639112773694,863.7581176757812,852.3928792853104,863.7581176757812,3700
2017-10-11 00:00:00+09:00,862.8110766520988,862.8110766520988,860.9168701171875,860.9168701171875,500
2017-10-12 00:00:00+09:00,859.9697668497319,860.9168701171875,859.9697668497319,860.9168701171875,700
2017-10-13 00:00:00+09:00,859.9697692803502,859.9697692803502,838.1863940673016,855.2342529296875,4300
2017-10-16 00:00:00+09:00,855.2343348061166,861.8640583317454,854.2872314453125,854.2872314453125,2700
2017-10-17 00:00:00+09:00,854.2872314453125,854.2872314453125,854.2872314453125,854.2872314453125,0
2017-10-18 00:00:00+09:00,861.8639340901243,861.8639340901243,856.1813147444752,857.12841796875,4400
2017-10-19 00:00:00+09:00,860.9169117045376,861.8640150177439,857.1284984517124,859.022705078125,1500
2017-10-20 00:00:00+09:00,859.022705078125,859.022705078125,859.022705078125,859.022705078125,0
2017-10-23 00:00:00+09:00,859.0227482493331,859.0227482493331,853.3401280845084,854.2872314453125,2300
2017-10-24 00:00:00+09:00,854.2872314453125,854.2872314453125,854.2872314453125,854.2872314453125,0
2017-10-25 00:00:00+09:00,854.2872314453125,854.2872314453125,854.2872314453125,854.2872314453125,0
2017-10-26 00:00:00+09:00,859.0226647922271,863.7581811361755,858.0755615234375,858.0755615234375,3000
2017-10-27 00:00:00+09:00,858.0755615234375,858.0755615234375,858.0755615234375,858.0755615234375,0
2017-10-30 00:00:00+09:00,862.8111143153827,867.546630859375,861.8640110065843,867.546630859375,4100
2017-10-31 00:00:00+09:00,867.5466088336447,871.3350219726562,867.5466088336447,871.3350219726562,3400
2017-11-01 00:00:00+09:00,873.2291814749116,890.2770396815802,871.334975007504,887.4357299804688,5000
2017-11-02 00:00:00+09:00,883.6473181518293,884.5944213867188,880.806008447161,884.5944213867188,3400
2017-11-03 00:00:00+09:00,884.5944213867188,884.5944213867188,884.5944213867188,884.5944213867188,0
2017-11-06 00:00:00+09:00,889.330000241256,889.330000241256,881.753173828125,881.753173828125,1800
2017-11-07 00:00:00+09:00,881.753173828125,881.753173828125,881.753173828125,881.753173828125,0
2017-11-08 00:00:00+09:00,888.3828539726062,888.3828539726062,880.8060279259315,886.4886474609375,1100
2017-11-09 00:00:00+09:00,884.5944409492689,890.2770604842749,884.5944409492689,886.4886474609375,2500
2017-11-10 00:00:00+09:00,886.488690336332,886.488690336332,871.3350375100698,881.753173828125,7500
2017-11-13 00:00:00+09:00,880.806010673786,880.806010673786,878.9118041992188,878.9118041992188,1400
2017-11-14 00:00:00+09:00,878.9118297472677,879.8589330120816,866.5994873046875,866.5994873046875,5000
2017-11-15 00:00:00+09:00,863.7581775102459,866.5994873046875,862.811074245432,866.5994873046875,2000
2017-11-16 00:00:00+09:00,866.5994873046875,866.5994873046875,866.5994873046875,866.5994873046875,0
2017-11-17 00:00:00+09:00,875.1234313504946,879.8589477539062,870.3879149470828,879.8589477539062,1900
2017-11-20 00:00:00+09:00,879.8589477539062,879.8589477539062,879.8589477539062,879.8589477539062,1200
2017-11-21 00:00:00+09:00,877.0176599451014,877.0176599451014,868.4937302048143,876.070556640625,3100
2017-11-22 00:00:00+09:00,876.070556640625,876.070556640625,876.070556640625,876.070556640625,0
2017-11-23 00:00:00+09:00,876.070556640625,876.070556640625,876.070556640625,876.070556640625,0
2017-11-24 00:00:00+09:00,874.1763858570772,885.5416259765625,874.1763858570772,885.5416259765625,2400
2017-11-27 00:00:00+09:00,885.5416121260222,885.5416121260222,872.2821655273438,872.2821655273438,3500
2017-11-28 00:00:00+09:00,878.9118041992188,878.9118041992188,877.9647009619351,878.9118041992188,400
2017-11-29 00:00:00+09:00,878.9118041992188,878.9118041992188,878.9118041992188,878.9118041992188,0
2017-11-30 00:00:00+09:00,878.911904003487,883.6474207276437,876.0705939689931,882.7003173828125,3300
2017-12-01 00:00:00+09:00,885.5416274173065,887.4358341069692,882.7003173828125,882.7003173828125,7300
2017-12-04 00:00:00+09:00,889.3300170898438,890.2771204094282,889.3300170898438,889.3300170898438,4000
2017-12-05 00:00:00+09:00,894.0655725990854,899.7481927639101,891.224262516673,893.1184692382812,3700
2017-12-06 00:00:00+09:00,893.1184303681817,895.0126370073507,889.3300170898438,889.3300170898438,4400
2017-12-07 00:00:00+09:00,899.7481746714253,899.7481746714253,888.3829345703125,888.3829345703125,4000
2017-12-08 00:00:00+09:00,888.3828516350683,892.1712646484375,888.3828516350683,892.1712646484375,3100
2017-12-11 00:00:00+09:00,893.1184276439526,895.0126342773438,893.1184276439526,895.0126342773438,1400
2017-12-12 00:00:00+09:00,895.0126759598895,895.0126759598895,893.1184692382812,893.1184692382812,900
2017-12-13 00:00:00+09:00,895.0125939967269,895.9596972707975,894.0654907226562,894.0654907226562,1600
2017-12-14 00:00:00+09:00,896.9068395558288,897.8539428710938,894.0655296100342,897.8539428710938,1500
2017-12-15 00:00:00+09:00,897.8539428710938,898.8010461863586,896.9068395558288,897.8539428710938,1400
2017-12-18 00:00:00+09:00,901.6422936793507,932.8967009182358,900.6951904296875,900.6951904296875,16700
2017-12-19 00:00:00+09:00,907.3249052071277,923.4256603099682,907.3249052071277,920.5843505859375,4000
2017-12-20 00:00:00+09:00,916.7960398880476,918.6902465820312,912.0605231530888,918.6902465820312,2900
2017-12-21 00:00:00+09:00,920.5844324271048,920.5844324271048,912.0605024972242,919.6373291015625,3200
2017-12-22 00:00:00+09:00,921.5315210106838,950.8917236328125,921.5315210106838,950.8917236328125,12900
2017-12-25 00:00:00+09:00,949.9446230106698,955.6272428890985,936.6851766276694,945.2091064453125,9400
2017-12-26 00:00:00+09:00,945.2090895527541,945.2090895527541,918.6901972606929,937.6322631835938,2700
2017-12-27 00:00:00+09:00,922.4786570814789,932.8967938657667,922.4786570814789,924.3728637695312,3900
2017-12-28 00:00:00+09:00,926.2669897059885,947.103261458066,922.4785766601562,922.4785766601562,6900
2017-12-29 00:00:00+09:00,923.4257633169901,937.6323135218669,911.113419806097,918.6902465820312,7200
2018-01-01 00:00:00+09:00,918.6902465820312,918.6902465820312,918.6902465820312,918.6902465820312,0
2018-01-02 00:00:00+09:00,918.6902465820312,918.6902465820312,918.6902465820312,918.6902465820312,0
2018-01-03 00:00:00+09:00,918.6902465820312,918.6902465820312,918.6902465820312,918.6902465820312,0
2018-01-04 00:00:00+09:00,924.3728014874872,930.0554211687628,919.6372850864243,927.214111328125,7500
2018-01-05 00:00:00+09:00,927.2140894101085,932.8967089570551,927.2140894101085,931.0025024414062,2600
2018-01-08 00:00:00+09:00,931.0025024414062,931.0025024414062,931.0025024414062,931.0025024414062,0
2018-01-09 00:00:00+09:00,941.4207139239986,951.8388505972018,941.4207139239986,944.2620239257812,4100
2018-01-10 00:00:00+09:00,944.2620239257812,944.2620239257812,944.2620239257812,944.2620239257812,0
2018-01-11 00:00:00+09:00,946.1562334324349,946.1562334324349,937.6323034015121,938.5794067382812,3200
2018-01-12 00:00:00+09:00,945.2091300956657,946.1562334324349,938.5794067382812,938.5794067382812,3100
2018-01-15 00:00:00+09:00,939.5264053115616,949.944540854331,939.5264053115616,946.1561279296875,5900
2018-01-16 00:00:00+09:00,951.838910522461,951.838910522461,947.1033935546875,947.1033935546875,2300
2018-01-17 00:00:00+09:00,943.3148803710938,946.1561902517296,937.6322606098222,943.3148803710938,6400
2018-01-18 00:00:00+09:00,946.1562901611328,947.1033935546875,945.2091867675781,947.1033935546875,3400
2018-01-19 00:00:00+09:00,950.8917472632742,951.8388505972018,936.6851972543608,944.2620239257812,7000
2018-01-22 00:00:00+09:00,936.685095618079,949.944540854331,936.685095618079,946.1561279296875,8500
2018-01-23 00:00:00+09:00,945.2091272597088,945.2091272597088,942.3678172579262,944.2620239257812,1000
2018-01-24 00:00:00+09:00,944.2619641186965,946.1561706665775,941.420654296875,941.420654296875,3700
2018-01-25 00:00:00+09:00,939.5264671969127,951.8388100130013,939.5264671969127,943.3148803710938,2100
2018-01-26 00:00:00+09:00,943.3148803710938,943.3148803710938,943.3148803710938,943.3148803710938,0
2018-01-29 00:00:00+09:00,951.8387473166526,951.8387473166526,942.3677150050441,946.1561279296875,4100
2018-01-30 00:00:00+09:00,946.156209758384,947.1033130714554,942.3677965060982,945.2091064453125,3100
2018-01-31 00:00:00+09:00,942.3677150050441,946.1561279296875,942.3677150050441,946.1561279296875,1600
2018-02-01 00:00:00+09:00,947.1033283456702,956.5743616291269,946.1562250173246,955.6272583007812,10100
2018-02-02 00:00:00+09:00,983.0931614888706,1011.5062586417281,953.7329610975844,979.3047485351562,26300
2018-02-05 00:00:00+09:00,979.3048598912105,989.7229966985639,960.36279296875,960.36279296875,11300
2018-02-06 00:00:00+09:00,938.5794067382812,947.1033367692041,921.5315466764356,938.5794067382812,16300
2018-02-07 00:00:00+09:00,956.5742558498008,983.0931461109834,954.6800494025734,966.0452880859375,6800
2018-02-08 00:00:00+09:00,984.0403664704106,984.0403664704106,966.9925064160627,980.251953125,4500
2018-02-09 00:00:00+09:00,961.3098686736764,977.410625094812,947.1033188903216,975.5164184570312,3500
2018-02-12 00:00:00+09:00,975.5164184570312,975.5164184570312,975.5164184570312,975.5164184570312,0
2018-02-13 00:00:00+09:00,974.5693331068841,981.1990564613526,966.0454030797101,980.251953125,6500
2018-02-14 00:00:00+09:00,980.2518517735848,980.2518517735848,966.045303197156,979.3047485351562,1800
2018-02-15 00:00:00+09:00,979.3048358734161,980.2519391963111,966.0453893528863,966.9924926757812,3800
2018-02-16 00:00:00+09:00,978.357708882729,984.987431982612,967.9395725829129,973.6221923828125,4700
2018-02-19 00:00:00+09:00,989.7230045612041,989.7230045612041,975.5164542564979,984.9874877929688,5400
2018-02-20 00:00:00+09:00,984.9874448639354,989.7229614257812,981.1990316144587,989.7229614257812,5700
2018-02-21 00:00:00+09:00,997.2999025164911,1003.9296264648438,988.7759717257518,1003.9296264648438,9100
2018-02-22 00:00:00+09:00,1013.4006073975479,1064.544189453125,1013.4006073975479,1064.544189453125,12100
2018-02-23 00:00:00+09:00,1055.0731527412888,1077.8036335902932,1037.0781887358269,1070.226806640625,8200
2018-02-26 00:00:00+09:00,1092.0101304631744,1108.1108869400816,1071.1738573754121,1094.8514404296875,13100
2018-02-27 00:00:00+09:00,1136.5238179788962,1136.5238179788962,1093.9041748046875,1093.9041748046875,7900
2018-02-28 00:00:00+09:00,1051.2847392664546,1091.0630807522125,1050.3376358977462,1070.226806640625,8000
2018-03-01 00:00:00+09:00,1070.2267367597938,1070.2267367597938,1045.60205078125,1045.60205078125,6600
2018-03-02 00:00:00+09:00,1030.448239516864,1039.9192711300707,1008.6648668064893,1038.97216796875,9600
2018-03-05 00:00:00+09:00,1041.8135950004228,1051.2846276822447,1040.8664917322405,1050.3375244140625,6100
2018-03-06 00:00:00+09:00,1050.3375220055002,1056.0201416015625,1050.3375220055002,1056.0201416015625,1700
2018-03-07 00:00:00+09:00,1056.0203071113106,1056.0203071113106,1049.3905832101634,1051.2847900390625,2000
2018-03-08 00:00:00+09:00,1056.9672078266403,1060.7556207579185,1046.549072265625,1046.549072265625,3500
2018-03-09 00:00:00+09:00,1045.6021342329545,1045.6021342329545,1032.3426868785511,1041.813720703125,5500
2018-03-12 00:00:00+09:00,1046.5490309138931,1051.284546890879,1046.5490309138931,1048.4432373046875,1400
2018-03-13 00:00:00+09:00,1052.2318547888647,1052.2318547888647,1041.8137176127373,1047.496337890625,1400
2018-03-14 00:00:00+09:00,1049.390544649921,1051.2847514092168,1041.8137176127373,1047.496337890625,4100
2018-03-15 00:00:00+09:00,1041.8133956269924,1043.7076018008595,1039.919189453125,1039.919189453125,3400
2018-03-16 00:00:00+09:00,1042.7607852907947,1046.5491986796803,1037.078165207466,1038.0252685546875,4100
2018-03-19 00:00:00+09:00,1038.0251420775046,1049.390380859375,1037.078038845682,1049.390380859375,3500
2018-03-20 00:00:00+09:00,1051.2847545276989,1051.2847545276989,1040.8666173206675,1041.813720703125,4200
2018-03-21 00:00:00+09:00,1041.813720703125,1041.813720703125,1041.813720703125,1041.813720703125,0
2018-03-22 00:00:00+09:00,1048.4433203080732,1051.2846301192062,1042.7607006858073,1044.6549072265625,2800
2018-03-23 00:00:00+09:00,1042.7606181323044,1051.284546890879,1040.86641174151,1048.4432373046875,4100
2018-03-26 00:00:00+09:00,1045.6021235225246,1084.4333618055168,1042.7608134042569,1061.702880859375,6900
2018-03-27 00:00:00+09:00,1052.2317584121436,1090.1158901281524,1052.2317584121436,1079.69775390625,7600
2018-03-28 00:00:00+09:00,965.5910874351423,1039.424765421742,959.8378138257968,1013.5350341796875,21800
2018-03-29 00:00:00+09:00,1005.8640537979579,1013.5350856667698,968.4677734375,968.4677734375,8200
2018-03-30 00:00:00+09:00,972.30333302119,980.9332442610231,972.30333302119,979.974365234375,2500
2018-04-02 00:00:00+09:00,983.809814453125,985.7275723760356,982.8509354916697,983.809814453125,3800
2018-04-03 00:00:00+09:00,983.809945678711,998.193132019043,983.809945678711,997.2342529296875,3300
2018-04-04 00:00:00+09:00,994.3575162878359,1006.8229432036911,992.4397583007812,992.4397583007812,2100
2018-04-05 00:00:00+09:00,992.4398714041266,992.4398714041266,968.4678938339787,979.0155639648438,3700
2018-04-06 00:00:00+09:00,1002.0286110043526,1002.0286110043526,981.8921508789062,981.8921508789062,2300
2018-04-09 00:00:00+09:00,1001.0697738516296,1003.9464111328125,985.7277083519878,1003.9464111328125,2600
2018-04-10 00:00:00+09:00,1002.0286207254222,1004.9052579141077,993.398709159366,995.3164672851562,2000
2018-04-11 00:00:00+09:00,1004.9051514849024,1004.9051514849024,994.3574829101562,994.3574829101562,500
2018-04-12 00:00:00+09:00,1002.0285482360545,1002.0285482360545,992.4397583007812,992.4397583007812,500
2018-04-13 00:00:00+09:00,1000.1108901977539,1000.1108901977539,992.4398574829102,997.2342529296875,2200
2018-04-16 00:00:00+09:00,993.3986372943085,997.2341532684179,992.4397583007812,992.4397583007812,1100
2018-04-17 00:00:00+09:00,992.4397583007812,992.4397583007812,987.6453633331446,992.4397583007812,1300
2018-04-18 00:00:00+09:00,992.4398574829102,1001.0697692871094,992.4398574829102,997.2342529296875,2200
2018-04-19 00:00:00+09:00,997.2342529296875,997.2342529296875,997.2342529296875,997.2342529296875,0
2018-04-20 00:00:00+09:00,997.2342529296875,997.2342529296875,997.2342529296875,997.2342529296875,0
2018-04-23 00:00:00+09:00,997.2342529296875,997.2342529296875,997.2342529296875,997.2342529296875,0
2018-04-24 00:00:00+09:00,1006.8228764320488,1027.918212890625,1006.8228764320488,1027.918212890625,4300
2018-04-25 00:00:00+09:00,1027.9182020399305,1036.5481123182508,1027.9182020399305,1035.5892333984375,1100
2018-04-26 00:00:00+09:00,1044.2191494517954,1046.1369073020282,1037.5069969759802,1042.3013916015625,3400
2018-04-27 00:00:00+09:00,1032.7126243709972,1049.0135664455627,1032.7126243709972,1048.0546875,1700
2018-04-30 00:00:00+09:00,1048.0546875,1048.0546875,1048.0546875,1048.0546875,0
2018-05-01 00:00:00+09:00,1048.0547659818383,1049.013644999205,1036.5482177734375,1036.5482177734375,1500
2018-05-02 00:00:00+09:00,1049.0137728522805,1054.7670476576861,1038.4661023757037,1043.260498046875,3400
2018-05-03 00:00:00+09:00,1043.260498046875,1043.260498046875,1043.260498046875,1043.260498046875,0
2018-05-04 00:00:00+09:00,1043.260498046875,1043.260498046875,1043.260498046875,1043.260498046875,0
2018-05-07 00:00:00+09:00,1053.8077625671663,1060.5199139210972,1053.8077625671663,1059.56103515625,1500
2018-05-08 00:00:00+09:00,1059.5613630814985,1059.5613630814985,1054.7669677734375,1054.7669677734375,2000
2018-05-09 00:00:00+09:00,1056.684725896662,1056.684725896662,1054.7669677734375,1054.7669677734375,300
2018-05-10 00:00:00+09:00,1054.7669677734375,1054.7669677734375,1054.7669677734375,1054.7669677734375,0
2018-05-11 00:00:00+09:00,1046.1370079471048,1053.8080400860388,1036.5482177734375,1036.5482177734375,1000
2018-05-14 00:00:00+09:00,1008.740732733349,1030.7949502740971,1008.740732733349,1022.1650390625,3500
2018-05-15 00:00:00+09:00,1017.3705502599339,1034.63037109375,1017.3705502599339,1034.63037109375,1100
2018-05-16 00:00:00+09:00,1020.2471095942469,1037.506929117458,1020.2471095942469,1025.04150390625,900
2018-05-17 00:00:00+09:00,1025.0417312764675,1035.5894011025116,1025.0417312764675,1026.0006103515625,1800
2018-05-18 00:00:00+09:00,1026.0006103515625,1026.0006103515625,1026.0006103515625,1026.0006103515625,0
2018-05-21 00:00:00+09:00,1036.5481620142957,1054.7668623642232,1006.8229140749403,1053.8079833984375,14300
2018-05-22 00:00:00+09:00,1054.7668623642232,1055.7257413300088,1046.1369516721522,1053.8079833984375,3200
2018-05-23 00:00:00+09:00,1054.7669677734375,1054.7669677734375,1026.0005959250711,1054.7669677734375,2700
2018-05-24 00:00:00+09:00,1054.766845703125,1054.766845703125,1033.6715087890625,1033.6715087890625,1000
2018-05-25 00:00:00+09:00,1027.918278741399,1053.8080115082066,1027.918278741399,1045.1781005859375,2200
2018-05-28 00:00:00+09:00,1053.8080887118253,1054.7669677734375,1042.3015399724786,1054.7669677734375,900
2018-05-29 00:00:00+09:00,1045.178155707267,1054.7669461265996,1039.4248814556672,1049.013671875,5100
2018-05-30 00:00:00+09:00,1055.725629462112,1055.725629462112,1044.2190830919526,1046.1368408203125,2200
2018-05-31 00:00:00+09:00,1051.8903976774563,1052.8492768002252,1050.9315185546875,1050.9315185546875,400
2018-06-01 00:00:00+09:00,1050.931324336688,1052.8490822278134,1045.178050663312,1048.0546875,1800
2018-06-04 00:00:00+09:00,1052.8490597778432,1052.8490597778432,1042.3013916015625,1042.3013916015625,1600
2018-06-05 00:00:00+09:00,1042.3016231449772,1049.97265625,1036.54834831621,1049.97265625,3000
2018-06-06 00:00:00+09:00,1036.5481896636684,1051.8902535254801,1036.5481896636684,1045.1781005859375,3200
2018-06-07 00:00:00+09:00,1044.2191828152002,1044.2191828152002,1035.5892722134217,1040.3836669921875,1300
2018-06-08 00:00:00+09:00,1040.3836669921875,1040.3836669921875,1040.3836669921875,1040.3836669921875,0
2018-06-11 00:00:00+09:00,1037.5069969759802,1044.2191494517954,1037.5069969759802,1042.3013916015625,400
2018-06-12 00:00:00+09:00,1038.465892475613,1044.219166118137,1038.465892475613,1041.342529296875,400
2018-06-13 00:00:00+09:00,1040.3837338429043,1043.2603708950046,1036.5482177734375,1036.5482177734375,2000
2018-06-14 00:00:00+09:00,1035.5892333984375,1043.2602647569445,1035.5892333984375,1035.5892333984375,5100
2018-06-15 00:00:00+09:00,1035.5892333984375,1045.178022596571,1030.7948387993706,1035.5892333984375,2700
2018-06-18 00:00:00+09:00,1042.3013253635927,1046.1368408203125,1035.5891733143333,1046.1368408203125,2700
2018-06-19 00:00:00+09:00,1047.0958196824597,1047.0958196824597,1040.3836669921875,1040.3836669921875,200
2018-06-20 00:00:00+09:00,1047.0960188356164,1049.97265625,1047.0960188356164,1049.97265625,2000
2018-06-21 00:00:00+09:00,1052.8491271803584,1052.8491271803584,1036.5481844098063,1038.4659423828125,1300
2018-06-22 00:00:00+09:00,1040.3836279975044,1047.0957804361979,1035.5892333984375,1035.5892333984375,2200
2018-06-25 00:00:00+09:00,1041.3427186073966,1041.3427186073966,1037.5072021484375,1037.5072021484375,400
2018-06-26 00:00:00+09:00,1036.5481232600425,1036.5481232600425,1026.0004550307544,1027.918212890625,3700
2018-06-27 00:00:00+09:00,1017.370605875651,1017.370605875651,1006.8229370117188,1006.8229370117188,3700
2018-06-28 00:00:00+09:00,986.6864677635399,1014.4939581086736,986.6864677635399,993.3986206054688,2200
2018-06-29 00:00:00+09:00,993.3986206054688,993.3986206054688,993.3986206054688,993.3986206054688,0
2018-07-02 00:00:00+09:00,1021.2061387635732,1021.2061387635732,1005.8640747070312,1005.8640747070312,2100
2018-07-03 00:00:00+09:00,1015.4528541454371,1015.4528541454371,992.4397583007812,992.4397583007812,2400
2018-07-04 00:00:00+09:00,997.2342408158397,1009.6996688260377,982.8510546502267,1004.9052734375,1300
2018-07-05 00:00:00+09:00,1004.9052734375,1004.9052734375,1004.9052734375,1004.9052734375,0
2018-07-06 00:00:00+09:00,1011.617265441608,1021.2060546875,1005.8639918940728,1021.2060546875,2400
2018-07-09 00:00:00+09:00,1008.7407717146964,1016.4118041992188,1007.7818926541311,1016.4118041992188,400
2018-07-10 00:00:00+09:00,1012.5762109374999,1012.5762109374999,1006.8229370117188,1006.8229370117188,1000
2018-07-11 00:00:00+09:00,1006.8230268934618,1016.4118176257805,998.193115234375,998.193115234375,1300
2018-07-12 00:00:00+09:00,1015.4529556274414,1015.4529556274414,996.275373840332,997.2342529296875,600
2018-07-13 00:00:00+09:00,1005.8640981048259,1005.8640981048259,990.5220336914062,990.5220336914062,1000
2018-07-16 00:00:00+09:00,990.5220336914062,990.5220336914062,990.5220336914062,990.5220336914062,0
2018-07-17 00:00:00+09:00,995.3164685331974,995.3164685331974,982.85104069993,984.768798828125,3000
2018-07-18 00:00:00+09:00,984.7687211092344,997.2341479587184,984.7687211092344,985.7276000976562,1300
2018-07-19 00:00:00+09:00,1005.8640711380776,1005.8640711380776,961.7556371320227,967.5089111328125,2700
2018-07-20 00:00:00+09:00,973.26220703125,978.0566021397784,973.26220703125,973.26220703125,1000
2018-07-23 00:00:00+09:00,996.2752805822035,996.2752805822035,978.0565795898438,978.0565795898438,900
2018-07-24 00:00:00+09:00,961.7556645575428,985.7276402444207,961.7556645575428,969.4266967773438,1700
2018-07-25 00:00:00+09:00,966.5500596949183,970.3855758048188,960.7967855300677,969.4266967773438,700
2018-07-26 00:00:00+09:00,973.2622893480083,979.0155639648438,973.2622893480083,979.0155639648438,1600
2018-07-27 00:00:00+09:00,991.4808793072539,992.4397583007812,979.0154523913986,992.4397583007812,3600
2018-07-30 00:00:00+09:00,992.4397583007812,992.4397583007812,992.4397583007812,992.4397583007812,0
2018-07-31 00:00:00+09:00,978.0565795898438,980.9332165886374,978.0565795898438,978.0565795898438,600
2018-08-01 00:00:00+09:00,988.6043456331706,1003.9464111328125,988.6043456331706,1003.9464111328125,700
2018-08-02 00:00:00+09:00,1008.7406064646777,1015.4527587890625,1006.8228486577107,1015.4527587890625,1800
2018-08-03 00:00:00+09:00,995.3163618714968,997.2341197941779,994.3574829101562,994.3574829101562,1600
2018-08-06 00:00:00+09:00,994.3575162878359,994.3575162878359,992.4397583007812,992.4397583007812,400
2018-08-07 00:00:00+09:00,997.2341654619833,1014.4939875565176,969.4266743096779,974.2210693359375,1700
2018-08-08 00:00:00+09:00,977.097689618286,977.097689618286,975.179931640625,975.179931640625,400
2018-08-09 00:00:00+09:00,1001.0696357593201,1001.0696357593201,983.809814453125,983.809814453125,1100
2018-08-10 00:00:00+09:00,968.4677844033424,991.4808802703526,968.4677844033424,971.3444213867188,2300
2018-08-13 00:00:00+09:00,971.3444213867188,971.3444213867188,971.3444213867188,971.3444213867188,0
2018-08-14 00:00:00+09:00,978.05657434793,978.05657434793,971.3444213867188,971.3444213867188,900
2018-08-15 00:00:00+09:00,977.0976842899133,982.8509581915223,968.4677734375,968.4677734375,6900
2018-08-16 00:00:00+09:00,968.467723366743,968.467723366743,960.7966918945312,960.7966918945312,2400
2018-08-17 00:00:00+09:00,960.7967030083955,973.2621292949316,960.7967030083955,963.67333984375,700
2018-08-20 00:00:00+09:00,963.6734343478354,963.6734343478354,961.7556762695312,961.7556762695312,200
2018-08-21 00:00:00+09:00,961.7556762695312,961.7556762695312,961.7556762695312,961.7556762695312,0
2018-08-22 00:00:00+09:00,961.755658770782,973.26220703125,960.7967797490764,973.26220703125,1400
2018-08-23 00:00:00+09:00,963.67333984375,963.67333984375,963.67333984375,963.67333984375,1400
2018-08-24 00:00:00+09:00,959.8378129605047,963.6733286966107,958.8789340264783,960.7966918945312,2900
2018-08-27 00:00:00+09:00,962.7144608986318,963.67333984375,961.7555819535137,963.67333984375,1100
2018-08-28 00:00:00+09:00,960.7967972303792,1001.0697168747664,960.7967972303792,961.7556762695312,2300
2018-08-29 00:00:00+09:00,964.6322631835938,966.5500211620899,964.6322631835938,964.6322631835938,1300
2018-08-30 00:00:00+09:00,965.5911865234375,965.5911865234375,965.5911865234375,965.5911865234375,300
2018-08-31 00:00:00+09:00,972.3033287990615,972.3033287990615,962.7145385742188,962.7145385742188,800
2018-09-03 00:00:00+09:00,964.6322298806812,970.385503617544,964.6322298806812,966.5499877929688,800
2018-09-04 00:00:00+09:00,966.5500264144249,978.05657434793,966.5500264144249,971.3444213867188,400
2018-09-05 00:00:00+09:00,972.303289371906,978.0565632735148,964.632257503094,968.4677734375,1600
2018-09-06 00:00:00+09:00,968.4677734375,968.4677734375,968.4677734375,968.4677734375,0
2018-09-07 00:00:00+09:00,965.5911856240983,977.0977340128661,965.5911856240983,976.1388549804688,800
2018-09-10 00:00:00+09:00,991.4808683173601,992.439747300259,976.1388045909794,989.5631103515625,2600
2018-09-11 00:00:00+09:00,989.5631103515625,989.5631103515625,989.5631103515625,989.5631103515625,0
2018-09-12 00:00:00+09:00,979.9744430676498,987.645475890097,979.0155639648438,979.0155639648438,900
2018-09-13 00:00:00+09:00,979.0155639648438,979.0155639648438,979.0155639648438,979.0155639648438,0
2018-09-14 00:00:00+09:00,979.0155639648438,979.0155639648438,979.0155639648438,979.0155639648438,0
2018-09-17 00:00:00+09:00,979.0155639648438,979.0155639648438,979.0155639648438,979.0155639648438,0
2018-09-18 00:00:00+09:00,979.0154585894417,980.9332165886374,978.0565795898438,978.0565795898438,1200
2018-09-19 00:00:00+09:00,986.6864677635399,997.2341365151424,985.7275887861215,993.3986206054688,1500
2018-09-20 00:00:00+09:00,992.4398300964708,995.3164672851562,992.4398300964708,995.3164672851562,400
2018-09-21 00:00:00+09:00,1003.9463114967273,1003.9463114967273,991.4808845153925,999.1519165039062,400
2018-09-24 00:00:00+09:00,999.1519165039062,999.1519165039062,999.1519165039062,999.1519165039062,0
2018-09-25 00:00:00+09:00,999.1519165039062,999.1519165039062,999.1519165039062,999.1519165039062,0
2018-09-26 00:00:00+09:00,979.0154195287074,994.3574829101562,979.0154195287074,994.3574829101562,1200
2018-09-27 00:00:00+09:00,997.2341694078947,1002.9874434621711,994.3575323807565,1002.028564453125,1600
2018-09-28 00:00:00+09:00,1002.028564453125,1002.028564453125,1002.028564453125,1002.028564453125,0
2018-10-01 00:00:00+09:00,987.6454620361328,997.2342529296875,987.6454620361328,997.2342529296875,1300
2018-10-02 00:00:00+09:00,1000.1107621466977,1001.0696411132812,1000.1107621466977,1001.0696411132812,500
2018-10-03 00:00:00+09:00,995.3165159498984,1002.987548828125,995.3165159498984,1002.987548828125,500
2018-10-04 00:00:00+09:00,997.2341475427094,997.2341475427094,995.3163895666656,996.2752685546875,900
2018-10-05 00:00:00+09:00,996.2752685546875,996.2752685546875,996.2752685546875,996.2752685546875,700
2018-10-08 00:00:00+09:00,996.2752685546875,996.2752685546875,996.2752685546875,996.2752685546875,0
2018-10-09 00:00:00+09:00,996.2752685546875,996.2752685546875,996.2752685546875,996.2752685546875,0
2018-10-10 00:00:00+09:00,996.2752685546875,996.2752685546875,996.2752685546875,996.2752685546875,0
2018-10-11 00:00:00+09:00,993.398647661091,1005.8640747070312,988.6042526434215,1005.8640747070312,1000
2018-10-12 00:00:00+09:00,997.2342529296875,998.193132019043,997.2342529296875,997.2342529296875,1500
2018-10-15 00:00:00+09:00,999.1519339255916,1006.822966047861,987.6453857421875,987.6453857421875,4300
2018-10-16 00:00:00+09:00,987.6453523857649,992.439747300259,987.6453523857649,989.5631103515625,1100
2018-10-17 00:00:00+09:00,989.5631546655675,1001.0697029756323,987.6453966138901,990.5220336914062,2400
2018-10-18 00:00:00+09:00,999.1519165039062,1000.1107955024704,998.193037505342,999.1519165039062,900
2018-10-19 00:00:00+09:00,999.1520323890117,1003.9464279379033,990.5221204010068,1002.987548828125,900
2018-10-22 00:00:00+09:00,1002.9874434621711,1002.9874434621711,992.4397743626645,1002.028564453125,2600
2018-10-23 00:00:00+09:00,1002.0285146008807,1002.0285146008807,993.3986039488158,994.3574829101562,1200
2018-10-24 00:00:00+09:00,1003.9463788512126,1004.9052579141077,995.3164672851562,995.3164672851562,1200
2018-10-25 00:00:00+09:00,1002.0285709714426,1002.0285709714426,987.6453857421875,987.6453857421875,5100
2018-10-26 00:00:00+09:00,997.2341997195513,1004.9052320250863,972.3033447265625,972.3033447265625,2200
2018-10-29 00:00:00+09:00,968.4677457052564,986.686445871989,966.5499877929688,966.5499877929688,1200
2018-10-30 00:00:00+09:00,966.5500315946691,978.0565795898438,964.6322735954733,978.0565795898438,2300
2018-10-31 00:00:00+09:00,968.4678119227217,973.26220703125,967.508932901016,973.26220703125,900
2018-11-01 00:00:00+09:00,973.2621793756363,987.6453642925176,971.3444213867188,971.3444213867188,2400
2018-11-02 00:00:00+09:00,971.3444204431801,1003.9463062231091,971.3444204431801,992.4397583007812,1000
2018-11-05 00:00:00+09:00,1006.8230111892656,1006.8230111892656,988.6043090820312,988.6043090820312,3200
2018-11-06 00:00:00+09:00,988.6043090820312,988.6043090820312,988.6043090820312,988.6043090820312,0
2018-11-07 00:00:00+09:00,1004.9052734375,1004.9052734375,1004.9052734375,1004.9052734375,100
2018-11-08 00:00:00+09:00,1004.9052734375,1004.9052734375,1004.9052734375,1004.9052734375,0
2018-11-09 00:00:00+09:00,1004.9052734375,1004.9052734375,1004.9052734375,1004.9052734375,0
2018-11-12 00:00:00+09:00,992.4398300964708,996.2753463480514,992.4398300964708,995.3164672851562,900
2018-11-13 00:00:00+09:00,991.4808793072539,992.4397583007812,991.4808793072539,992.4397583007812,3000
2018-11-14 00:00:00+09:00,992.4397583007812,992.4397583007812,992.4397583007812,992.4397583007812,0
2018-11-15 00:00:00+09:00,997.2342529296875,1003.9464065551757,997.2342529296875,997.2342529296875,600
2018-11-16 00:00:00+09:00,997.2342529296875,997.2342529296875,997.2342529296875,997.2342529296875,0
2018-11-19 00:00:00+09:00,997.2342529296875,997.2342529296875,997.2342529296875,997.2342529296875,0
2018-11-20 00:00:00+09:00,1002.9874103796528,1002.9874103796528,992.4397416280503,993.3986206054688,500
2018-11-21 00:00:00+09:00,993.39865467299,1003.9463237863132,979.9743485287604,980.9332275390625,5900
2018-11-22 00:00:00+09:00,987.6454620361328,1002.0286483764648,987.6454620361328,997.2342529296875,2800
2018-11-23 00:00:00+09:00,997.2342529296875,997.2342529296875,997.2342529296875,997.2342529296875,0
2018-11-26 00:00:00+09:00,997.2341585067778,999.1519165039062,991.4808845153925,999.1519165039062,1200
2018-11-27 00:00:00+09:00,987.6453799574241,992.4397750057611,987.6453799574241,991.4808959960938,1800
2018-11-28 00:00:00+09:00,991.4808953536184,1002.028564453125,991.4808953536184,1002.028564453125,2400
2018-11-29 00:00:00+09:00,999.1519280734329,1002.0285651024351,991.4808959960938,991.4808959960938,2000
2018-11-30 00:00:00+09:00,991.4808959960938,991.4808959960938,991.4808959960938,991.4808959960938,0
2018-12-03 00:00:00+09:00,1015.4528699354692,1026.0005390282834,998.1930477835915,1012.5762329101562,6100
2018-12-04 00:00:00+09:00,1025.0417736568204,1052.8492679842739,1017.3707407389021,1037.5072021484375,4600
2018-12-05 00:00:00+09:00,1040.3837003558185,1046.1369742748368,1038.4659423828125,1038.4659423828125,4200
2018-12-06 00:00:00+09:00,1039.4247992470405,1040.3836782131355,1032.712646484375,1032.712646484375,1200
2018-12-07 00:00:00+09:00,1038.465937050745,1038.465937050745,1016.4117204744134,1031.7537841796875,3300
2018-12-10 00:00:00+09:00,1033.6715550224562,1033.6715550224562,984.7687263525627,992.4397583007812,9500
2018-12-11 00:00:00+09:00,1016.4117268880208,1016.4117268880208,997.2341471354166,1006.8229370117188,1300
2018-12-12 00:00:00+09:00,1015.4527587890625,1015.4527587890625,1006.8228486577107,1015.4527587890625,2300
2018-12-13 00:00:00+09:00,1003.9462448307785,1019.288307789033,997.2340922865421,1013.5350341796875,2600
2018-12-14 00:00:00+09:00,998.193132019043,1013.5351974487304,982.8510665893555,997.2342529296875,6700
2018-12-17 00:00:00+09:00,992.4397583007812,992.4397583007812,992.4397583007812,992.4397583007812,800
2018-12-18 00:00:00+09:00,992.4397583007812,992.4397583007812,992.4397583007812,992.4397583007812,0
2018-12-19 00:00:00+09:00,994.3575616306213,994.3575616306213,982.8510131835938,982.8510131835938,3100
2018-12-20 00:00:00+09:00,955.0433972417092,986.6864013671875,954.0845183288159,986.6864013671875,5600
2018-12-21 00:00:00+09:00,986.6864013671875,986.6864013671875,986.6864013671875,986.6864013671875,0
2018-12-24 00:00:00+09:00,986.6864013671875,986.6864013671875,986.6864013671875,986.6864013671875,0
2018-12-25 00:00:00+09:00,946.4135959775066,958.8790232801485,934.9070476981448,952.1668701171875,8200
2018-12-26 00:00:00+09:00,957.920160112923,976.1388618568125,956.0024020346189,961.7556762695312,3400
2018-12-27 00:00:00+09:00,977.097711497854,996.2752917038963,970.3855584257392,980.9332275390625,1600
2018-12-28 00:00:00+09:00,980.9332275390625,980.9332275390625,980.9332275390625,980.9332275390625,0
2018-12-31 00:00:00+09:00,980.9332275390625,980.9332275390625,980.9332275390625,980.9332275390625,0
2019-01-04 00:00:00+09:00,980.9332275390625,980.9332275390625,980.9332275390625,980.9332275390625,0
2019-01-07 00:00:00+09:00,991.4808855842142,991.4808855842142,975.1799425910501,978.0565795898438,3600
2019-01-08 00:00:00+09:00,976.1388599228278,982.8510131835938,976.1388599228278,982.8510131835938,600
2019-01-09 00:00:00+09:00,982.8510131835938,982.8510131835938,982.8510131835938,982.8510131835938,0
2019-01-10 00:00:00+09:00,977.0977172851562,977.0977172851562,977.0977172851562,977.0977172851562,600
2019-01-11 00:00:00+09:00,976.1388215906479,984.7687325870289,976.1388215906479,978.0565795898438,1500
2019-01-15 00:00:00+09:00,998.1930269471402,998.1930269471402,978.0565681902815,985.7276000976562,2800
2019-01-16 00:00:00+09:00,985.7276115866268,985.7276115866268,978.0565795898438,978.0565795898438,800
2019-01-17 00:00:00+09:00,982.850990665769,987.6453857421875,979.974353619918,987.6453857421875,1200
2019-01-18 00:00:00+09:00,1006.8230268934618,1006.8230268934618,987.6454454288245,998.193115234375,2300
2019-01-21 00:00:00+09:00,991.4809245188644,1000.110835854135,982.8510131835938,982.8510131835938,5100
2019-01-22 00:00:00+09:00,982.8510803760674,983.8099594788733,976.1389266564261,979.0155639648438,5800
2019-01-23 00:00:00+09:00,996.2751904961203,996.2751904961203,985.7275224542942,986.6864013671875,400
2019-01-24 00:00:00+09:00,986.6864013671875,986.6864013671875,986.6864013671875,986.6864013671875,0
2019-01-25 00:00:00+09:00,988.604242326672,993.3986372943085,988.604242326672,992.4397583007812,1100
2019-01-28 00:00:00+09:00,993.3986039488158,996.2752408328374,984.7686932967507,994.3574829101562,3300
2019-01-29 00:00:00+09:00,984.768798828125,996.2753475972949,984.768798828125,984.768798828125,2300
2019-01-30 00:00:00+09:00,985.7276219380893,991.4808959960938,984.7687429284218,991.4808959960938,1100
2019-01-31 00:00:00+09:00,981.8921604046243,995.3164672851562,981.8921604046243,995.3164672851562,3200
2019-02-01 00:00:00+09:00,994.3575894690999,994.3575894690999,982.85104069993,984.768798828125,1300
2019-02-04 00:00:00+09:00,1013.5350676788681,1013.5350676788681,987.6453355811108,1001.0696411132812,6600
2019-02-05 00:00:00+09:00,1002.987548828125,1011.6174608161299,1002.987548828125,1002.987548828125,600
2019-02-06 00:00:00+09:00,1010.658560180664,1010.658560180664,997.2342529296875,997.2342529296875,1700
2019-02-07 00:00:00+09:00,997.2342529296875,997.2342529296875,997.2342529296875,997.2342529296875,0
2019-02-08 00:00:00+09:00,993.3986206054688,997.2341365151424,993.3986206054688,993.3986206054688,300
2019-02-12 00:00:00+09:00,1000.1107955024704,1000.1107955024704,997.2341585067778,999.1519165039062,600
2019-02-13 00:00:00+09:00,999.1519165039062,999.1519165039062,999.1519165039062,999.1519165039062,0
2019-02-14 00:00:00+09:00,1000.1107788085938,1008.740689651621,1000.1107788085938,1000.1107788085938,1400
2019-02-15 00:00:00+09:00,1002.028564453125,1002.028564453125,1002.028564453125,1002.028564453125,200
2019-02-18 00:00:00+09:00,1014.4939689127604,1014.4939689127604,1006.8229370117188,1006.8229370117188,1200
2019-02-19 00:00:00+09:00,1013.5350009820954,1015.4527587890625,1006.8228486577107,1015.4527587890625,2000
2019-02-20 00:00:00+09:00,1006.8229370117188,1016.4117268880208,1006.8229370117188,1006.8229370117188,3100
2019-02-21 00:00:00+09:00,1013.5350341796876,1014.4939131145785,1007.7817605703422,1013.5350341796875,1600
2019-02-22 00:00:00+09:00,1016.4118041992188,1021.2061995020453,1015.4529251386534,1016.4118041992188,2700
2019-02-25 00:00:00+09:00,1023.1238125366784,1026.000449310446,1016.411660064554,1021.2060546875,2800
2019-02-26 00:00:00+09:00,1012.5762105325165,1021.2061214177368,1008.7406945835296,1017.37060546875,2700
2019-02-27 00:00:00+09:00,1017.37060546875,1017.37060546875,1017.37060546875,1017.37060546875,0
2019-02-28 00:00:00+09:00,1024.082736133738,1024.082736133738,1011.6173095703125,1011.6173095703125,3500
2019-03-01 00:00:00+09:00,1013.5352066300626,1013.5352066300626,1010.6585693359375,1010.6585693359375,2400
2019-03-04 00:00:00+09:00,1010.6583973750148,1016.4116709843603,1008.740639505233,1013.5350341796875,2800
2019-03-05 00:00:00+09:00,1013.5351395201367,1021.2061717965427,1011.6173814510353,1014.4940185546875,5300
2019-03-06 00:00:00+09:00,1013.5350675031472,1014.4939464695645,1008.7406726710605,1011.6173095703125,2500
2019-03-07 00:00:00+09:00,1011.6173095703125,1011.6173095703125,1011.6173095703125,1011.6173095703125,0
2019-03-08 00:00:00+09:00,1015.4528975892382,1015.4528975892382,1008.740744347383,1014.4940185546875,2500
2019-03-11 00:00:00+09:00,1014.4940185546875,1016.4117766237889,1014.4940185546875,1014.4940185546875,3200
2019-03-12 00:00:00+09:00,1015.4527920494694,1015.4527920494694,1011.6172763099057,1013.5350341796875,1900
2019-03-13 00:00:00+09:00,1015.4527587890625,1016.411637692546,1015.4527587890625,1015.4527587890625,2300
2019-03-14 00:00:00+09:00,1012.5762879569576,1019.2884413809146,1012.5762879569576,1016.4118041992188,2800
2019-03-15 00:00:00+09:00,1013.5351395201367,1021.2061717965427,1013.5351395201367,1014.4940185546875,3900
2019-03-18 00:00:00+09:00,1015.4527587890625,1015.4527587890625,1014.493879885579,1015.4527587890625,3200
2019-03-19 00:00:00+09:00,1015.4527587890625,1015.4527587890625,1015.4527587890625,1015.4527587890625,0
2019-03-20 00:00:00+09:00,1013.5351119185939,1018.3295069607822,1011.6173539017186,1012.5762329101562,5200
2019-03-22 00:00:00+09:00,1012.5762879569576,1017.3706832597841,1011.6174088963922,1016.4118041992188,7300
2019-03-25 00:00:00+09:00,1025.0417157443064,1025.0417157443064,1009.6996507752616,1016.4118041992188,6800
2019-03-26 00:00:00+09:00,991.4808732096353,1010.6584529622395,982.8509623209635,1006.8229370117188,5400
2019-03-27 00:00:00+09:00,958.2311355909028,990.3017516908011,958.2311355909028,978.6397094726562,17200
2019-03-28 00:00:00+09:00,979.6115280739984,982.5270385742188,979.6115280739984,982.5270385742188,1100
2019-03-29 00:00:00+09:00,981.55517578125,986.414359819771,980.5833389735458,981.55517578125,700
2019-04-01 00:00:00+09:00,981.5552185178979,985.4425659179688,964.062155217579,985.4425659179688,4700
2019-04-02 00:00:00+09:00,974.7523271469843,979.6115112304688,971.8368166968936,979.6115112304688,900
2019-04-03 00:00:00+09:00,972.8087066315701,980.5834015896645,971.8368697618083,974.7523803710938,2600
2019-04-04 00:00:00+09:00,974.7523803710938,974.7523803710938,974.7523803710938,974.7523803710938,200
2019-04-05 00:00:00+09:00,974.7523102869442,976.6959838867188,971.8367998872824,976.6959838867188,900
2019-04-08 00:00:00+09:00,971.8368077042079,981.55517578125,971.8368077042079,981.55517578125,3500
2019-04-09 00:00:00+09:00,971.8368077042079,981.55517578125,971.8368077042079,981.55517578125,3500
2019-04-10 00:00:00+09:00,971.8368424414643,980.5833740234375,971.8368424414643,980.5833740234375,400
2019-04-11 00:00:00+09:00,974.7523803710938,974.7523803710938,974.7523803710938,974.7523803710938,200
2019-04-12 00:00:00+09:00,974.7523803710938,974.7523803710938,974.7523803710938,974.7523803710938,300
2019-04-15 00:00:00+09:00,974.752362066608,978.6397094726562,971.8368515120718,978.6397094726562,600
2019-04-16 00:00:00+09:00,971.8368179671891,978.6396756929594,971.8368179671891,972.8086547851562,1400
2019-04-17 00:00:00+09:00,978.6396653581373,981.55517578125,976.6959917427289,981.55517578125,2500
2019-04-18 00:00:00+09:00,981.5551861468609,981.5551861468609,972.8086547851562,972.8086547851562,900
2019-04-19 00:00:00+09:00,972.8086898803712,973.7805267333985,971.8368530273438,971.8368530273438,1800
2019-04-22 00:00:00+09:00,974.7523635864259,974.7523635864259,971.8368530273438,971.8368530273438,1300
2019-04-23 00:00:00+09:00,971.8368179671891,976.696002057025,971.8368179671891,972.8086547851562,900
2019-04-24 00:00:00+09:00,972.8086898803712,972.8086898803712,971.8368530273438,971.8368530273438,1700
2019-04-25 00:00:00+09:00,972.8087066315701,974.7523803710938,972.8087066315701,974.7523803710938,1400
2019-04-26 00:00:00+09:00,972.8086898803712,977.6678741455079,971.8368530273438,971.8368530273438,1600
2019-05-07 00:00:00+09:00,972.8086547851562,978.6396756929594,971.8368179671891,972.8086547851562,1900
2019-05-08 00:00:00+09:00,972.8086547851562,972.8086547851562,972.8086547851562,972.8086547851562,400
2019-05-09 00:00:00+09:00,976.6960541106173,976.6960541106173,971.8368697618083,974.7523803710938,1600
2019-05-10 00:00:00+09:00,974.7523635864259,980.5833847045899,971.8368530273438,971.8368530273438,7100
2019-05-13 00:00:00+09:00,971.836784017745,971.836784017745,966.9776000976562,966.9776000976562,3100
2019-05-14 00:00:00+09:00,965.03392757771,976.6959689985886,957.2592332971242,960.1747436523438,4400
2019-05-15 00:00:00+09:00,970.8650161743165,971.8368530273438,960.1748107910157,971.8368530273438,900
2019-05-16 00:00:00+09:00,975.7241130290447,975.7241130290447,966.977582135358,970.8649291992188,500
2019-05-17 00:00:00+09:00,969.8931104497095,969.8931104497095,966.0057633136386,966.9776000976562,1000
2019-05-20 00:00:00+09:00,966.0057633136386,967.949436881674,966.0057633136386,966.9776000976562,1200
2019-05-21 00:00:00+09:00,966.0058137810088,975.7241821289062,966.0058137810088,975.7241821289062,200
2019-05-22 00:00:00+09:00,974.7523284210906,974.7523284210906,967.9494706953203,972.8086547851562,900
2019-05-23 00:00:00+09:00,971.8368101311496,971.8368101311496,967.949462890625,967.949462890625,900
2019-05-24 00:00:00+09:00,971.836765965184,971.836765965184,970.8649291992188,970.8649291992188,200
2019-05-27 00:00:00+09:00,971.8368530273438,971.8368530273438,966.977668762207,971.8368530273438,300
2019-05-28 00:00:00+09:00,973.7804565429688,973.7804565429688,973.7804565429688,973.7804565429688,100
2019-05-29 00:00:00+09:00,966.0057983398438,966.0057983398438,966.0057983398438,966.0057983398438,100
2019-05-30 00:00:00+09:00,965.0339265296208,970.8649472337272,965.0339265296208,966.9776000976562,400
2019-05-31 00:00:00+09:00,964.062089745603,966.9776000976562,962.1184161775675,966.9776000976562,1900
2019-06-03 00:00:00+09:00,961.1466766944893,970.8650455184983,959.2030029296875,959.2030029296875,2700
2019-06-04 00:00:00+09:00,961.1466064453125,961.1466064453125,961.1466064453125,961.1466064453125,100
2019-06-05 00:00:00+09:00,961.1465714271623,970.8649391867898,961.1465714271623,962.118408203125,2900
2019-06-06 00:00:00+09:00,963.09033203125,963.09033203125,963.09033203125,963.09033203125,100
2019-06-07 00:00:00+09:00,963.09033203125,963.09033203125,963.09033203125,963.09033203125,100
2019-06-10 00:00:00+09:00,965.033935546875,966.0057723399735,965.033935546875,965.033935546875,400
2019-06-11 00:00:00+09:00,966.9776091330722,969.8931195123679,965.033935546875,965.033935546875,600
2019-06-12 00:00:00+09:00,970.8649824361206,970.8649824361206,966.0057983398438,966.0057983398438,900
2019-06-13 00:00:00+09:00,968.921353214083,969.8931900778884,963.09033203125,963.09033203125,1200
2019-06-14 00:00:00+09:00,965.0340073748332,965.0340073748332,952.400128124206,956.2874755859375,4500
2019-06-17 00:00:00+09:00,956.2874510718174,957.2592879123375,948.5127563476562,948.5127563476562,2900
2019-06-18 00:00:00+09:00,957.2592172447157,958.2310540134921,948.5126863257285,950.4563598632812,1700
2019-06-19 00:00:00+09:00,953.3718861568312,963.0902540075634,953.3718861568312,960.1747436523438,3400
2019-06-20 00:00:00+09:00,964.0620907926367,964.0620907926367,960.1747436523438,960.1747436523438,300
2019-06-21 00:00:00+09:00,952.4001447528811,959.2030029296875,948.5127972232776,959.2030029296875,4400
2019-06-24 00:00:00+09:00,965.0339811835381,965.0339811835381,955.3156127929688,955.3156127929688,1400
2019-06-25 00:00:00+09:00,953.3719558561065,958.2311401367188,952.4001189999841,958.2311401367188,2400
2019-06-26 00:00:00+09:00,961.146652268438,961.146652268438,951.4282836914062,951.4282836914062,500
2019-06-27 00:00:00+09:00,966.0058349856981,966.0058349856981,954.343792712229,958.2311401367188,800
2019-06-28 00:00:00+09:00,960.1747447100377,960.1747447100377,953.3718872070312,953.3718872070312,700
2019-07-01 00:00:00+09:00,953.3719119543495,961.1466064453125,953.3719119543495,961.1466064453125,700
2019-07-02 00:00:00+09:00,961.1465624532392,964.0620727539062,955.3155418519051,964.0620727539062,2000
2019-07-03 00:00:00+09:00,959.2028978752368,964.0620817550505,958.231061099274,962.118408203125,1000
2019-07-04 00:00:00+09:00,959.2029058255143,966.9776000976562,959.2029058255143,966.9776000976562,800
2019-07-05 00:00:00+09:00,966.9776351590991,966.9776351590991,965.0339615205884,966.0057983398438,800
2019-07-08 00:00:00+09:00,966.005755306976,966.005755306976,962.118408203125,962.118408203125,500
2019-07-09 00:00:00+09:00,967.9494459261707,982.5269978226492,965.033935546875,965.033935546875,5100
2019-07-10 00:00:00+09:00,963.0902619606779,969.8931195123679,957.2592412020865,965.033935546875,3200
2019-07-11 00:00:00+09:00,957.25930926795,969.8931884765625,957.25930926795,969.8931884765625,1200
2019-07-12 00:00:00+09:00,969.8931456168652,969.8931456168652,955.3155933280347,966.0057983398438,900
2019-07-16 00:00:00+09:00,966.9776000976562,966.9776000976562,966.9776000976562,966.9776000976562,200
2019-07-17 00:00:00+09:00,966.9776979888946,966.9776979888946,952.4001447528811,959.2030029296875,3300
2019-07-18 00:00:00+09:00,955.3156311222189,956.2874679799221,951.4282836914062,951.4282836914062,1800
2019-07-19 00:00:00+09:00,954.3437668543781,957.25927734375,954.3437668543781,957.25927734375,1200
2019-07-22 00:00:00+09:00,961.1466766944893,961.1466766944893,950.4564709880793,959.2030029296875,2000
2019-07-23 00:00:00+09:00,958.2310700821973,960.1747436523438,952.400049371758,960.1747436523438,400
2019-07-24 00:00:00+09:00,962.1184875612084,962.1184875612084,953.3719558561065,958.2311401367188,700
2019-07-25 00:00:00+09:00,952.4001447528811,959.2030029296875,952.4001447528811,959.2030029296875,1100
2019-07-26 00:00:00+09:00,961.146652268438,961.146652268438,944.625425687484,951.4282836914062,5000
2019-07-29 00:00:00+09:00,956.2874496320256,956.2874496320256,950.4564285976841,955.3156127929688,400
2019-07-30 00:00:00+09:00,955.3156311222189,955.3156311222189,950.456446833703,951.4282836914062,900
2019-07-31 00:00:00+09:00,951.4282668692167,952.4001037097369,948.5127563476562,948.5127563476562,2800
2019-08-01 00:00:00+09:00,957.2593216594998,957.2593216594998,953.371974160375,954.3438110351562,1800
2019-08-02 00:00:00+09:00,971.8367829770146,997.104539334417,967.9494358451067,973.7804565429688,23800
2019-08-05 00:00:00+09:00,988.3580840974607,990.3017578125,974.752368092186,990.3017578125,11800
2019-08-06 00:00:00+09:00,985.4425321306501,985.4425321306501,977.6678375970749,979.6115112304688,3600
2019-08-07 00:00:00+09:00,984.470703125,984.470703125,963.0902929880306,984.470703125,3400
2019-08-08 00:00:00+09:00,975.7242004394532,980.5833847045899,968.9213424682617,971.8368530273438,2200
2019-08-09 00:00:00+09:00,976.696018963696,977.6678557984858,974.7523452941165,975.7241821289062,600
2019-08-13 00:00:00+09:00,977.667820686606,979.6114942863805,973.780473487057,976.6959838867188,1800
2019-08-14 00:00:00+09:00,978.6396926332754,978.6396926332754,971.8368347897473,975.7241821289062,1600
2019-08-15 00:00:00+09:00,978.6396756929594,978.6396756929594,966.977633877353,972.8086547851562,3300
2019-08-16 00:00:00+09:00,971.8367668890185,973.7804404227965,964.0620727539062,964.0620727539062,1300
2019-08-19 00:00:00+09:00,971.8368530273438,976.6960372924805,964.062158203125,971.8368530273438,2300
2019-08-20 00:00:00+09:00,971.8368101311496,979.6115046121988,967.949462890625,967.949462890625,1100
2019-08-21 00:00:00+09:00,971.836784017745,971.836784017745,966.9776000976562,966.9776000976562,1300
2019-08-22 00:00:00+09:00,970.8650253387634,970.8650253387634,966.0058410277586,969.8931884765625,700
2019-08-23 00:00:00+09:00,970.8650269416939,970.8650269416939,963.09033203125,963.09033203125,1600
2019-08-26 00:00:00+09:00,966.0057453693929,970.8649291992188,962.1183983055322,970.8649291992188,600
2019-08-27 00:00:00+09:00,967.9494459261707,967.9494459261707,963.0902619606779,965.033935546875,1700
2019-08-28 00:00:00+09:00,965.03392757771,965.03392757771,960.1747436523438,960.1747436523438,1100
2019-08-29 00:00:00+09:00,960.1748214398335,964.0621688950555,960.1748214398335,963.09033203125,300
2019-08-30 00:00:00+09:00,967.9495147521606,970.8650253387634,966.9776778899596,969.8931884765625,900
2019-09-02 00:00:00+09:00,971.836765965184,980.5832968588707,970.8649291992188,970.8649291992188,2300
2019-09-03 00:00:00+09:00,971.8368530273438,979.6115478515626,971.8368530273438,971.8368530273438,1200
2019-09-04 00:00:00+09:00,971.8368530273438,971.8368530273438,971.8368530273438,971.8368530273438,1500
2019-09-05 00:00:00+09:00,971.8368530273438,971.8368530273438,971.8368530273438,971.8368530273438,500
2019-09-06 00:00:00+09:00,971.8368530273438,971.8368530273438,971.8368530273438,971.8368530273438,300
2019-09-09 00:00:00+09:00,971.8368622009644,971.8368622009644,967.9495147521606,969.8931884765625,1900
2019-09-10 00:00:00+09:00,976.6959838867188,980.5833310862679,976.6959838867188,976.6959838867188,2700
2019-09-11 00:00:00+09:00,981.55517578125,982.5270125889542,973.7804813196163,981.55517578125,2400
2019-09-12 00:00:00+09:00,974.7523452941165,975.7241821289062,974.7523452941165,975.7241821289062,200
2019-09-13 00:00:00+09:00,975.7241639636811,986.414368947347,975.7241639636811,979.6115112304688,1400
2019-09-17 00:00:00+09:00,992.2454253938253,992.2454253938253,969.8931778090476,978.6397094726562,2200
2019-09-18 00:00:00+09:00,975.7241301089227,975.7241301089227,972.8086197599918,973.7804565429688,600
2019-09-19 00:00:00+09:00,977.667820686606,977.667820686606,976.6959838867188,976.6959838867188,400
2019-09-20 00:00:00+09:00,969.8931262875078,976.6959838867188,969.8931262875078,976.6959838867188,3800
2019-09-24 00:00:00+09:00,964.0621673033568,971.8368622009644,964.0621673033568,969.8931884765625,3200
2019-09-25 00:00:00+09:00,969.8931884765625,969.8931884765625,969.8931884765625,969.8931884765625,200
2019-09-26 00:00:00+09:00,971.8367829770146,974.7522933259457,971.8367829770146,973.7804565429688,1400
2019-09-27 00:00:00+09:00,972.8086027311491,972.8086027311491,968.9212556672884,970.8649291992188,1200
2019-09-30 00:00:00+09:00,971.8368530273438,980.5833847045899,970.8650161743165,971.8368530273438,1000
2019-10-01 00:00:00+09:00,971.8368530273438,971.8368530273438,969.8931793212892,971.8368530273438,900
2019-10-02 00:00:00+09:00,981.55517578125,986.414359819771,971.8368077042079,981.55517578125,3300
2019-10-03 00:00:00+09:00,985.4424948594437,997.1045362187272,979.611474179802,994.1890258789062,16700
2019-10-04 00:00:00+09:00,1016.5413249094894,1020.428672232279,993.2172409727516,996.1327514648438,11500
2019-10-07 00:00:00+09:00,994.189085491884,1003.9074538740139,994.189085491884,1000.991943359375,3200
2019-10-08 00:00:00+09:00,1000.9919677028765,1011.6821731831985,990.3017622225545,1008.7666625976562,7900
2019-10-09 00:00:00+09:00,1000.9919342514156,1013.6258130332296,1000.9919342514156,1002.9356079101562,10200
2019-10-10 00:00:00+09:00,1003.9073936783091,1011.6820879178313,994.1890258789062,994.1890258789062,6100
2019-10-11 00:00:00+09:00,990.3017332414727,991.2735700748794,974.7523439069648,982.5270385742188,9500
2019-10-15 00:00:00+09:00,982.527026866404,1000.0200896592776,982.527026866404,998.076416015625,6200
2019-10-16 00:00:00+09:00,1000.0200545611548,1007.7947488628936,995.160870622568,999.0482177734375,5400
2019-10-17 00:00:00+09:00,999.0482097786077,999.0482097786077,993.217189098966,994.1890258789062,1700
2019-10-18 00:00:00+09:00,995.160888671875,995.160888671875,991.2735414505005,995.160888671875,600
2019-10-21 00:00:00+09:00,996.13275916831,1003.9074538740139,990.3017381390321,1000.991943359375,2900
2019-10-23 00:00:00+09:00,1005.8511092814992,1007.794782922623,1003.9074356403756,1004.8792724609375,3200
2019-10-24 00:00:00+09:00,1009.7384670946075,1010.7103039253049,989.329893649962,996.1327514648438,2900
2019-10-25 00:00:00+09:00,996.1327487626136,1012.653974839652,996.1327487626136,1009.7384643554688,2900
2019-10-28 00:00:00+09:00,1015.5695708091757,1020.4287553585019,1010.7103862598495,1017.5132446289062,13300
2019-10-29 00:00:00+09:00,1013.6258453223123,1019.4568664842815,1012.6540084619841,1015.5695190429688,3800
2019-10-30 00:00:00+09:00,1015.5694658551897,1020.4286499023438,1003.9074241420201,1020.4286499023438,5200
2019-10-31 00:00:00+09:00,1025.2878339494978,1025.2878339494978,1019.4568130929129,1020.4286499023438,3200
2019-11-01 00:00:00+09:00,1026.2596954749529,1028.203369140625,1016.5413271465915,1028.203369140625,9200
2019-11-05 00:00:00+09:00,1033.0626012562102,1042.7809700356665,1002.9356580398955,1011.6821899414062,29900
2019-11-06 00:00:00+09:00,1011.6822250953087,1014.5977358304538,999.0483452430138,1010.7103881835938,4400
2019-11-07 00:00:00+09:00,1010.7103530634606,1014.5977005752432,1001.9638211619499,1011.6821899414062,3100
2019-11-08 00:00:00+09:00,1007.7948755302539,1017.5132446289062,1007.7948755302539,1017.5132446289062,1800
2019-11-11 00:00:00+09:00,1019.4568481445312,1021.4005218302216,1017.513174458841,1019.4568481445312,5300
2019-11-12 00:00:00+09:00,1021.4006275884508,1021.4006275884508,1010.7104212102653,1016.5414428710938,4700
2019-11-13 00:00:00+09:00,1013.6258636972975,1013.6258636972975,1008.7666793075693,1011.6821899414062,3000
2019-11-14 00:00:00+09:00,1019.4567790999723,1019.4567790999723,1013.625758437818,1014.5975952148438,800
2019-11-15 00:00:00+09:00,1007.7948774484488,1016.5414096538836,1007.7948774484488,1010.7103881835938,1800
2019-11-18 00:00:00+09:00,1010.7103881835938,1013.6258989187387,1010.7103881835938,1010.7103881835938,1900
2019-11-19 00:00:00+09:00,1006.8229357828229,1014.5976302676323,1006.8229357828229,1013.6257934570312,400
2019-11-20 00:00:00+09:00,1006.8229357828229,1014.5976302676323,1006.8229357828229,1013.6257934570312,400
2019-11-21 00:00:00+09:00,1015.5696059276223,1017.5132798145652,1009.7385842667939,1016.5414428710938,3000
2019-11-22 00:00:00+09:00,1016.5414428710938,1016.5414428710938,1010.7104212102653,1016.5414428710938,2100
2019-11-25 00:00:00+09:00,1016.5413038888347,1020.4286511312395,1010.7102830252277,1013.6257934570312,4000
2019-11-26 00:00:00+09:00,1018.4849762834821,1021.4004867117745,1016.5413026646205,1020.4286499023438,4200
2019-11-27 00:00:00+09:00,1020.4286499023438,1027.2315075683593,1019.4568130929129,1020.4286499023438,2100
2019-11-28 00:00:00+09:00,1020.4287626897427,1030.1471318582164,1018.485088856048,1022.3724365234375,6800
2019-11-29 00:00:00+09:00,1023.3442307683348,1026.2597413973044,1018.4850463867188,1018.4850463867188,6300
2019-12-02 00:00:00+09:00,1012.6539216607923,1018.4849423229466,1012.6539216607923,1014.5975952148438,5500
2019-12-03 00:00:00+09:00,1014.5977338993105,1017.5132446289062,1014.5977338993105,1017.5132446289062,700
2019-12-04 00:00:00+09:00,1016.5413726340723,1020.4287201393652,1015.5695357577491,1018.4850463867188,3600
2019-12-05 00:00:00+09:00,1028.2033797301374,1028.2033797301374,1019.4568481445312,1019.4568481445312,2300
2019-12-06 00:00:00+09:00,1021.4006275884508,1025.2879753623365,1013.6259320406795,1016.5414428710938,3800
2019-12-09 00:00:00+09:00,1020.4287906449794,1025.2879753623365,1016.5414428710938,1016.5414428710938,1900
2019-12-10 00:00:00+09:00,1020.4285880587748,1028.2032820630322,1017.5130778071784,1027.2314453125,3400
2019-12-11 00:00:00+09:00,1026.2597137393263,1026.2597137393263,1020.4286926385348,1024.3160400390625,700
2019-12-12 00:00:00+09:00,1025.2878876462507,1026.259724506579,1015.5695190429688,1015.5695190429688,3900
2019-12-13 00:00:00+09:00,1015.5694389343262,1029.1751539056952,1015.5694389343262,1026.2596435546875,4000
2019-12-16 00:00:00+09:00,1033.0625,1033.0625,1025.287805738476,1033.0625,5300
2019-12-17 00:00:00+09:00,1034.0344422538326,1041.8091373083728,1028.2034209629276,1030.1470947265625,8500
2019-12-18 00:00:00+09:00,1031.118808506802,1043.7526864621163,1031.118808506802,1036.9498291015625,5500
2019-12-19 00:00:00+09:00,1040.837245200997,1044.724592522009,1035.9780610497319,1041.80908203125,4900
2019-12-20 00:00:00+09:00,1045.6962717701538,1047.6399451377563,1039.8652516673462,1042.78076171875,3200
2019-12-23 00:00:00+09:00,1045.6964598715088,1063.1895233266084,1045.6964598715088,1061.245849609375,7300
2019-12-24 00:00:00+09:00,1069.0206531235558,1069.0206531235558,1051.527587890625,1051.527587890625,12500
2019-12-25 00:00:00+09:00,1058.3302180839573,1063.1894018217167,1052.4991975986463,1054.44287109375,7300
2019-12-26 00:00:00+09:00,1056.3866135903456,1060.2739608344682,1056.3866135903456,1059.3021240234375,1900
2019-12-27 00:00:00+09:00,1059.3021909294891,1076.7952546329118,1059.3021909294891,1070.9642333984375,6600
2019-12-30 00:00:00+09:00,1070.9640053280978,1115.6684919388895,1070.9640053280978,1114.6966552734375,11800
2020-01-06 00:00:00+09:00,1107.8938515280836,1107.8938515280836,1089.4289540026157,1103.03466796875,9600
2020-01-07 00:00:00+09:00,1097.2039069794184,1108.8659502776939,1088.4573745057119,1105.950439453125,10400
2020-01-08 00:00:00+09:00,1106.9221787409585,1106.9221787409585,1069.0205413652805,1074.8515625,11100
2020-01-09 00:00:00+09:00,1083.5980942020797,1088.4572784810127,1074.8515625,1074.8515625,6600
2020-01-10 00:00:00+09:00,1081.6543488780478,1083.5980224609375,1073.8796545464895,1083.5980224609375,4300
2020-01-14 00:00:00+09:00,1083.5980044612936,1087.4853515625,1081.6543309106903,1087.4853515625,7600
2020-01-15 00:00:00+09:00,1088.457066600679,1095.2599232669331,1069.020333268524,1073.8795166015625,10800
2020-01-16 00:00:00+09:00,1074.851524822633,1094.2882612570388,1074.851524822633,1089.4290771484375,11300
2020-01-17 00:00:00+09:00,1097.2037717221997,1097.2037717221997,1085.5417298615564,1089.4290771484375,5800
2020-01-20 00:00:00+09:00,1090.4008628790327,1090.4008628790327,1079.710658341003,1080.6824951171875,2900
2020-01-21 00:00:00+09:00,1077.7668632679936,1083.59788326764,1073.8795166015625,1073.8795166015625,3600
2020-01-22 00:00:00+09:00,1080.6826021225613,1080.6826021225613,1044.7246378433033,1070.9642333984375,13200
2020-01-23 00:00:00+09:00,1069.9922574766122,1070.9640942227309,1059.3020532693074,1068.048583984375,5400
2020-01-24 00:00:00+09:00,1069.020351490628,1073.8795349064944,1051.5272911935085,1056.386474609375,12200
2020-01-27 00:00:00+09:00,1054.4428908858438,1057.358401183224,1035.9779923357692,1036.9498291015625,6400
2020-01-28 00:00:00+09:00,1036.9498096378168,1054.44287109375,1036.9498096378168,1054.44287109375,4300
2020-01-29 00:00:00+09:00,1061.2457646021937,1061.2457646021937,1044.7245393290825,1046.668212890625,6000
2020-01-30 00:00:00+09:00,1045.696359993703,1046.6681967594966,1036.9498291015625,1036.9498291015625,4200
2020-01-31 00:00:00+09:00,1037.921786345583,1044.7246444957882,1037.921786345583,1043.7528076171875,2400
2020-02-03 00:00:00+09:00,1049.5836873559908,1054.44287109375,1039.8653198804723,1054.44287109375,5300
2020-02-04 00:00:00+09:00,1057.358293709899,1060.2738037109375,1049.583600373797,1060.2738037109375,2700
2020-02-05 00:00:00+09:00,1064.1613404316354,1076.7952193591343,1064.1613404316354,1071.93603515625,6600
2020-02-06 00:00:00+09:00,1080.6825924319821,1117.6123932524995,1076.7952449771908,1111.7813720703125,28900
2020-02-07 00:00:00+09:00,1079.7107284408432,1088.4572599943695,1070.964196887317,1078.7388916015625,19300
2020-02-10 00:00:00+09:00,1085.5415566008555,1085.5415566008555,1067.0766599353083,1073.8795166015625,5500
2020-02-12 00:00:00+09:00,1074.8514924307592,1081.6543499777895,1074.8514924307592,1076.795166015625,3600
2020-02-13 00:00:00+09:00,1076.7952393472412,1076.7952393472412,1061.245849609375,1061.245849609375,5100
2020-02-14 00:00:00+09:00,1061.2457267615446,1068.048583984375,1061.2457267615446,1068.048583984375,4100
2020-02-17 00:00:00+09:00,1059.302159108844,1061.2458327952822,1041.8090959309,1058.330322265625,12200
2020-02-18 00:00:00+09:00,1058.3304465923204,1058.3304465923204,1044.7247291889296,1051.527587890625,5300
2020-02-19 00:00:00+09:00,1047.6399620105465,1054.442818906719,1045.69628861164,1052.4991455078125,5000
2020-02-20 00:00:00+09:00,1058.330183564788,1058.330183564788,1047.639979690396,1048.61181640625,4300
2020-02-21 00:00:00+09:00,1046.668212890625,1051.5273967944813,1046.668212890625,1046.668212890625,2700
2020-02-25 00:00:00+09:00,1017.5131866661876,1029.1752289202414,1003.907470703125,1003.907470703125,14300
2020-02-26 00:00:00+09:00,983.4988212995632,1000.9918833384883,981.5551477396826,994.1890258789062,5000
2020-02-27 00:00:00+09:00,981.5551794840907,992.2453844091649,952.4000751429791,961.1466064453125,21900
2020-02-28 00:00:00+09:00,905.7519154855794,952.4000828067252,905.7519154855794,920.3294677734375,19300
2020-03-02 00:00:00+09:00,918.385857232183,966.977701530182,917.414020346223,945.5972900390625,12200
2020-03-03 00:00:00+09:00,1002.9355740017362,1002.9355740017362,943.6535294144243,944.6253662109375,6700
2020-03-04 00:00:00+09:00,944.6254348052072,965.0340090139617,944.6254348052072,949.484619140625,4500
2020-03-05 00:00:00+09:00,961.1466784418845,961.1466784418845,950.4564727160396,952.400146484375,3100
2020-03-06 00:00:00+09:00,952.4000973523405,956.2874446884724,932.9633606716804,936.8507080078125,7600
2020-03-09 00:00:00+09:00,923.2449592141544,952.4000631893382,824.1176056985294,826.061279296875,37500
2020-03-10 00:00:00+09:00,798.8498177645201,872.7094116210938,743.4551223720899,872.7094116210938,17400
2020-03-11 00:00:00+09:00,916.442113515493,916.442113515493,862.9910888671875,862.9910888671875,11300
2020-03-12 00:00:00+09:00,877.5685906735458,877.5685906735458,832.8640998972634,840.6387939453125,6100
2020-03-13 00:00:00+09:00,777.4694426643547,821.2020988142245,777.4694426643547,805.6527099609375,14700
2020-03-16 00:00:00+09:00,805.6526946497128,848.4135131835938,805.6526946497128,848.4135131835938,4900
2020-03-17 00:00:00+09:00,840.6387976546314,901.8645135531767,811.4836948458002,879.5122680664062,4500
2020-03-18 00:00:00+09:00,895.0616986803612,897.0053722931308,879.5123097782052,890.2025146484375,3800
2020-03-19 00:00:00+09:00,892.1461550690407,896.0335021499516,847.441663638566,877.568603515625,13000
2020-03-23 00:00:00+09:00,862.9910864311946,891.1743538934746,861.0474128131063,876.5968017578125,5600
2020-03-24 00:00:00+09:00,912.554797163166,912.554797163166,882.4278549778005,889.230712890625,3900
2020-03-25 00:00:00+09:00,907.6955891239605,920.3294677734375,897.0053841128646,920.3294677734375,8200
2020-03-26 00:00:00+09:00,920.3295028718783,920.3295028718783,903.8082763155721,919.357666015625,5000
2020-03-27 00:00:00+09:00,904.7800473374714,920.3294359061067,900.8927001953125,900.8927001953125,11500
2020-03-30 00:00:00+09:00,812.0862176318719,838.7281713087377,803.20556640625,803.20556640625,24400
2020-03-31 00:00:00+09:00,810.1127567888742,833.794493893543,808.1392786968186,818.993408203125,7000
2020-04-01 00:00:00+09:00,818.9934655505838,818.9934655505838,799.2586832481601,800.2454223632812,6100
2020-04-02 00:00:00+09:00,775.5769608137449,798.271960939338,775.5769608137449,786.4310913085938,5700
2020-04-03 00:00:00+09:00,786.4310130804357,791.3647082691461,755.8421029104313,770.6431884765625,5600
2020-04-06 00:00:00+09:00,775.5769084688983,789.3912554390822,770.6432131224041,779.5238647460938,5400
2020-04-07 00:00:00+09:00,799.2586669921875,806.165840657552,798.2719278971355,799.2586669921875,2400
2020-04-08 00:00:00+09:00,837.7413951553957,837.7413951553957,808.1392257152756,812.086181640625,2300
2020-04-09 00:00:00+09:00,814.0597044116389,833.7944851246483,808.1392701977361,811.0994873046875,2800
2020-04-10 00:00:00+09:00,809.1260456305735,809.1260456305735,800.2453939102379,802.2188720703125,3200
2020-04-13 00:00:00+09:00,802.218802088388,808.13923605214,794.3248901367188,794.3248901367188,3100
2020-04-14 00:00:00+09:00,801.2321329902752,802.2188720703125,794.3249594300142,802.2188720703125,900
2020-04-15 00:00:00+09:00,802.2188801729945,807.1525756230129,795.3117065429688,795.3117065429688,3100
2020-04-16 00:00:00+09:00,796.2984008789062,810.1127473625552,796.2984008789062,796.2984008789062,1400
2020-04-17 00:00:00+09:00,811.0995042022486,826.8873291015625,801.2321136401774,826.8873291015625,7400
2020-04-20 00:00:00+09:00,837.7414300101144,838.7281690325055,811.0994764055524,828.8607788085938,6900
2020-04-21 00:00:00+09:00,843.6618719753526,843.6618719753526,818.9933961865996,821.95361328125,1500
2020-04-22 00:00:00+09:00,813.0730840034765,827.8741716977146,804.1924313869337,807.1526489257812,5600
2020-04-23 00:00:00+09:00,813.0729938786204,813.0729938786204,809.1260375976562,809.1260375976562,300
2020-04-24 00:00:00+09:00,818.0067056130534,818.0067056130534,792.3514892729577,795.3117065429688,6100
2020-04-27 00:00:00+09:00,793.338220349977,813.0730019507226,793.338220349977,802.2188720703125,5200
2020-04-28 00:00:00+09:00,806.1658203869331,809.1260375976562,800.2453859654869,809.1260375976562,6500
2020-04-30 00:00:00+09:00,835.7679967787659,835.7679967787659,813.072998046875,813.072998046875,4100
2020-05-01 00:00:00+09:00,824.9138139578013,824.9138139578013,811.0994677910438,820.9668579101562,2600
2020-05-07 00:00:00+09:00,835.7679928716785,838.7282100837388,823.9271240234375,823.9271240234375,3300
2020-05-08 00:00:00+09:00,828.8607550005541,837.7414059469886,823.9270600303128,834.7811889648438,7000
2020-05-11 00:00:00+09:00,843.6618906483309,868.3303669830774,838.7281953813816,867.3436279296875,7900
2020-05-12 00:00:00+09:00,869.3171144504827,876.2242878910654,865.3701581987211,875.237548828125,3500
2020-05-13 00:00:00+09:00,875.2375128609793,886.0916421072824,860.4364275251116,884.1181640625,4200
2020-05-14 00:00:00+09:00,884.1181102362204,884.1181102362204,865.3700699521935,877.2109375,2200
2020-05-15 00:00:00+09:00,870.30390234375,870.30390234375,858.4630329241071,863.396728515625,1400
2020-05-18 00:00:00+09:00,840.7016686727834,855.5027543888535,838.7281905773074,848.5955810546875,4500
2020-05-19 00:00:00+09:00,851.5558108408517,860.4364624023438,840.7016811545836,860.4364624023438,2400
2020-05-20 00:00:00+09:00,845.6353886807127,888.0651689762443,845.6353886807127,872.27734375,2400
2020-05-21 00:00:00+09:00,868.3303753875423,876.2242878910654,859.4497238210788,875.237548828125,2400
2020-05-22 00:00:00+09:00,878.1977122913706,878.1977122913706,858.4629322398793,868.330322265625,1200
2020-05-25 00:00:00+09:00,868.3303675982243,882.1447143554688,868.3303675982243,882.1447143554688,4900
2020-05-26 00:00:00+09:00,882.1447589891072,896.9458455493271,882.1447589891072,895.9591064453125,5200
2020-05-27 00:00:00+09:00,897.9325519755449,897.9325519755449,878.1977706134451,893.985595703125,4000
2020-05-28 00:00:00+09:00,896.9458044515155,896.9458044515155,885.104935745885,886.0916748046875,4000
2020-05-29 00:00:00+09:00,877.2109821766346,886.0916332897839,876.2242431640625,876.2242431640625,2000
2020-06-01 00:00:00+09:00,876.2243367055829,896.9458581817285,863.3967281727308,878.1978149414062,4800
2020-06-02 00:00:00+09:00,873.2640748714357,893.9855952921139,869.3171186008303,879.1845092773438,2900
2020-06-03 00:00:00+09:00,893.9855915078039,893.9855915078039,883.1314618095855,890.0386352539062,700
2020-06-04 00:00:00+09:00,890.0385905759015,891.0253295898438,879.1844614225369,891.0253295898438,800
2020-06-05 00:00:00+09:00,891.0253295898438,891.0253295898438,883.1314174783058,891.0253295898438,700
2020-06-08 00:00:00+09:00,893.9856037144135,893.9856037144135,882.1447347910438,887.0784301757812,2400
2020-06-09 00:00:00+09:00,888.0651529222926,888.0651529222926,886.0916748046875,886.0916748046875,800
2020-06-10 00:00:00+09:00,886.0916705718242,895.9590611127132,881.1579753013798,882.1447143554688,1600
2020-06-11 00:00:00+09:00,880.171243650104,881.157982712492,860.4364624023438,860.4364624023438,4300
2020-06-12 00:00:00+09:00,848.5955977766481,871.2905963218376,848.5955977766481,864.3834228515625,4000
2020-06-15 00:00:00+09:00,875.2374952836469,880.1711902965199,868.330322265625,868.330322265625,1100
2020-06-16 00:00:00+09:00,870.3038210076801,874.2507771120233,870.3038210076801,873.2640380859375,400
2020-06-17 00:00:00+09:00,873.2640380859375,873.2640380859375,872.2772990598517,873.2640380859375,700
2020-06-18 00:00:00+09:00,860.436438349765,867.3436115933985,860.436438349765,866.3568725585938,1800
2020-06-19 00:00:00+09:00,864.3834107695179,867.3436279296875,864.3834107695179,867.3436279296875,400
2020-06-22 00:00:00+09:00,866.3569458705357,866.3569458705357,858.4630329241071,863.396728515625,1400
2020-06-23 00:00:00+09:00,859.4496950197547,868.3303462886156,858.4629559898813,862.409912109375,3400
2020-06-24 00:00:00+09:00,855.5028524420828,855.5028524420828,854.51611328125,854.51611328125,800
2020-06-25 00:00:00+09:00,864.3833482530382,864.3833482530382,852.54248046875,852.54248046875,600
2020-06-26 00:00:00+09:00,854.51611328125,854.51611328125,854.51611328125,854.51611328125,200
2020-06-29 00:00:00+09:00,838.7282556767086,838.7282556767086,818.9934731901978,822.9404296875,7000
2020-06-30 00:00:00+09:00,825.90064271103,849.5823815701276,825.90064271103,833.7945556640625,4100
2020-07-01 00:00:00+09:00,836.7546909877233,836.7546909877233,828.8607788085938,828.8607788085938,1500
2020-07-02 00:00:00+09:00,823.9271034332643,826.8873205713479,818.993408203125,818.993408203125,2800
2020-07-03 00:00:00+09:00,818.993408203125,818.993408203125,818.993408203125,818.993408203125,600
2020-07-06 00:00:00+09:00,804.1923064633359,818.9933918583666,804.1923064633359,818.0066528320312,5600
2020-07-07 00:00:00+09:00,818.9933798863337,820.9668579101562,810.1127287791326,820.9668579101562,1400
2020-07-08 00:00:00+09:00,820.9669974404035,824.9139541588669,807.1526489257812,807.1526489257812,3400
2020-07-09 00:00:00+09:00,831.8210447007331,831.8210447007331,807.1525676930008,817.0199584960938,2200
2020-07-10 00:00:00+09:00,814.0597775685701,822.9404296875,814.0597775685701,822.9404296875,400
2020-07-13 00:00:00+09:00,810.1128293536739,817.02000329457,807.1526119504326,816.0332641601562,3000
2020-07-14 00:00:00+09:00,816.0332025988349,816.0332025988349,801.2321166992188,801.2321166992188,2100
2020-07-15 00:00:00+09:00,801.2321213264328,819.9801635742188,801.2321213264328,819.9801635742188,2500
2020-07-16 00:00:00+09:00,818.9933995898913,818.9933995898913,806.1657921264351,811.0994873046875,800
2020-07-17 00:00:00+09:00,811.0994950932228,822.9403636347297,804.1923217773438,804.1923217773438,1500
2020-07-20 00:00:00+09:00,806.1658245197777,813.072998046875,806.1658245197777,813.072998046875,600
2020-07-21 00:00:00+09:00,803.2055827322182,804.1923217773438,803.2055827322182,804.1923217773438,800
2020-07-22 00:00:00+09:00,804.1922697899264,812.086181640625,804.1922697899264,812.086181640625,1100
2020-07-27 00:00:00+09:00,799.2586265517159,809.1260170029717,799.2586265517159,804.1923217773438,1900
2020-07-28 00:00:00+09:00,804.1923422464511,809.1260375976562,804.1923422464511,809.1260375976562,700
2020-07-29 00:00:00+09:00,804.1922680694278,809.1259629655592,797.2850952148438,797.2850952148438,3500
2020-07-30 00:00:00+09:00,797.2851847229762,799.2586629029835,795.3117065429688,795.3117065429688,2200
2020-07-31 00:00:00+09:00,795.3117024333698,795.3117024333698,789.3912679239402,791.36474609375,3400
2020-08-03 00:00:00+09:00,791.3647134399414,798.2718867492675,789.3912353515625,789.3912353515625,1900
2020-08-04 00:00:00+09:00,789.3912679239402,798.2719196880845,789.3912679239402,791.36474609375,1700
2020-08-05 00:00:00+09:00,789.3912516580837,797.2851641746645,789.3912516580837,790.3779907226562,2900
2020-08-06 00:00:00+09:00,788.4044799804688,789.391219004224,788.4044799804688,788.4044799804688,1000
2020-08-07 00:00:00+09:00,788.4045288390353,791.36474609375,788.4045288390353,791.36474609375,2400
2020-08-11 00:00:00+09:00,787.4177735289384,795.3116860455192,787.4177735289384,790.3779907226562,3100
2020-08-12 00:00:00+09:00,790.3780594532216,798.27197265625,790.3780594532216,798.27197265625,700
2020-08-13 00:00:00+09:00,798.2718875065904,805.1790608224694,794.3249313260881,804.1923217773438,2800
2020-08-14 00:00:00+09:00,799.2586669921875,806.165840657552,799.2586669921875,799.2586669921875,3300
2020-08-17 00:00:00+09:00,805.1791015625,805.1791015625,799.2586669921875,799.2586669921875,900
2020-08-18 00:00:00+09:00,805.1791263409515,805.1791263409515,793.3382568359375,793.3382568359375,800
2020-08-19 00:00:00+09:00,802.218908964698,802.218908964698,793.3382568359375,793.3382568359375,1000
2020-08-20 00:00:00+09:00,797.2852335058715,805.1791467088999,797.2852335058715,798.27197265625,1400
2020-08-21 00:00:00+09:00,799.2586548302006,805.1790893104244,799.2586548302006,802.2188720703125,1300
2020-08-24 00:00:00+09:00,805.1790161132812,805.1790161132812,804.1922771229464,805.1790161132812,400
2020-08-25 00:00:00+09:00,807.1526489257812,807.1526489257812,804.1924313869337,807.1526489257812,1100
2020-08-26 00:00:00+09:00,807.1524940939511,807.1524940939511,803.2055381326114,805.1790161132812,2000
2020-08-27 00:00:00+09:00,808.1393147885582,810.11279296875,804.1923584281745,810.11279296875,2700
2020-08-28 00:00:00+09:00,813.072956656941,818.0066517822866,802.2188273811809,803.20556640625,3900
2020-08-31 00:00:00+09:00,806.1659097461654,809.126127285013,804.1924313869337,807.1526489257812,3300
2020-09-01 00:00:00+09:00,808.1392507553101,837.7414211126475,808.1392507553101,820.9668579101562,2300
2020-09-02 00:00:00+09:00,820.9669148173309,824.9138711385681,817.0199584960938,817.0199584960938,1700
2020-09-03 00:00:00+09:00,817.0199293639763,817.0199293639763,804.1923217773438,804.1923217773438,3200
2020-09-04 00:00:00+09:00,818.0066229876351,818.0066229876351,805.1790161132812,805.1790161132812,700
2020-09-07 00:00:00+09:00,805.17909343444,809.126049774805,805.17909343444,806.1658325195312,1600
2020-09-08 00:00:00+09:00,810.112866464629,810.112866464629,806.1659097461654,807.1526489257812,1300
2020-09-09 00:00:00+09:00,804.1923584281745,810.11279296875,804.1923584281745,810.11279296875,600
2020-09-10 00:00:00+09:00,810.1127766678973,810.1127766678973,809.1260375976562,809.1260375976562,300
2020-09-11 00:00:00+09:00,810.1127567888742,819.9801472491529,810.1127567888742,818.993408203125,2800
2020-09-14 00:00:00+09:00,821.953662049901,828.8608356805724,809.1260538786541,810.11279296875,3500
2020-09-15 00:00:00+09:00,824.9138793201888,824.9138793201888,810.11279296875,810.11279296875,1400
2020-09-16 00:00:00+09:00,811.0995198962758,816.0332152727739,811.0995198962758,813.072998046875,600
2020-09-17 00:00:00+09:00,814.0596596032997,814.0596596032997,812.086181640625,812.086181640625,600
2020-09-18 00:00:00+09:00,813.0729739269578,818.993408203125,813.0729739269578,818.993408203125,900
2020-09-23 00:00:00+09:00,828.8608357552706,828.8608357552706,818.9934448534221,824.9138793945312,3000
2020-09-24 00:00:00+09:00,820.9669026398917,821.9536417055647,819.9801635742188,819.9801635742188,2000
2020-09-25 00:00:00+09:00,819.9801879882813,819.9801879882813,811.0995361328125,814.0597534179688,600
2020-09-28 00:00:00+09:00,836.7547110316265,836.7547110316265,813.0729739269578,818.993408203125,2600
2020-09-29 00:00:00+09:00,813.0729774782509,813.0729774782509,799.2586307735234,808.1392822265625,3000
2020-09-30 00:00:00+09:00,813.0729774782509,813.0729774782509,808.1392822265625,808.1392822265625,300
2020-10-02 00:00:00+09:00,809.1260212769002,809.1260212769002,808.1392822265625,808.1392822265625,1000
2020-10-05 00:00:00+09:00,808.1392985274152,817.0199501595846,808.1392985274152,809.1260375976562,2000
2020-10-06 00:00:00+09:00,810.112748269037,811.0994873046875,809.1260092333865,811.0994873046875,800
2020-10-07 00:00:00+09:00,810.112748269037,818.0066605542407,809.1260092333865,811.0994873046875,1300
2020-10-08 00:00:00+09:00,811.0994915904491,817.0199258356349,811.0994915904491,815.0464477539062,400
2020-10-09 00:00:00+09:00,817.0199258356349,818.0066648764991,815.0464477539062,815.0464477539062,600
2020-10-12 00:00:00+09:00,815.0464520190136,818.993408203125,815.0464520190136,818.993408203125,1200
2020-10-13 00:00:00+09:00,821.9536253412086,821.9536253412086,818.993408203125,818.993408203125,400
2020-10-14 00:00:00+09:00,818.9934039173635,818.9934039173635,815.0464477539062,815.0464477539062,1300
2020-10-15 00:00:00+09:00,815.0464477539062,816.0331867947706,815.0464477539062,815.0464477539062,1100
2020-10-16 00:00:00+09:00,814.0597044116389,822.9403557324931,811.0994873046875,811.0994873046875,2300
2020-10-19 00:00:00+09:00,811.099532058846,812.0862711489418,810.11279296875,810.11279296875,2200
2020-10-20 00:00:00+09:00,818.006693423373,818.006693423373,813.072998046875,813.072998046875,1100
2020-10-21 00:00:00+09:00,813.0730143229167,814.0597534179688,813.0730143229167,814.0597534179688,1300
2020-10-22 00:00:00+09:00,818.0066605542407,818.0066605542407,811.0994873046875,811.0994873046875,800
2020-10-23 00:00:00+09:00,813.0730143229167,814.0597534179688,813.0730143229167,814.0597534179688,200
2020-10-26 00:00:00+09:00,809.1260375976562,811.0995157381384,809.1260375976562,809.1260375976562,1700
2020-10-27 00:00:00+09:00,809.1260212769002,813.0729774782509,808.1392822265625,808.1392822265625,1900
2020-10-28 00:00:00+09:00,808.1393881053972,810.112866464629,807.1526489257812,807.1526489257812,1600
2020-10-29 00:00:00+09:00,812.0863448238606,812.0863448238606,807.1526489257812,807.1526489257812,400
2020-10-30 00:00:00+09:00,805.1791015625,808.1393188476562,799.2586669921875,799.2586669921875,2300
2020-11-02 00:00:00+09:00,800.2453655968415,808.139277957846,800.2453655968415,804.1923217773438,400
2020-11-04 00:00:00+09:00,809.1260170029717,809.1260170029717,804.1923217773438,804.1923217773438,2400
2020-11-05 00:00:00+09:00,804.1924313869337,807.1526489257812,804.1924313869337,807.1526489257812,300
2020-11-06 00:00:00+09:00,807.1525594571742,809.1260375976562,807.1525594571742,809.1260375976562,900
2020-11-09 00:00:00+09:00,810.1127110649558,810.1127110649558,805.1790161132812,805.1790161132812,700
2020-11-10 00:00:00+09:00,813.0729854189117,818.9934197787582,801.2321166992188,801.2321166992188,4600
2020-11-11 00:00:00+09:00,813.0729739269578,818.993408203125,812.08623488093,818.993408203125,3100
2020-11-12 00:00:00+09:00,804.1923422464511,814.0597329488616,804.1923422464511,809.1260375976562,3600
2020-11-13 00:00:00+09:00,809.1260538786541,810.11279296875,803.2056193380786,810.11279296875,500
2020-11-16 00:00:00+09:00,806.1657921264351,811.0994873046875,799.2586188768818,811.0994873046875,2900
2020-11-17 00:00:00+09:00,806.1658203869331,810.1127766678973,805.1790813166921,809.1260375976562,1700
2020-11-18 00:00:00+09:00,806.1658325195312,806.1658325195312,805.17909343444,806.1658325195312,400
2020-11-19 00:00:00+09:00,808.139277957846,808.139277957846,803.2055827322182,804.1923217773438,1900
2020-11-20 00:00:00+09:00,804.1923217773438,804.1923217773438,804.1923217773438,804.1923217773438,0
2020-11-24 00:00:00+09:00,804.1923543493488,806.1658325195312,804.1923543493488,806.1658325195312,1300
2020-11-25 00:00:00+09:00,802.2188557591932,808.1392901190396,801.2321166992188,801.2321166992188,3900
2020-11-26 00:00:00+09:00,800.2453939102379,806.1658283904616,800.2453939102379,802.2188720703125,500
2020-11-27 00:00:00+09:00,802.2188720703125,807.1525674704989,802.2188720703125,802.2188720703125,1500
2020-11-30 00:00:00+09:00,802.2189005935236,806.1658570540084,800.2454223632812,800.2454223632812,1700
2020-12-01 00:00:00+09:00,800.2453776392443,807.1525510590652,800.2453776392443,801.2321166992188,1700
2020-12-02 00:00:00+09:00,805.1791705665496,807.1526489257812,802.2189530277019,807.1526489257812,400
2020-12-03 00:00:00+09:00,808.139233084286,809.1259720746209,805.1790161132812,805.1790161132812,1900
2020-12-04 00:00:00+09:00,805.1790444563882,805.1790444563882,802.2188273811809,803.20556640625,2200
2020-12-07 00:00:00+09:00,805.1791015625,814.0597534179688,805.1791015625,814.0597534179688,5400
2020-12-08 00:00:00+09:00,817.0199293639763,817.0199293639763,804.1923217773438,804.1923217773438,1500
2020-12-09 00:00:00+09:00,806.1658283904616,810.1127847106108,802.2188720703125,802.2188720703125,2700
2020-12-10 00:00:00+09:00,803.2056397086449,809.126074399372,800.2454223632812,800.2454223632812,2700
2020-12-11 00:00:00+09:00,800.2453776392443,807.1525510590652,800.2453776392443,801.2321166992188,3000
2020-12-14 00:00:00+09:00,811.0995157381384,811.0995157381384,809.1260375976562,809.1260375976562,700
2020-12-15 00:00:00+09:00,804.1923217773438,804.1923217773438,804.1923217773438,804.1923217773438,800
2020-12-16 00:00:00+09:00,804.1923217773438,804.1923217773438,800.2453655968415,804.1923217773438,5800
2020-12-17 00:00:00+09:00,802.2188557591932,803.2055948191676,801.2321166992188,801.2321166992188,1700
2020-12-18 00:00:00+09:00,801.2321166992188,802.2188557591932,800.2453776392443,801.2321166992188,7600
2020-12-21 00:00:00+09:00,801.2321329902752,804.1923502303871,800.2453939102379,802.2188720703125,2500
2020-12-22 00:00:00+09:00,799.2586669921875,803.2056233723958,799.2586669921875,799.2586669921875,5200
2020-12-23 00:00:00+09:00,802.2188842773438,802.2188842773438,799.2586669921875,799.2586669921875,4300
2020-12-24 00:00:00+09:00,803.2056397086449,803.2056397086449,798.2719441330389,800.2454223632812,5100
2020-12-25 00:00:00+09:00,801.2321166992188,801.2321166992188,798.2718995192955,801.2321166992188,3500
2020-12-28 00:00:00+09:00,801.2321901073857,802.2189292577642,798.27197265625,798.27197265625,4300
2020-12-29 00:00:00+09:00,798.2718712809044,808.1392615315955,798.2718712809044,803.20556640625,3900
2020-12-30 00:00:00+09:00,801.2321166992188,801.2321166992188,801.2321166992188,801.2321166992188,200
2021-01-04 00:00:00+09:00,801.2320511317489,801.2320511317489,797.2850952148438,797.2850952148438,4000
2021-01-05 00:00:00+09:00,801.2321451822917,801.2321451822917,798.2719278971355,799.2586669921875,3000
2021-01-06 00:00:00+09:00,800.2454060872396,800.2454060872396,799.2586669921875,799.2586669921875,2100
2021-01-07 00:00:00+09:00,799.2586669921875,799.2586669921875,798.2719278971355,799.2586669921875,1000
2021-01-08 00:00:00+09:00,799.2586669921875,800.2454060872396,798.2719278971355,799.2586669921875,3100
2021-01-12 00:00:00+09:00,799.2586669921875,801.2321451822917,799.2586669921875,799.2586669921875,1900
2021-01-13 00:00:00+09:00,802.2188842773438,802.2188842773438,799.2586669921875,799.2586669921875,900
2021-01-14 00:00:00+09:00,801.2320883561117,803.20556640625,799.2586103059735,803.20556640625,2300
2021-01-15 00:00:00+09:00,799.2586548302006,802.2188720703125,799.2586548302006,802.2188720703125,2600
2021-01-18 00:00:00+09:00,802.2188720703125,807.1525674704989,802.2188720703125,802.2188720703125,1600
2021-01-19 00:00:00+09:00,802.2187918272517,812.086181640625,802.2187918272517,812.086181640625,4000
2021-01-20 00:00:00+09:00,806.1658041258871,808.1392822265625,806.1658041258871,808.1392822265625,800
2021-01-21 00:00:00+09:00,808.1392985274152,809.1260375976562,807.1525594571742,809.1260375976562,1400
2021-01-22 00:00:00+09:00,809.1260375976562,809.1260375976562,808.1392985274152,809.1260375976562,1100
2021-01-25 00:00:00+09:00,809.1260538786541,810.11279296875,803.2056193380786,810.11279296875,2300
2021-01-26 00:00:00+09:00,810.11279296875,810.11279296875,808.1393147885582,810.11279296875,700
2021-01-27 00:00:00+09:00,811.0994873046875,811.0994873046875,809.1260092333865,811.0994873046875,400
2021-01-28 00:00:00+09:00,810.1127766678973,813.0729938786204,809.1260375976562,809.1260375976562,500
2021-01-29 00:00:00+09:00,809.1260212769002,809.1260212769002,808.1392822265625,808.1392822265625,300
2021-02-01 00:00:00+09:00,808.1392985274152,811.0995157381384,808.1392985274152,809.1260375976562,3000
2021-02-02 00:00:00+09:00,813.0729774782509,814.0597165285886,808.1392822265625,808.1392822265625,2700
2021-02-03 00:00:00+09:00,814.0597329488616,818.9934283000667,809.1260375976562,809.1260375976562,2900
2021-02-04 00:00:00+09:00,816.033207311527,820.9669026398917,814.0597291801811,819.9801635742188,2600
2021-02-05 00:00:00+09:00,818.9934366567123,818.9934366567123,815.0464803354752,817.0199584960938,3200
2021-02-08 00:00:00+09:00,810.1127525495848,817.0199258356349,810.1127525495848,815.0464477539062,7300
2021-02-09 00:00:00+09:00,815.0464477539062,817.0199258356349,815.0464477539062,815.0464477539062,3200
2021-02-10 00:00:00+09:00,815.0464925130209,817.0199707031251,814.0597534179688,814.0597534179688,2500
2021-02-12 00:00:00+09:00,815.0465250257425,816.0332641601562,814.0597858913287,816.0332641601562,6500
2021-02-15 00:00:00+09:00,814.0597858913287,817.02000329457,812.0863076225013,816.0332641601562,4300
2021-02-16 00:00:00+09:00,817.02000329457,817.02000329457,814.0597858913287,816.0332641601562,3700
2021-02-17 00:00:00+09:00,816.0332316080729,817.0199707031251,810.1127970377604,814.0597534179688,5100
2021-02-18 00:00:00+09:00,816.0331867947706,816.0331867947706,814.059708713042,815.0464477539062,2500
2021-02-19 00:00:00+09:00,814.0597452002611,816.0332233704436,806.1658325195312,806.1658325195312,6700
2021-02-22 00:00:00+09:00,816.0332194157844,817.0199584960938,811.099524014238,817.0199584960938,5600
2021-02-24 00:00:00+09:00,817.0199707031251,818.9934488932291,814.0597534179688,814.0597534179688,3300
2021-02-25 00:00:00+09:00,818.0067340658723,823.9271688118255,816.0332558172212,822.9404296875,4200
2021-02-26 00:00:00+09:00,820.9669514388489,822.9404296875,812.086299319919,822.9404296875,3000
2021-03-01 00:00:00+09:00,823.9271240234375,825.900602164811,818.0066895993169,823.9271240234375,6000
2021-03-02 00:00:00+09:00,825.9005737304688,826.8873127671837,818.0066614367486,825.9005737304688,4300
2021-03-03 00:00:00+09:00,823.9270836966379,832.8077348981585,823.9270836966379,828.8607788085938,2200
2021-03-04 00:00:00+09:00,829.8475298773288,830.8342689140438,822.9403566203237,825.9005737304688,2200
2021-03-05 00:00:00+09:00,826.8873007638114,833.7944739205496,821.9536056518555,828.8607788085938,3800
2021-03-08 00:00:00+09:00,823.927067425879,832.8077184520262,823.927067425879,827.8740234375,4100
2021-03-09 00:00:00+09:00,830.8342121137875,831.8209510830437,828.860734175275,829.8474731445312,1100
2021-03-10 00:00:00+09:00,830.8342689140438,876.2242646029346,825.9005737304688,825.9005737304688,27500
2021-03-11 00:00:00+09:00,825.9005172675061,838.7281238678378,824.9137782982498,829.8474731445312,4100
2021-03-12 00:00:00+09:00,827.8740234375,838.7281524694577,825.9005454316895,827.8740234375,7000
2021-03-15 00:00:00+09:00,829.8475221751426,837.7414343955958,829.8475221751426,832.8077392578125,6500
2021-03-16 00:00:00+09:00,835.7679530450475,847.6088213290387,835.7679530450475,843.661865234375,2800
2021-03-17 00:00:00+09:00,842.6751952276308,878.1978029889829,840.7017170186667,851.5558471679688,9800
2021-03-18 00:00:00+09:00,866.3568428524657,866.3568428524657,851.5557578379019,853.5292358398438,5400
2021-03-19 00:00:00+09:00,859.4496698456692,859.4496698456692,850.5690188369309,853.5292358398438,6500
2021-03-22 00:00:00+09:00,850.5690437508939,868.3303462886156,850.5690437508939,862.409912109375,5400
2021-03-23 00:00:00+09:00,868.3303462886156,868.3303462886156,862.409912109375,862.409912109375,2800
2021-03-24 00:00:00+09:00,860.4364867159959,860.4364867159959,839.7149658203125,839.7149658203125,9700
2021-03-25 00:00:00+09:00,839.7149820820266,851.5558513945816,839.7149820820266,840.7017211914062,3600
2021-03-26 00:00:00+09:00,840.7016610010272,855.5027465820312,840.7016610010272,855.5027465820312,4200
2021-03-29 00:00:00+09:00,863.3966717161281,867.3436279296875,854.5160202356193,867.3436279296875,14400
2021-03-30 00:00:00+09:00,795.3116946914821,822.940388799871,795.3116946914821,813.072998046875,16700
2021-03-31 00:00:00+09:00,811.0995157381384,815.0464720191026,809.1260375976562,809.1260375976562,4800
2021-04-01 00:00:00+09:00,813.0729938786204,815.0464720191026,809.1260375976562,809.1260375976562,5000
2021-04-02 00:00:00+09:00,807.1525431762249,812.0862384279133,806.1658041258871,808.1392822265625,1300
2021-04-05 00:00:00+09:00,808.1393188476562,814.0597534179688,808.1393188476562,814.0597534179688,2200
2021-04-06 00:00:00+09:00,817.0199543480734,817.0199543480734,810.1127808209762,813.072998046875,4000
2021-04-07 00:00:00+09:00,814.0596596032997,816.0331375659744,810.1127036779503,812.086181640625,3400
2021-04-08 00:00:00+09:00,810.1127888598962,810.1127888598962,806.1658325195312,806.1658325195312,4400
2021-04-09 00:00:00+09:00,806.1658325195312,813.0730061151698,806.1658325195312,806.1658325195312,1700
2021-04-12 00:00:00+09:00,812.0862752278646,814.0597534179688,806.165840657552,814.0597534179688,1600
2021-04-13 00:00:00+09:00,815.0465623627082,815.0465623627082,807.1526489257812,807.1526489257812,900
2021-04-14 00:00:00+09:00,807.1526489257812,807.1526489257812,806.1659097461654,807.1526489257812,2200
2021-04-15 00:00:00+09:00,810.112866464629,810.112866464629,807.1526489257812,807.1526489257812,500
2021-04-16 00:00:00+09:00,804.1924313869337,807.1526489257812,803.2056922073178,807.1526489257812,3800
2021-04-19 00:00:00+09:00,809.1260170029717,809.1260170029717,804.1923217773438,804.1923217773438,2000
2021-04-20 00:00:00+09:00,801.2321166992188,803.2055948191676,801.2321166992188,801.2321166992188,2500
2021-04-21 00:00:00+09:00,799.2587118066285,801.2321901073857,798.27197265625,798.27197265625,4200
2021-04-22 00:00:00+09:00,798.2718712809044,803.20556640625,798.2718712809044,803.20556640625,1400
2021-04-23 00:00:00+09:00,798.2719157501633,808.1393065505362,798.2719157501633,802.2188720703125,2100
2021-04-26 00:00:00+09:00,798.2719963092385,810.112866464629,798.2719963092385,807.1526489257812,2300
2021-04-27 00:00:00+09:00,807.1526489257812,807.1526489257812,804.1924313869337,807.1526489257812,800
2021-04-28 00:00:00+09:00,803.20556640625,803.20556640625,802.2188273811809,803.20556640625,400
2021-04-30 00:00:00+09:00,803.2055827322182,809.1260170029717,803.2055827322182,804.1923217773438,1600
2021-05-06 00:00:00+09:00,812.0863448238606,812.0863448238606,804.1924313869337,807.1526489257812,2900
2021-05-07 00:00:00+09:00,807.1526489257812,807.1526489257812,801.2322138480861,807.1526489257812,2000
2021-05-10 00:00:00+09:00,807.1526489257812,807.1526489257812,807.1526489257812,807.1526489257812,0
2021-05-11 00:00:00+09:00,804.192305431319,804.192305431319,803.20556640625,803.20556640625,500
2021-05-12 00:00:00+09:00,799.2585731732963,799.2585731732963,797.2850952148438,797.2850952148438,4100
2021-05-13 00:00:00+09:00,797.2850952148438,803.2055290902015,797.2850952148438,797.2850952148438,1500
2021-05-14 00:00:00+09:00,797.2851807537103,806.1658325195312,797.2851807537103,806.1658325195312,2800
2021-05-17 00:00:00+09:00,806.1658283904616,810.1127847106108,802.2188720703125,802.2188720703125,4900
2021-05-18 00:00:00+09:00,802.2188436870927,810.1127560480973,800.2453655968415,804.1923217773438,2200
2021-05-19 00:00:00+09:00,808.139277957846,808.139277957846,803.2055827322182,804.1923217773438,400
2021-05-20 00:00:00+09:00,804.1922771229464,807.1524940939511,804.1922771229464,805.1790161132812,2900
2021-05-21 00:00:00+09:00,805.17909343444,809.126049774805,804.1923543493488,806.1658325195312,2200
2021-05-24 00:00:00+09:00,810.11279296875,810.11279296875,806.1658366083664,810.11279296875,1800
2021-05-25 00:00:00+09:00,810.11279296875,814.0597493291338,807.1525756984622,810.11279296875,2300
2021-05-26 00:00:00+09:00,803.20560317621,809.1260375976562,803.20560317621,809.1260375976562,1500
2021-05-27 00:00:00+09:00,808.1392615315955,808.1392615315955,803.20556640625,803.20556640625,800
2021-05-28 00:00:00+09:00,810.1127560480973,812.0862341383483,803.2055827322182,804.1923217773438,1500
2021-05-31 00:00:00+09:00,804.1923260252117,809.1260212769002,804.1923260252117,808.1392822265625,1000
2021-06-01 00:00:00+09:00,809.1260212769002,809.1260212769002,808.1392822265625,808.1392822265625,300
2021-06-02 00:00:00+09:00,810.1127603272379,813.0729774782509,808.1392822265625,808.1392822265625,700
2021-06-03 00:00:00+09:00,813.0730143229167,821.9536661783854,809.1260579427084,814.0597534179688,4100
2021-06-04 00:00:00+09:00,828.8607865021008,828.8607865021008,815.0464400603992,821.95361328125,1500
2021-06-07 00:00:00+09:00,821.9536089373728,824.913826016379,818.0066528320312,818.0066528320312,2600
2021-06-08 00:00:00+09:00,824.9138424792922,824.9138424792922,818.993408203125,818.993408203125,1500
2021-06-09 00:00:00+09:00,824.9138630941243,828.8608193768713,819.9801677406905,823.9271240234375,2300
2021-06-10 00:00:00+09:00,848.5956092915925,848.5956092915925,825.9006104384453,831.821044921875,3100
2021-06-11 00:00:00+09:00,833.7945312061948,833.7945312061948,820.9669230337919,824.9138793945312,3100
2021-06-14 00:00:00+09:00,824.9139163698799,824.9139163698799,809.1260902192602,816.0332641601562,3900
2021-06-15 00:00:00+09:00,825.9006184847161,825.9006184847161,811.0995321319434,824.9138793945312,600
2021-06-16 00:00:00+09:00,818.9934366567123,819.9801757370216,817.0199584960938,817.0199584960938,800
2021-06-17 00:00:00+09:00,821.9536253412086,821.9536253412086,818.993408203125,818.993408203125,600
2021-06-18 00:00:00+09:00,818.9934447796134,818.9934447796134,810.11279296875,810.11279296875,400
2021-06-21 00:00:00+09:00,810.112748269037,822.9403557324931,810.112748269037,811.0994873046875,1500
2021-06-22 00:00:00+09:00,831.8210158014872,831.8210158014872,817.0199301110692,818.993408203125,600
2021-06-23 00:00:00+09:00,819.9802123145233,822.9404296875,812.086299319919,822.9404296875,2500
2021-06-24 00:00:00+09:00,822.9403643872364,822.9403643872364,818.993408203125,818.993408203125,300
2021-06-25 00:00:00+09:00,813.0730143229167,814.0597534179688,812.0862752278646,814.0597534179688,1500
2021-06-28 00:00:00+09:00,821.9536089373728,822.9403479637082,814.0596967266897,818.0066528320312,2100
2021-06-29 00:00:00+09:00,832.8077548475151,832.8077548475151,818.0066691570971,818.993408203125,500
2021-06-30 00:00:00+09:00,818.993408203125,818.993408203125,818.993408203125,818.993408203125,100
2021-07-01 00:00:00+09:00,819.9802206978112,821.9536989666386,816.0332641601562,816.0332641601562,1200
2021-07-02 00:00:00+09:00,815.0464477539062,815.0464477539062,815.0464477539062,815.0464477539062,200
2021-07-05 00:00:00+09:00,816.0331747793605,818.9933918583666,815.0464357530251,818.0066528320312,1300
2021-07-06 00:00:00+09:00,822.9403643872364,822.9403643872364,818.993408203125,818.993408203125,1500
2021-07-07 00:00:00+09:00,820.9668742496998,822.9403523128001,818.9933961865996,821.95361328125,1700
2021-07-08 00:00:00+09:00,820.966832472661,820.966832472661,812.086181640625,812.086181640625,1100
2021-07-09 00:00:00+09:00,811.0996056442448,811.0996056442448,800.2454746684703,807.1526489257812,4100
2021-07-12 00:00:00+09:00,809.125964696613,812.086181640625,809.125964696613,812.086181640625,200
2021-07-13 00:00:00+09:00,814.0597493291338,814.0597493291338,810.11279296875,810.11279296875,400
2021-07-14 00:00:00+09:00,834.7812285711922,834.7812285711922,815.0464477539062,815.0464477539062,2500
2021-07-15 00:00:00+09:00,817.02000329457,818.0067424289837,816.0332641601562,816.0332641601562,500
2021-07-16 00:00:00+09:00,814.0597534179688,814.0597534179688,814.0597534179688,814.0597534179688,1000
2021-07-19 00:00:00+09:00,810.1127110649558,810.1127110649558,804.1922771229464,805.1790161132812,1900
2021-07-20 00:00:00+09:00,805.1790813166921,811.0995157381384,805.1790813166921,809.1260375976562,2100
2021-07-21 00:00:00+09:00,819.9801797108084,820.9669187958997,806.1658325195312,806.1658325195312,1600
2021-07-26 00:00:00+09:00,818.0067799015559,818.0067799015559,807.1526489257812,807.1526489257812,1000
2021-07-27 00:00:00+09:00,813.0729774782509,813.0729774782509,808.1392822265625,808.1392822265625,800
2021-07-28 00:00:00+09:00,808.1393106897137,815.0464842853523,806.1658325195312,806.1658325195312,800
2021-07-29 00:00:00+09:00,809.1260902192602,816.0332641601562,809.1260902192602,816.0332641601562,200
2021-07-30 00:00:00+09:00,813.0729206219623,813.0729206219623,808.1392257152756,812.086181640625,300
2021-08-02 00:00:00+09:00,812.0862589715754,813.072998046875,812.0862589715754,813.072998046875,1200
2021-08-03 00:00:00+09:00,807.1524867339383,812.086181640625,807.1524867339383,812.086181640625,800
2021-08-04 00:00:00+09:00,812.086181640625,812.086181640625,812.086181640625,812.086181640625,0
2021-08-05 00:00:00+09:00,812.0862548083794,812.0862548083794,809.1260375976562,809.1260375976562,300
2021-08-06 00:00:00+09:00,809.1260456305735,809.1260456305735,802.2188720703125,802.2188720703125,4100
2021-08-10 00:00:00+09:00,809.126029179014,809.126029179014,801.2321166992188,801.2321166992188,2100
2021-08-11 00:00:00+09:00,802.2189530277019,810.112866464629,802.2189530277019,807.1526489257812,6600
2021-08-12 00:00:00+09:00,808.1392822265625,808.1392822265625,808.1392822265625,808.1392822265625,300
2021-08-13 00:00:00+09:00,808.1393147885582,810.11279296875,805.1790975182704,810.11279296875,300
2021-08-16 00:00:00+09:00,810.1127560480973,810.1127560480973,804.1923217773438,804.1923217773438,700
2021-08-17 00:00:00+09:00,804.1923502303871,809.1260456305735,802.2188720703125,802.2188720703125,3400
2021-08-18 00:00:00+09:00,809.126029179014,809.126029179014,801.2321166992188,801.2321166992188,1000
2021-08-19 00:00:00+09:00,800.2454060872396,800.2454060872396,799.2586669921875,799.2586669921875,2500
2021-08-20 00:00:00+09:00,799.2585748832397,812.086181640625,799.2585748832397,812.086181640625,1100
2021-08-23 00:00:00+09:00,808.1392985274152,809.1260375976562,803.20560317621,809.1260375976562,2300
2021-08-24 00:00:00+09:00,811.099532058846,811.099532058846,810.11279296875,810.11279296875,200
2021-08-25 00:00:00+09:00,822.9403679816278,822.9403679816278,806.1658041258871,808.1392822265625,3400
2021-08-26 00:00:00+09:00,804.1922771229464,808.139233084286,804.1922771229464,805.1790161132812,1500
2021-08-27 00:00:00+09:00,809.1259720746209,809.1259720746209,805.1790161132812,805.1790161132812,1000
2021-08-30 00:00:00+09:00,806.1658283904616,808.1393065505362,802.2188720703125,802.2188720703125,2400
2021-08-31 00:00:00+09:00,807.1525389127205,807.1525389127205,804.1923217773438,804.1923217773438,200
2021-09-01 00:00:00+09:00,804.1923422464511,818.9934283000667,804.1923422464511,809.1260375976562,1900
2021-09-02 00:00:00+09:00,814.0596596032997,814.0596596032997,804.1922697899264,812.086181640625,2200
2021-09-03 00:00:00+09:00,808.1393881053972,818.9935190811717,804.1924313869337,807.1526489257812,3400
2021-09-06 00:00:00+09:00,808.1392985274152,819.9801673703078,808.1392985274152,809.1260375976562,4600
2021-09-07 00:00:00+09:00,809.1260375976562,809.1260375976562,809.1260375976562,809.1260375976562,1700
2021-09-08 00:00:00+09:00,817.0199665994214,817.0199665994214,810.11279296875,810.11279296875,900
2021-09-09 00:00:00+09:00,814.0597371221746,814.0597371221746,813.072998046875,813.072998046875,300
2021-09-10 00:00:00+09:00,810.1127970377604,814.0597534179688,810.1127970377604,814.0597534179688,700
2021-09-13 00:00:00+09:00,814.0596848267775,820.9668579101562,812.0862068029551,820.9668579101562,1400
2021-09-14 00:00:00+09:00,819.980130884702,819.980130884702,811.0994796476836,818.0066528320312,1900
2021-09-15 00:00:00+09:00,814.0597534179688,814.0597534179688,814.0597534179688,814.0597534179688,800
2021-09-16 00:00:00+09:00,809.1260212769002,810.1127603272379,808.1392822265625,808.1392822265625,2400
2021-09-17 00:00:00+09:00,808.1392822265625,811.0994993775755,808.1392822265625,808.1392822265625,1900
2021-09-21 00:00:00+09:00,808.1392701977361,811.0994873046875,807.1525311620856,811.0994873046875,2300
2021-09-22 00:00:00+09:00,810.1127603272379,816.033194629264,808.1392822265625,808.1392822265625,600
2021-09-24 00:00:00+09:00,810.1127406213482,818.0066528320312,810.1127406213482,818.0066528320312,1400
2021-09-27 00:00:00+09:00,818.006697576403,818.006697576403,815.0464803354752,817.0199584960938,600
2021-09-28 00:00:00+09:00,817.0199258356349,817.0199258356349,813.0729696721777,815.0464477539062,700
2021-09-29 00:00:00+09:00,818.006693423373,818.006693423373,813.072998046875,813.072998046875,1900
2021-09-30 00:00:00+09:00,817.0199138056959,823.9270869900436,814.0596967266897,818.0066528320312,5400
2021-10-01 00:00:00+09:00,819.9801429582277,819.9801429582277,810.1127525495848,815.0464477539062,3500
2021-10-04 00:00:00+09:00,815.0465250257425,819.9802206978112,815.0465250257425,816.0332641601562,700
2021-10-05 00:00:00+09:00,813.0730143229167,818.9934488932291,810.1127970377604,814.0597534179688,4400
2021-10-06 00:00:00+09:00,815.0464520190136,819.9801472491529,811.0994958349021,818.993408203125,1800
2021-10-07 00:00:00+09:00,818.9934324986726,818.9934324986726,813.072998046875,813.072998046875,900
2021-10-08 00:00:00+09:00,814.0596596032997,818.9933545099864,812.086181640625,812.086181640625,1600
2021-10-11 00:00:00+09:00,813.0730143229167,817.0199707031251,812.0862752278646,814.0597534179688,1700
2021-10-12 00:00:00+09:00,816.0332110893436,816.0332110893436,808.1392985274152,809.1260375976562,4800
2021-10-13 00:00:00+09:00,809.1260375976562,811.0995157381384,809.1260375976562,809.1260375976562,1300
2021-10-14 00:00:00+09:00,810.1127970377604,815.0464925130209,810.1127970377604,814.0597534179688,900
2021-10-15 00:00:00+09:00,815.0464357530251,818.0066528320312,812.0862186740189,818.0066528320312,1600
2021-10-18 00:00:00+09:00,818.006697576403,818.006697576403,812.0862630945472,817.0199584960938,1700
2021-10-19 00:00:00+09:00,817.0199301110692,818.993408203125,817.0199301110692,818.993408203125,1600
2021-10-20 00:00:00+09:00,816.0331747793605,818.0066528320312,815.0464357530251,818.0066528320312,1200
2021-10-21 00:00:00+09:00,818.0067424289837,819.9802206978112,816.0332641601562,816.0332641601562,700
2021-10-22 00:00:00+09:00,818.0066528320312,818.0066528320312,818.0066528320312,818.0066528320312,400
2021-10-25 00:00:00+09:00,815.0464477539062,815.0464477539062,815.0464477539062,815.0464477539062,100
2021-10-26 00:00:00+09:00,818.0067340658723,822.9404296875,814.0597775685701,822.9404296875,2700
2021-10-27 00:00:00+09:00,822.9404381010523,822.9404381010523,815.0465250257425,816.0332641601562,300
2021-10-28 00:00:00+09:00,814.0597412551658,817.0199584960938,814.0597412551658,817.0199584960938,700
2021-10-29 00:00:00+09:00,819.9801715739723,819.9801715739723,812.0862589715754,813.072998046875,2300
2021-11-01 00:00:00+09:00,821.9536538976402,821.9536538976402,814.0597412551658,817.0199584960938,900
2021-11-02 00:00:00+09:00,817.0199584960938,817.0199584960938,817.0199584960938,817.0199584960938,1100
2021-11-04 00:00:00+09:00,820.9669026398917,820.9669026398917,816.033207311527,819.9801635742188,800
2021-11-05 00:00:00+09:00,819.9801879882813,821.9536661783854,814.0597534179688,814.0597534179688,2000
2021-11-08 00:00:00+09:00,814.0597534179688,814.0597534179688,814.0597534179688,814.0597534179688,0
2021-11-09 00:00:00+09:00,818.0066528320312,818.9933918583666,815.0464357530251,818.0066528320312,1400
2021-11-10 00:00:00+09:00,815.0464925130209,815.0464925130209,814.0597534179688,814.0597534179688,1100
2021-11-11 00:00:00+09:00,814.0596967266897,818.0066528320312,814.0596967266897,818.0066528320312,600
2021-11-12 00:00:00+09:00,817.0199584960938,817.0199584960938,817.0199584960938,817.0199584960938,100
2021-11-15 00:00:00+09:00,817.02000329457,817.02000329457,815.0465250257425,816.0332641601562,500
2021-11-16 00:00:00+09:00,816.0332641601562,816.0332641601562,816.0332641601562,816.0332641601562,300
2021-11-17 00:00:00+09:00,816.0332316080729,816.0332316080729,814.0597534179688,814.0597534179688,2000
2021-11-18 00:00:00+09:00,814.0597534179688,817.0199707031251,814.0597534179688,814.0597534179688,800
2021-11-19 00:00:00+09:00,814.0597371221746,814.0597371221746,813.072998046875,813.072998046875,1400
2021-11-22 00:00:00+09:00,812.086181640625,812.086181640625,812.086181640625,812.086181640625,400
2021-11-24 00:00:00+09:00,812.086181640625,812.086181640625,812.086181640625,812.086181640625,1300
2021-11-25 00:00:00+09:00,814.0596596032997,814.0596596032997,811.0994426592877,812.086181640625,600
2021-11-26 00:00:00+09:00,812.0862263403379,812.0862263403379,810.112748269037,811.0994873046875,2600
2021-11-29 00:00:00+09:00,808.1392593383789,828.8607788085938,808.1392593383789,828.8607788085938,6500
2021-11-30 00:00:00+09:00,822.9403104353357,826.887266360685,810.1127036779503,812.086181640625,1600
2021-12-01 00:00:00+09:00,812.086181640625,813.0729206219623,806.1657477526011,812.086181640625,2000
2021-12-02 00:00:00+09:00,813.0730102390378,813.0730102390378,810.11279296875,810.11279296875,600
2021-12-03 00:00:00+09:00,814.0597534179688,814.0597534179688,814.0597534179688,814.0597534179688,200
2021-12-06 00:00:00+09:00,814.0596596032997,814.0596596032997,812.086181640625,812.086181640625,400
2021-12-07 00:00:00+09:00,818.0066528320312,818.0066528320312,818.0066528320312,818.0066528320312,300
2021-12-08 00:00:00+09:00,818.0066691570971,818.993408203125,818.0066691570971,818.993408203125,1900
2021-12-09 00:00:00+09:00,818.9934366567123,818.9934366567123,814.0597412551658,817.0199584960938,600
2021-12-10 00:00:00+09:00,812.0862306313134,815.0464477539062,812.0862306313134,815.0464477539062,500
2021-12-13 00:00:00+09:00,814.0597412551658,818.006697576403,814.0597412551658,817.0199584960938,1400
2021-12-14 00:00:00+09:00,818.0067097981771,818.0067097981771,814.0597534179688,814.0597534179688,1500
2021-12-15 00:00:00+09:00,814.0597044116389,814.0597044116389,810.112748269037,811.0994873046875,3700
2021-12-16 00:00:00+09:00,811.0994873046875,811.0994873046875,811.0994873046875,811.0994873046875,100
2021-12-17 00:00:00+09:00,814.0597371221746,815.0464761974742,813.072998046875,813.072998046875,1200
2021-12-20 00:00:00+09:00,812.086181640625,812.086181640625,809.125964696613,812.086181640625,1300
2021-12-21 00:00:00+09:00,812.0862711489418,812.0862711489418,810.11279296875,810.11279296875,800
2021-12-22 00:00:00+09:00,811.0994873046875,814.0597044116389,809.1260092333865,811.0994873046875,1300
2021-12-23 00:00:00+09:00,814.059708713042,815.0464477539062,812.0862306313134,815.0464477539062,2200
2021-12-24 00:00:00+09:00,815.0465250257425,816.0332641601562,811.0995684880876,816.0332641601562,1100
2021-12-27 00:00:00+09:00,816.0332316080729,816.0332316080729,813.0730143229167,814.0597534179688,1400
2021-12-28 00:00:00+09:00,811.0995119831623,819.9801635742188,805.1790775891245,819.9801635742188,4100
2021-12-29 00:00:00+09:00,828.8608644334532,828.8608644334532,812.086299319919,822.9404296875,2100
2021-12-30 00:00:00+09:00,822.9403849527507,823.9271240234375,819.9801677406905,823.9271240234375,2500
2022-01-04 00:00:00+09:00,826.8873412354977,826.8873412354977,818.0066895993169,823.9271240234375,1700
2022-01-05 00:00:00+09:00,824.9138589025835,824.9138589025835,818.9934245085458,819.9801635742188,2700
2022-01-06 00:00:00+09:00,818.006697576403,818.006697576403,817.0199584960938,817.0199584960938,800
2022-01-07 00:00:00+09:00,818.9933961865996,823.9270913443502,818.9933961865996,821.95361328125,2600
2022-01-11 00:00:00+09:00,822.9404296875,822.9404296875,818.9934731901978,822.9404296875,900
2022-01-12 00:00:00+09:00,817.0199584960938,817.0199584960938,817.0199584960938,817.0199584960938,1000
2022-01-13 00:00:00+09:00,822.9403600808206,822.9403600808206,815.0464477539062,815.0464477539062,500
2022-01-14 00:00:00+09:00,815.0464520190136,818.993408203125,814.0597129729857,818.993408203125,1100
2022-01-17 00:00:00+09:00,814.0597371221746,815.0464761974742,813.072998046875,813.072998046875,700
2022-01-18 00:00:00+09:00,817.0199584960938,817.0199584960938,817.0199584960938,817.0199584960938,200
2022-01-19 00:00:00+09:00,814.0596967266897,818.0066528320312,809.1260015950128,818.0066528320312,2000
2022-01-20 00:00:00+09:00,809.1260177428463,818.993408203125,809.1260177428463,818.993408203125,1000
2022-01-21 00:00:00+09:00,810.11279296875,810.11279296875,810.11279296875,810.11279296875,500
2022-01-24 00:00:00+09:00,817.0199215185903,817.0199215185903,811.0994873046875,811.0994873046875,200
2022-01-25 00:00:00+09:00,810.11279296875,810.11279296875,809.1260538786541,810.11279296875,1500
2022-01-26 00:00:00+09:00,813.0730102390378,814.0597493291338,809.1260538786541,810.11279296875,1100
2022-01-27 00:00:00+09:00,808.139302670377,813.072998046875,808.139302670377,813.072998046875,1500
2022-01-28 00:00:00+09:00,808.1393881053972,813.0730840034765,807.1526489257812,807.1526489257812,1100
2022-01-31 00:00:00+09:00,809.1260538786541,812.0862711489418,809.1260538786541,810.11279296875,600
2022-02-01 00:00:00+09:00,809.1260375976562,811.0995157381384,809.1260375976562,809.1260375976562,2300
2022-02-02 00:00:00+09:00,811.0994873046875,811.0994873046875,811.0994873046875,811.0994873046875,300
2022-02-03 00:00:00+09:00,810.1127036779503,814.0596596032997,810.1127036779503,812.086181640625,2200
2022-02-04 00:00:00+09:00,822.9403849527507,823.9271240234375,812.0862551751965,823.9271240234375,3300
2022-02-07 00:00:00+09:00,823.9271198369106,823.9271198369106,819.9801635742188,819.9801635742188,600
2022-02-08 00:00:00+09:00,819.9802206978112,819.9802206978112,815.0465250257425,816.0332641601562,700
2022-02-09 00:00:00+09:00,817.0199301110692,819.9801472491529,817.0199301110692,818.993408203125,400
2022-02-10 00:00:00+09:00,820.9668579101562,823.92707494589,820.9668579101562,820.9668579101562,1900
2022-02-14 00:00:00+09:00,821.9535894200685,828.8607624404052,821.9535894200685,827.8740234375,900
2022-02-15 00:00:00+09:00,827.8740397862026,828.8607788085938,822.9403446742467,828.8607788085938,1900
2022-02-16 00:00:00+09:00,828.8608072139767,828.8608072139767,826.8873291015625,826.8873291015625,800
2022-02-17 00:00:00+09:00,826.8873084390005,826.8873084390005,820.9668742496998,821.95361328125,900
2022-02-18 00:00:00+09:00,827.8740397862026,828.8607788085938,827.8740397862026,828.8607788085938,400
2022-02-21 00:00:00+09:00,823.9271240234375,823.9271240234375,823.9271240234375,823.9271240234375,2300
2022-02-22 00:00:00+09:00,820.9668785468937,826.8873127671837,818.0066614367486,825.9005737304688,1600
2022-02-24 00:00:00+09:00,834.7812250609039,835.7679640976189,819.9801395101787,825.9005737304688,12600
2022-02-25 00:00:00+09:00,826.8873007638114,828.8607788085938,825.9005617414202,828.8607788085938,1000
2022-02-28 00:00:00+09:00,828.8608723185125,838.7282636556376,828.8608723185125,830.8343505859375,3100
2022-03-01 00:00:00+09:00,831.821044921875,833.7945230830182,831.821044921875,831.821044921875,700
2022-03-02 00:00:00+09:00,828.8607788085938,830.8342568533761,826.8873007638114,828.8607788085938,2900
2022-03-03 00:00:00+09:00,830.8342492690193,835.7679443359375,830.8342492690193,835.7679443359375,4000
2022-03-04 00:00:00+09:00,833.7944574549315,833.7944574549315,827.8740234375,827.8740234375,1300
2022-03-07 00:00:00+09:00,827.8740397862026,828.8607788085938,821.9536056518555,828.8607788085938,2100
2022-03-08 00:00:00+09:00,823.9271240234375,823.9271240234375,823.9271240234375,823.9271240234375,1100
2022-03-09 00:00:00+09:00,823.927067425879,827.8740234375,821.9535894200685,827.8740234375,1000
2022-03-10 00:00:00+09:00,827.8740966650857,827.8740966650857,823.9271403043464,824.9138793945312,1200
2022-03-11 00:00:00+09:00,826.8873861848022,826.8873861848022,822.9404296875,822.9404296875,1100
2022-03-14 00:00:00+09:00,822.9404012141615,824.9138793945312,821.9536621239766,824.9138793945312,1400
2022-03-15 00:00:00+09:00,824.9138346937538,825.9005737304688,821.9536175836087,825.9005737304688,1200
2022-03-16 00:00:00+09:00,827.8740234375,829.8475014433104,821.9535894200685,827.8740234375,3100
2022-03-17 00:00:00+09:00,828.8608723185125,830.8343505859375,821.9536983825249,830.8343505859375,2200
2022-03-18 00:00:00+09:00,824.9139157836624,830.8343505859375,824.9139157836624,830.8343505859375,3200
2022-03-22 00:00:00+09:00,832.8077348981585,833.7944739205496,828.8607788085938,828.8607788085938,5600
2022-03-23 00:00:00+09:00,830.8343383066754,833.7945556640625,830.8343383066754,833.7945556640625,3300
2022-03-24 00:00:00+09:00,826.887381830159,833.7945556640625,826.887381830159,833.7945556640625,2600
2022-03-25 00:00:00+09:00,836.7546833493212,836.7546833493212,832.8077272957867,835.7679443359375,2800
2022-03-28 00:00:00+09:00,838.7282104492188,838.7282104492188,832.8077760225184,838.7282104492188,6600
2022-03-29 00:00:00+09:00,838.7281375361774,851.5557443455543,831.8209646388207,841.6883544921875,12800
2022-03-30 00:00:00+09:00,803.0697430621136,815.9426242702609,802.0795214307177,810.9915161132812,10000
2022-03-31 00:00:00+09:00,810.0013403710697,810.0013403710697,805.0502319335938,805.0502319335938,3600
2022-04-01 00:00:00+09:00,811.9817504882812,811.9817504882812,811.9817504882812,811.9817504882812,500
2022-04-04 00:00:00+09:00,815.9426498506015,815.9426498506015,809.0110982135211,812.9719848632812,2300
2022-04-05 00:00:00+09:00,812.9719848632812,812.9719848632812,812.9719848632812,812.9719848632812,300
2022-04-06 00:00:00+09:00,812.9719721352182,821.8839669576505,809.0110855474704,811.9817504882812,2300
2022-04-07 00:00:00+09:00,811.9817121638807,811.9817121638807,809.0110473632812,809.0110473632812,1500
2022-04-08 00:00:00+09:00,809.0110345728257,809.0110345728257,808.0208129882812,808.0208129882812,1000
2022-04-11 00:00:00+09:00,808.0208229102525,808.0208229102525,804.0599365234375,804.0599365234375,2400
2022-04-12 00:00:00+09:00,804.0600102460985,805.0502319335938,804.0600102460985,805.0502319335938,1700
2022-04-13 00:00:00+09:00,804.0600102460985,806.0404536210889,804.0600102460985,805.0502319335938,500
2022-04-14 00:00:00+09:00,810.9915620585649,810.9915620585649,805.0502319335938,805.0502319335938,300
2022-04-15 00:00:00+09:00,803.0697050655589,808.0208129882812,803.0697050655589,808.0208129882812,2800
2022-04-18 00:00:00+09:00,808.0208129882812,808.0208129882812,808.0208129882812,808.0208129882812,2000
2022-04-19 00:00:00+09:00,810.0013403710697,810.0013403710697,804.0600102460985,805.0502319335938,700
2022-04-20 00:00:00+09:00,811.9817504882812,811.9817504882812,811.9817504882812,811.9817504882812,800
2022-04-21 00:00:00+09:00,811.9817377446772,811.9817377446772,804.0599646935096,810.9915161132812,1400
2022-04-22 00:00:00+09:00,810.9915161132812,810.9915161132812,810.9915161132812,810.9915161132812,0
2022-04-25 00:00:00+09:00,807.0306396484375,807.0306396484375,807.0306396484375,807.0306396484375,900
2022-04-26 00:00:00+09:00,807.0306422535966,811.9817504882812,807.0306422535966,811.9817504882812,1300
2022-04-27 00:00:00+09:00,805.0502319335938,805.0502319335938,805.0502319335938,805.0502319335938,600
2022-04-28 00:00:00+09:00,811.9817504882812,811.9817504882812,805.0501989597228,811.9817504882812,1500
2022-05-02 00:00:00+09:00,811.9817121638807,811.9817121638807,809.0110473632812,809.0110473632812,700
2022-05-06 00:00:00+09:00,810.9915161132812,810.9915161132812,810.9915161132812,810.9915161132812,200
2022-05-09 00:00:00+09:00,811.9817249699153,811.9817249699153,810.0012817382812,810.0012817382812,600
2022-05-10 00:00:00+09:00,810.0012944818852,810.9915161132812,810.0012944818852,810.9915161132812,1000
2022-05-11 00:00:00+09:00,810.9915033540982,810.9915033540982,810.0012817382812,810.0012817382812,200
2022-05-12 00:00:00+09:00,810.9915620585649,810.9915620585649,805.0502319335938,805.0502319335938,2000
2022-05-13 00:00:00+09:00,810.001353120921,810.001353120921,806.0404663085938,806.0404663085938,900
2022-05-16 00:00:00+09:00,806.0404180046971,807.0306396484375,806.0404180046971,807.0306396484375,400
2022-05-17 00:00:00+09:00,806.0404663085938,806.0404663085938,806.0404663085938,806.0404663085938,300
2022-05-18 00:00:00+09:00,807.0306396484375,807.0306396484375,807.0306396484375,807.0306396484375,400
2022-05-19 00:00:00+09:00,807.0306396484375,807.0306396484375,807.0306396484375,807.0306396484375,0
2022-05-20 00:00:00+09:00,806.0404663085938,806.0404663085938,806.0404663085938,806.0404663085938,200
2022-05-23 00:00:00+09:00,805.0502319335938,805.0502319335938,805.0502319335938,805.0502319335938,200
2022-05-24 00:00:00+09:00,807.0306041628816,809.0110473632812,807.0306041628816,809.0110473632812,300
2022-05-25 00:00:00+09:00,809.0110345728257,809.0110345728257,808.0208129882812,808.0208129882812,700
2022-05-26 00:00:00+09:00,808.0208257630813,809.0110473632812,808.0208257630813,809.0110473632812,500
2022-05-27 00:00:00+09:00,808.0208257630813,809.0110473632812,808.0208257630813,809.0110473632812,600
2022-05-30 00:00:00+09:00,810.0012817382812,810.0012817382812,805.0501736591964,810.0012817382812,1600
2022-05-31 00:00:00+09:00,809.0110473632812,810.9914905636809,809.0110473632812,809.0110473632812,400
2022-06-01 00:00:00+09:00,811.9817377446772,811.9817377446772,806.0404079563015,810.9915161132812,2700
2022-06-02 00:00:00+09:00,814.9523898173661,814.9523898173661,809.0110601224643,810.0012817382812,700
2022-06-03 00:00:00+09:00,810.0012844822677,817.9230574356394,809.0110628630962,814.952392578125,900
2022-06-06 00:00:00+09:00,814.9524154290921,814.9524154290921,810.0013071944074,811.9817504882812,1100
2022-06-07 00:00:00+09:00,811.981714995818,813.962158203125,811.981714995818,813.962158203125,1100
2022-06-08 00:00:00+09:00,813.9621709589535,814.952392578125,813.9621709589535,814.952392578125,200
2022-06-09 00:00:00+09:00,811.981714995818,813.962158203125,811.981714995818,813.962158203125,1500
2022-06-10 00:00:00+09:00,813.962158203125,813.962158203125,813.962158203125,813.962158203125,0
2022-06-13 00:00:00+09:00,811.9817404145176,815.942626953125,811.9817404145176,815.942626953125,600
2022-06-14 00:00:00+09:00,811.981714995818,815.9426014104318,805.050163770244,813.962158203125,1400
2022-06-15 00:00:00+09:00,805.0502446055119,806.0404663085938,805.0502446055119,806.0404663085938,1300
2022-06-16 00:00:00+09:00,805.0501963609566,807.0306396484375,804.0599747172163,807.0306396484375,1700
2022-06-17 00:00:00+09:00,805.0501482346478,808.0208129882812,803.0697050655589,808.0208129882812,2200
2022-06-20 00:00:00+09:00,812.9719209110035,812.9719209110035,807.0305914037368,808.0208129882812,2000
2022-06-21 00:00:00+09:00,813.962142495548,813.962142495548,806.0403698191923,808.0208129882812,500
2022-06-22 00:00:00+09:00,806.0404079563015,810.9915161132812,805.0501863249056,810.9915161132812,1200
2022-06-23 00:00:00+09:00,805.050163770244,813.962158203125,805.050163770244,813.962158203125,400
2022-06-24 00:00:00+09:00,815.942637076029,815.942637076029,809.0110855474704,811.9817504882812,500
2022-06-27 00:00:00+09:00,805.0501609624818,809.0110473632812,805.0501609624818,809.0110473632812,1700
2022-06-28 00:00:00+09:00,808.0208612921779,812.97196951088,807.0306396484375,807.0306396484375,1000
2022-06-29 00:00:00+09:00,807.0306396484375,807.0306396484375,807.0306396484375,807.0306396484375,1300
2022-06-30 00:00:00+09:00,812.9719593760731,813.9621810074691,810.9915161132812,810.9915161132812,1600
2022-07-01 00:00:00+09:00,810.9915187798657,815.942626953125,810.9915187798657,815.942626953125,1500
2022-07-04 00:00:00+09:00,815.9426498506015,815.9426498506015,807.0306548886409,812.9719848632812,1200
2022-07-05 00:00:00+09:00,814.952392578125,814.952392578125,813.9621709589535,814.952392578125,300
2022-07-06 00:00:00+09:00,817.9230574356394,817.9230574356394,814.952392578125,814.952392578125,300
2022-07-07 00:00:00+09:00,808.0208129882812,808.0208129882812,808.0208129882812,808.0208129882812,200
2022-07-08 00:00:00+09:00,808.0208129882812,808.0208129882812,808.0208129882812,808.0208129882812,0
2022-07-11 00:00:00+09:00,814.9523640800925,814.9523640800925,808.0208129882812,808.0208129882812,1400
2022-07-12 00:00:00+09:00,808.0208129882812,808.0208129882812,808.0208129882812,808.0208129882812,600
2022-07-13 00:00:00+09:00,813.9622065257213,813.9622065257213,812.9719848632812,812.9719848632812,300
2022-07-14 00:00:00+09:00,811.9817632008412,812.9719848632812,810.9915415384012,812.9719848632812,500
2022-07-15 00:00:00+09:00,810.9915161132812,810.9915161132812,809.0110728504893,810.9915161132812,500
2022-07-19 00:00:00+09:00,814.9523769644803,814.9523769644803,809.0110473632812,809.0110473632812,2100
2022-07-20 00:00:00+09:00,815.9425985646802,815.9425985646802,809.0110473632812,809.0110473632812,2500
2022-07-21 00:00:00+09:00,809.0110628630962,814.952392578125,809.0110628630962,814.952392578125,800
2022-07-22 00:00:00+09:00,814.9524053184732,815.942626953125,813.9621836838213,815.942626953125,1600
2022-07-25 00:00:00+09:00,810.9914905636809,811.9817121638807,809.0110473632812,809.0110473632812,1300
2022-07-26 00:00:00+09:00,810.0012817382812,813.9621682015492,810.0012817382812,810.0012817382812,1200
2022-07-27 00:00:00+09:00,809.0110473632812,809.0110473632812,809.0110473632812,809.0110473632812,100
2022-07-28 00:00:00+09:00,813.9621810074691,813.9621810074691,810.9915161132812,810.9915161132812,600
2022-07-29 00:00:00+09:00,813.962158203125,813.962158203125,813.962158203125,813.962158203125,200
2022-08-01 00:00:00+09:00,814.9523798067784,814.9523798067784,813.962158203125,813.962158203125,900
2022-08-02 00:00:00+09:00,811.9817504882812,811.9817504882812,811.9817504882812,811.9817504882812,600
2022-08-03 00:00:00+09:00,810.9915161132812,810.9915161132812,810.9915161132812,810.9915161132812,200
2022-08-04 00:00:00+09:00,815.9426141972965,815.9426141972965,814.952392578125,814.952392578125,700
2022-08-05 00:00:00+09:00,814.952392578125,814.952392578125,814.952392578125,814.952392578125,600
2022-08-08 00:00:00+09:00,810.9915161132812,815.9426242702609,810.9915161132812,810.9915161132812,1500
2022-08-09 00:00:00+09:00,810.0012944818852,811.9817377446772,810.0012944818852,810.9915161132812,1400
2022-08-10 00:00:00+09:00,812.9719848632812,812.9719848632812,812.9719848632812,812.9719848632812,100
2022-08-12 00:00:00+09:00,812.9719493397821,814.952392578125,810.9915061014391,814.952392578125,700
2022-08-15 00:00:00+09:00,813.962158203125,813.962158203125,813.962158203125,813.962158203125,200
2022-08-16 00:00:00+09:00,810.9915161132812,813.9621810074691,810.9915161132812,810.9915161132812,700
2022-08-17 00:00:00+09:00,812.9719493397821,814.952392578125,811.9817277206106,814.952392578125,1500
2022-08-18 00:00:00+09:00,814.9524559721278,821.8840078455239,811.9817908835296,819.903564453125,3600
2022-08-19 00:00:00+09:00,819.903564453125,819.903564453125,819.903564453125,819.903564453125,0
2022-08-22 00:00:00+09:00,817.923095703125,817.923095703125,817.923095703125,817.923095703125,400
2022-08-23 00:00:00+09:00,817.923095703125,817.923095703125,817.923095703125,817.923095703125,0
2022-08-24 00:00:00+09:00,816.9328230140853,816.9328230140853,811.981714995818,813.962158203125,2400
2022-08-25 00:00:00+09:00,811.9817632008412,816.9328715130415,811.9817632008412,812.9719848632812,1600
2022-08-26 00:00:00+09:00,812.9719848632812,812.9719848632812,812.9719848632812,812.9719848632812,200
2022-08-29 00:00:00+09:00,811.9817377446772,812.9719593760731,810.9915161132812,810.9915161132812,2400
2022-08-30 00:00:00+09:00,810.0013071944074,811.9817504882812,810.0013071944074,811.9817504882812,700
2022-08-31 00:00:00+09:00,811.9817504882812,811.9817504882812,811.9817504882812,811.9817504882812,100
2022-09-01 00:00:00+09:00,811.9817504882812,811.9817504882812,811.9817504882812,811.9817504882812,300
2022-09-02 00:00:00+09:00,816.932861328125,816.932861328125,810.9915314275569,816.932861328125,2400
2022-09-05 00:00:00+09:00,816.9328587229659,816.9328587229659,811.9817504882812,811.9817504882812,1300
2022-09-06 00:00:00+09:00,811.9817504882812,811.9817504882812,811.9817504882812,811.9817504882812,100
2022-09-07 00:00:00+09:00,810.9915161132812,810.9915161132812,810.9915161132812,810.9915161132812,2400
2022-09-08 00:00:00+09:00,810.0013071944074,811.9817504882812,809.0110855474704,811.9817504882812,1900
2022-09-09 00:00:00+09:00,812.9719593760731,812.9719593760731,810.9915161132812,810.9915161132812,900
2022-09-12 00:00:00+09:00,812.9719848632812,812.9719848632812,812.9719848632812,812.9719848632812,100
2022-09-13 00:00:00+09:00,812.9719848632812,812.9719848632812,812.9719848632812,812.9719848632812,100
2022-09-14 00:00:00+09:00,812.9719721352182,812.9719721352182,811.9817504882812,811.9817504882812,600
2022-09-15 00:00:00+09:00,813.9621682015492,813.9621682015492,810.0012817382812,810.0012817382812,1900
2022-09-16 00:00:00+09:00,811.9817632008412,812.9719848632812,811.9817632008412,812.9719848632812,400
2022-09-20 00:00:00+09:00,812.9719848632812,812.9719848632812,811.9817632008412,812.9719848632812,1400
2022-09-21 00:00:00+09:00,810.9915415384012,812.9719848632812,810.9915415384012,812.9719848632812,300
2022-09-22 00:00:00+09:00,812.9719848632812,812.9719848632812,812.9719848632812,812.9719848632812,100
2022-09-26 00:00:00+09:00,811.9817632008412,812.9719848632812,811.9817632008412,812.9719848632812,600
2022-09-27 00:00:00+09:00,811.9817277206106,814.952392578125,811.9817277206106,814.952392578125,1200
2022-09-28 00:00:00+09:00,816.9328485877769,816.9328485877769,810.0012971452139,815.942626953125,1600
2022-09-29 00:00:00+09:00,815.942626953125,815.942626953125,810.9915187798657,815.942626953125,1100
2022-09-30 00:00:00+09:00,812.9719848632812,812.9719848632812,812.9719848632812,812.9719848632812,100
2022-10-03 00:00:00+09:00,812.9719848632812,814.9524281881614,812.9719848632812,812.9719848632812,400
2022-10-04 00:00:00+09:00,813.9621709589535,814.952392578125,812.9719493397821,814.952392578125,1000
2022-10-05 00:00:00+09:00,815.9426396780303,818.9133046283144,815.9426396780303,816.932861328125,1800
2022-10-06 00:00:00+09:00,816.9328993645267,819.903564453125,816.9328993645267,819.903564453125,300
2022-10-07 00:00:00+09:00,819.9035006739824,819.9035006739824,814.952392578125,814.952392578125,1100
2022-10-11 00:00:00+09:00,814.952392578125,814.952392578125,814.952392578125,814.952392578125,200
2022-10-12 00:00:00+09:00,818.9133427569255,819.903564453125,818.9133427569255,819.903564453125,900
2022-10-13 00:00:00+09:00,819.903564453125,819.903564453125,813.9622342759285,819.903564453125,2200
2022-10-14 00:00:00+09:00,819.9035517589933,819.9035517589933,817.9231083972567,818.913330078125,1300
2022-10-17 00:00:00+09:00,818.913330078125,818.913330078125,817.9231083972567,818.913330078125,600
2022-10-18 00:00:00+09:00,818.9133427569255,819.903564453125,816.9328993645267,819.903564453125,2200
2022-10-19 00:00:00+09:00,821.8840078455239,821.8840078455239,819.903564453125,819.903564453125,2100
2022-10-20 00:00:00+09:00,819.9035161551003,820.8937377929688,819.9035161551003,820.8937377929688,300
2022-10-21 00:00:00+09:00,822.8741455078125,822.8741455078125,822.8741455078125,822.8741455078125,1400
2022-10-24 00:00:00+09:00,822.8741526360059,822.8741526360059,812.9719365994715,813.962158203125,1900
2022-10-25 00:00:00+09:00,812.9719295570566,822.8741455078125,811.981707961981,822.8741455078125,1300
2022-10-26 00:00:00+09:00,821.8839567610361,821.8839567610361,811.9817404145176,815.942626953125,2200
2022-10-27 00:00:00+09:00,815.942581654744,821.8839111328125,815.942581654744,821.8839111328125,700
2022-10-28 00:00:00+09:00,821.8840078455239,821.8840078455239,819.903564453125,819.903564453125,700
2022-10-31 00:00:00+09:00,821.8839951207301,821.8839951207301,818.913330078125,818.913330078125,800
2022-11-01 00:00:00+09:00,822.8741810687058,823.8644027065742,818.9132945172319,820.8937377929688,1200
2022-11-02 00:00:00+09:00,817.9230829782197,823.8644128787879,816.932861328125,816.932861328125,2600
2022-11-04 00:00:00+09:00,816.9328512414949,824.8546243444426,816.9328512414949,820.8937377929688,2400
2022-11-07 00:00:00+09:00,815.9426296036264,820.8937377929688,815.9426296036264,820.8937377929688,1500
2022-11-08 00:00:00+09:00,835.7470726799243,835.7470726799243,816.932861328125,816.932861328125,3500
2022-11-09 00:00:00+09:00,816.932861328125,816.932861328125,816.932861328125,816.932861328125,500
2022-11-10 00:00:00+09:00,817.9230248141001,826.8350190312029,817.9230248141001,821.8839111328125,2300
2022-11-11 00:00:00+09:00,818.9132463937782,826.8350190312029,817.9230248141001,821.8839111328125,1300
2022-11-14 00:00:00+09:00,821.8839111328125,821.8839111328125,821.8839111328125,821.8839111328125,600
2022-11-15 00:00:00+09:00,822.8741327124906,822.8741327124906,821.8839111328125,821.8839111328125,300
2022-11-16 00:00:00+09:00,821.8839111328125,821.8839111328125,821.8839111328125,821.8839111328125,100
2022-11-17 00:00:00+09:00,821.8839975503774,823.8644409179688,821.8839975503774,823.8644409179688,600
2022-11-18 00:00:00+09:00,826.8350318881148,826.8350318881148,822.8741455078125,822.8741455078125,900
2022-11-21 00:00:00+09:00,822.8741963826253,826.8350830078125,821.8839747263286,826.8350830078125,1100
2022-11-22 00:00:00+09:00,821.8839111328125,821.8839111328125,818.9132463937782,821.8839111328125,1200
2022-11-24 00:00:00+09:00,825.8448358835722,826.8350575093318,824.8546142578125,824.8546142578125,1100
2022-11-25 00:00:00+09:00,824.8546269917659,825.8448486328125,824.8546269917659,825.8448486328125,200
2022-11-28 00:00:00+09:00,826.835047495123,828.8154907226562,823.8643826538232,828.8154907226562,3400
2022-11-29 00:00:00+09:00,823.8643826538232,830.7959339501895,823.8643826538232,828.8154907226562,3400
2022-11-30 00:00:00+09:00,843.6688794931154,843.6688794931154,833.7666625976562,833.7666625976562,4300
2022-12-01 00:00:00+09:00,833.7666116136355,834.7568332426304,829.8057250976562,829.8057250976562,1700
2022-12-02 00:00:00+09:00,831.7861102229759,835.746996462133,829.8056671033975,834.7567749023438,900
2022-12-05 00:00:00+09:00,834.7568460494031,834.7568460494031,830.7959594726562,830.7959594726562,1100
2022-12-06 00:00:00+09:00,829.8057123364229,829.8057123364229,828.8154907226562,828.8154907226562,400
2022-12-07 00:00:00+09:00,828.8154582525317,835.7470092773438,826.8350151025853,835.7470092773438,1700
2022-12-08 00:00:00+09:00,831.7861102229759,834.7567749023438,830.7958886631867,834.7567749023438,1200
2022-12-09 00:00:00+09:00,835.7470932460426,835.7470932460426,832.7764282226562,832.7764282226562,700
2022-12-12 00:00:00+09:00,832.7764155069987,832.7764155069987,831.7861938476562,831.7861938476562,500
2022-12-13 00:00:00+09:00,832.7763899846408,833.7666116136355,829.8057250976562,829.8057250976562,1000
2022-12-14 00:00:00+09:00,829.8057123364229,829.8057123364229,828.8154907226562,828.8154907226562,500
2022-12-15 00:00:00+09:00,828.8154907226562,830.7959339501895,828.8154907226562,828.8154907226562,1400
2022-12-16 00:00:00+09:00,828.815526320406,828.815526320406,826.8350830078125,826.8350830078125,2300
2022-12-19 00:00:00+09:00,826.8350830078125,826.8350830078125,822.8741963826253,826.8350830078125,1900
2022-12-20 00:00:00+09:00,823.8644512379227,824.8546729341222,819.903564453125,819.903564453125,3100
2022-12-21 00:00:00+09:00,820.8937023176613,822.8741455078125,819.9034807225858,822.8741455078125,500
2022-12-22 00:00:00+09:00,822.8741327124906,825.8447974515249,821.8839111328125,821.8839111328125,1600
2022-12-23 00:00:00+09:00,821.8839620686264,825.8448486328125,820.8937404275798,825.8448486328125,1600
2022-12-26 00:00:00+09:00,824.854642232259,831.7861938476562,822.8741989135742,831.7861938476562,1300
2022-12-27 00:00:00+09:00,830.7959721883137,831.7861938476562,823.8644205729166,831.7861938476562,1500
2022-12-28 00:00:00+09:00,831.7861427416642,831.7861427416642,824.8545915521504,827.8252563476562,1000
2022-12-29 00:00:00+09:00,828.8155007608513,831.7861656381302,824.8546142578125,824.8546142578125,1900
2022-12-30 00:00:00+09:00,824.8546548269592,834.7568715715805,824.8546548269592,832.7764282226562,1100
2023-01-04 00:00:00+09:00,831.7861683556459,831.7861683556459,829.8057250976562,829.8057250976562,800
2023-01-05 00:00:00+09:00,829.8057250976562,830.7959467266511,829.8057250976562,829.8057250976562,1700
2023-01-06 00:00:00+09:00,831.7861427416642,837.7274723326761,825.8448131506524,827.8252563476562,3000
2023-01-10 00:00:00+09:00,841.6884028026999,841.6884028026999,831.7861862991388,840.6981811523438,5500
2023-01-11 00:00:00+09:00,835.747080485026,837.7275238037109,831.7861938476562,831.7861938476562,2000
2023-01-12 00:00:00+09:00,831.7861683556459,831.7861683556459,828.8155034686615,829.8057250976562,900
2023-01-13 00:00:00+09:00,829.8057250976562,829.8057250976562,829.8057250976562,829.8057250976562,300
2023-01-16 00:00:00+09:00,829.8056995446602,830.7959211431622,827.8252563476562,827.8252563476562,1400
2023-01-17 00:00:00+09:00,827.8252691088896,828.8154907226562,827.8252691088896,828.8154907226562,900
2023-01-18 00:00:00+09:00,828.8154907226562,833.7665987914894,828.8154907226562,828.8154907226562,1400
2023-01-19 00:00:00+09:00,828.8154907226562,828.8154907226562,828.8154907226562,828.8154907226562,100
2023-01-20 00:00:00+09:00,829.8057123364229,829.8057123364229,828.8154907226562,828.8154907226562,1200
2023-01-23 00:00:00+09:00,829.8057505289713,831.7861938476562,829.8057505289713,831.7861938476562,500
2023-01-24 00:00:00+09:00,835.7470932460426,835.7470932460426,832.7764282226562,832.7764282226562,700
2023-01-25 00:00:00+09:00,832.7764282226562,832.7764282226562,832.7764282226562,832.7764282226562,200
2023-01-26 00:00:00+09:00,836.7372308523169,836.7372308523169,835.7470092773438,835.7470092773438,600
2023-01-27 00:00:00+09:00,835.7470932460426,836.7373149205048,832.7764282226562,832.7764282226562,800
2023-01-30 00:00:00+09:00,828.8155541499267,836.737327666294,828.8155541499267,833.7666625976562,2200
2023-01-31 00:00:00+09:00,829.8057758394726,834.7568842872022,829.8057758394726,833.7666625976562,400
2023-02-01 00:00:00+09:00,835.7471059767481,836.737327666294,833.7666625976562,833.7666625976562,600
2023-02-02 00:00:00+09:00,831.7861483959441,837.7274780273438,831.7861483959441,837.7274780273438,2300
2023-02-03 00:00:00+09:00,828.8155313886834,836.7373046875,828.8155313886834,836.7373046875,2300
2023-02-06 00:00:00+09:00,836.737327666294,836.737327666294,831.7862192185645,833.7666625976562,1500
2023-02-07 00:00:00+09:00,833.7665661273975,836.7372308523169,833.7665661273975,835.7470092773438,1800
2023-02-08 00:00:00+09:00,837.727490782034,838.7177124023438,837.727490782034,838.7177124023438,1700
2023-02-09 00:00:00+09:00,837.7274780273438,837.7274780273438,837.7274780273438,837.7274780273438,700
2023-02-10 00:00:00+09:00,837.72745242729,837.72745242729,835.7470092773438,835.7470092773438,500
2023-02-13 00:00:00+09:00,840.6981428430436,842.6785860535101,837.7274780273438,837.7274780273438,3100
2023-02-14 00:00:00+09:00,836.7372465245863,841.6883544921875,836.7372465245863,841.6883544921875,1400
2023-02-15 00:00:00+09:00,837.7275061478788,844.6590576171875,837.7275061478788,844.6590576171875,1300
2023-02-16 00:00:00+09:00,844.6590576171875,844.6590576171875,842.6786143402421,844.6590576171875,900
2023-02-17 00:00:00+09:00,844.659083030656,846.6395263671875,843.6688613623903,846.6395263671875,3200
2023-02-20 00:00:00+09:00,848.6199595192676,850.6004028320312,844.65907289374,850.6004028320312,2500
2023-02-21 00:00:00+09:00,842.6786523266373,851.5906474746276,842.6786523266373,847.6297607421875,5800
2023-02-22 00:00:00+09:00,851.5906347085161,851.5906347085161,846.6395263671875,846.6395263671875,1200
2023-02-24 00:00:00+09:00,856.5417558901778,856.5417558901778,843.6688740097474,847.6297607421875,2600
2023-02-27 00:00:00+09:00,847.6296799271195,855.5514526367188,847.6296799271195,855.5514526367188,3100
2023-02-28 00:00:00+09:00,852.5807977720748,856.5416841728743,851.590576171875,851.590576171875,1600
2023-03-01 00:00:00+09:00,856.541748046875,856.541748046875,852.5808613507045,856.541748046875,1500
2023-03-02 00:00:00+09:00,856.5416454907198,860.5025317126423,847.6296514913944,848.619873046875,4800
2023-03-03 00:00:00+09:00,849.6101329714753,860.5025705736737,849.6101329714753,851.590576171875,1200
2023-03-06 00:00:00+09:00,859.5123773946619,859.5123773946619,857.5319341287756,858.5221557617188,2500
2023-03-07 00:00:00+09:00,858.5221684890957,859.5123901367188,858.5221684890957,859.5123901367188,3400
2023-03-08 00:00:00+09:00,859.5123389915184,861.4927821689182,850.6003446932192,855.5514526367188,5000
2023-03-09 00:00:00+09:00,861.4928588867188,863.4733022404813,858.5221938560749,861.4928588867188,3100
2023-03-10 00:00:00+09:00,856.5417505023123,861.4928588867188,856.5417505023123,861.4928588867188,1000
2023-03-13 00:00:00+09:00,861.4928050822082,861.4928050822082,851.5905889318379,852.580810546875,3200
2023-03-14 00:00:00+09:00,853.5710193722747,859.5123489734738,851.590576171875,851.590576171875,2500
2023-03-15 00:00:00+09:00,852.5808160127099,862.4830322265625,852.5808160127099,862.4830322265625,2800
2023-03-16 00:00:00+09:00,851.5906016621955,858.5221530710738,851.5906016621955,853.571044921875,1100
2023-03-17 00:00:00+09:00,853.5710830247472,856.541748046875,851.5906396766619,856.541748046875,4200
2023-03-20 00:00:00+09:00,855.5515009414833,858.5221658753078,850.6003927184422,854.561279296875,3300
2023-03-22 00:00:00+09:00,859.5123618521342,859.5123618521342,852.580810546875,852.580810546875,5600
2023-03-23 00:00:00+09:00,850.6003545716751,857.5319057730741,850.6003545716751,851.590576171875,1500
2023-03-24 00:00:00+09:00,855.5515263728324,858.5221913949603,854.5613046987897,856.541748046875,2500
2023-03-27 00:00:00+09:00,858.5221684890957,861.4928334319646,855.551503546227,859.5123901367188,5500
2023-03-28 00:00:00+09:00,856.5417151494858,863.4732666015625,856.5417151494858,863.4732666015625,2500
2023-03-29 00:00:00+09:00,863.4732538479477,864.4634754693329,856.5417024982509,862.4830322265625,5700
2023-03-30 00:00:00+09:00,824.7245783131132,835.6546630859375,815.7817816808023,835.6546630859375,10700
2023-03-31 00:00:00+09:00,835.6546745620088,835.6546745620088,823.7309455551787,829.6928100585938,3200
2023-04-03 00:00:00+09:00,825.7182006835938,829.6927768601695,825.7182006835938,825.7182006835938,1900
2023-04-04 00:00:00+09:00,828.6991577148438,832.6737340108382,826.7118695668465,828.6991577148438,3300
2023-04-05 00:00:00+09:00,831.6800620140494,835.6546381766017,829.6927739327733,832.6737060546875,3100
2023-04-06 00:00:00+09:00,827.7054887718816,830.6864209043133,825.7182006835938,825.7182006835938,3500
2023-04-07 00:00:00+09:00,822.7373046875,823.7309487752868,822.7373046875,822.7373046875,2000
2023-04-10 00:00:00+09:00,822.7373046875,824.7245928630737,822.7373046875,822.7373046875,2100
2023-04-11 00:00:00+09:00,821.7436491968535,838.63559845483,821.7436491968535,828.6991577148438,2300
2023-04-12 00:00:00+09:00,828.6991494351647,830.6864375633065,827.7055053710938,827.7055053710938,500
2023-04-13 00:00:00+09:00,833.6673636588465,844.5974482836942,824.7245671476073,841.6165161132812,5000
2023-04-14 00:00:00+09:00,830.6864754761465,844.5974930080437,830.6864754761465,839.6292724609375,4000
2023-04-17 00:00:00+09:00,828.6991872573041,840.6229165703587,827.7055431478827,839.6292724609375,4800
2023-04-18 00:00:00+09:00,839.6292310442243,848.5720275878906,831.6800785609654,834.6610107421875,2800
2023-04-19 00:00:00+09:00,831.6800755452377,841.6165161132812,831.6800755452377,841.6165161132812,2500
2023-04-20 00:00:00+09:00,836.6483154296875,836.6483154296875,836.6483154296875,836.6483154296875,100
2023-04-21 00:00:00+09:00,839.6292197225223,840.6228637695312,834.6609994874779,840.6228637695312,2200
2023-04-24 00:00:00+09:00,840.6228360523897,844.597412109375,837.6419040096507,844.597412109375,1300
2023-04-25 00:00:00+09:00,844.5974232461216,844.5974232461216,838.6355590820312,838.6355590820312,2000
2023-04-26 00:00:00+09:00,838.6355507557644,838.6355507557644,837.6419067382812,837.6419067382812,600
2023-04-27 00:00:00+09:00,842.6102047892012,842.6102047892012,838.6356283515163,839.6292724609375,500
2023-04-28 00:00:00+09:00,843.6038208007812,843.6038208007812,836.6483122664991,843.6038208007812,2000
2023-05-01 00:00:00+09:00,844.5974648771072,844.5974648771072,843.6038208007812,843.6038208007812,1900
2023-05-02 00:00:00+09:00,843.6038488986225,843.6038488986225,839.6292724609375,839.6292724609375,900
2023-05-08 00:00:00+09:00,839.6291920381434,847.578344152114,830.6863959099264,844.597412109375,4000
2023-05-09 00:00:00+09:00,837.6419842420951,843.6038488986225,836.6483401326739,839.6292724609375,1200
2023-05-10 00:00:00+09:00,840.6228637695312,843.603795910558,840.6228637695312,840.6228637695312,900
2023-05-11 00:00:00+09:00,840.6228360523897,844.597412109375,840.6228360523897,844.597412109375,1900
2023-05-12 00:00:00+09:00,839.6292362573012,844.5974565901846,839.6292362573012,842.6101684570312,400
2023-05-15 00:00:00+09:00,840.6228637695312,844.5974399575668,840.6228637695312,840.6228637695312,2100
2023-05-16 00:00:00+09:00,840.6228360523897,844.597412109375,839.6291920381434,844.597412109375,1600
2023-05-17 00:00:00+09:00,840.6228360523897,844.597412109375,839.6291920381434,844.597412109375,1800
2023-05-18 00:00:00+09:00,844.5974452713334,852.5465976974166,840.6228690582918,848.572021484375,3700
2023-05-19 00:00:00+09:00,845.5911006567613,845.5911006567613,840.6228803238779,842.6101684570312,1600
2023-05-22 00:00:00+09:00,842.6101240808823,854.5338522518382,841.6164800666361,844.597412109375,2800
2023-05-23 00:00:00+09:00,846.5847001378677,846.5847001378677,843.6037680951287,844.597412109375,900
2023-05-24 00:00:00+09:00,844.5974399575668,844.5974399575668,840.6228637695312,840.6228637695312,400
2023-05-25 00:00:00+09:00,840.6228637695312,840.6228637695312,840.6228637695312,840.6228637695312,800
2023-05-26 00:00:00+09:00,835.6546630859375,836.6483071561943,831.6800868049105,835.6546630859375,6500
2023-05-29 00:00:00+09:00,835.6546548025949,837.6419429234096,832.6737226213728,834.6610107421875,2200
2023-05-30 00:00:00+09:00,832.6737060546875,832.6737060546875,831.6800620140494,832.6737060546875,700
2023-05-31 00:00:00+09:00,833.6673334295099,833.6673334295099,830.6864013671875,830.6864013671875,700
2023-06-01 00:00:00+09:00,836.6483154296875,836.6483154296875,834.661027269522,836.6483154296875,400
2023-06-02 00:00:00+09:00,836.6482988630022,836.6482988630022,834.6610107421875,834.6610107421875,800
2023-06-05 00:00:00+09:00,834.6610107421875,838.635586983817,834.6610107421875,834.6610107421875,1000
2023-06-06 00:00:00+09:00,834.6610107421875,836.6482988630022,834.6610107421875,834.6610107421875,900
2023-06-07 00:00:00+09:00,834.6610107421875,840.6228751046317,834.6610107421875,834.6610107421875,2800
2023-06-08 00:00:00+09:00,839.6292724609375,839.6292724609375,835.6546960232527,839.6292724609375,1200
2023-06-09 00:00:00+09:00,838.63557865111,838.63557865111,833.6673583984375,833.6673583984375,600
2023-06-12 00:00:00+09:00,833.6673583984375,834.661002448972,833.6673583984375,833.6673583984375,1000
2023-06-13 00:00:00+09:00,833.6673666817801,834.6610107421875,830.686434500558,834.6610107421875,900
2023-06-14 00:00:00+09:00,834.6609858030914,834.6609858030914,831.6800537109375,831.6800537109375,1700
2023-06-15 00:00:00+09:00,834.6609858030914,836.6482738645273,831.6800537109375,831.6800537109375,700
2023-06-16 00:00:00+09:00,831.6800785609654,837.6419429234096,831.6800785609654,834.6610107421875,700
2023-06-19 00:00:00+09:00,834.6610107421875,834.6610107421875,834.6610107421875,834.6610107421875,500
2023-06-20 00:00:00+09:00,834.6610190156807,848.5720359992755,834.6610190156807,835.6546630859375,1700
2023-06-21 00:00:00+09:00,839.6292310442243,839.6292310442243,834.6610107421875,834.6610107421875,400
2023-06-22 00:00:00+09:00,830.6864096802195,832.6736977416555,830.6864096802195,831.6800537109375,900
2023-06-23 00:00:00+09:00,831.6800785609654,834.6610107421875,831.6800785609654,834.6610107421875,400
2023-06-26 00:00:00+09:00,836.6483154296875,836.6483154296875,836.6483154296875,836.6483154296875,400
2023-06-27 00:00:00+09:00,833.6673666817801,835.6546548025949,833.6673666817801,834.6610107421875,1000
2023-06-28 00:00:00+09:00,830.6864179734114,832.6737060546875,830.6864179734114,832.6737060546875,1300
2023-06-29 00:00:00+09:00,841.6165326481292,853.5402615640413,840.6228885718032,843.6038208007812,3200
2023-06-30 00:00:00+09:00,845.5910840045758,845.5910840045758,840.6228637695312,840.6228637695312,1200
2023-07-03 00:00:00+09:00,852.5466007381291,852.5466007381291,841.6165161132812,841.6165161132812,1400
2023-07-04 00:00:00+09:00,841.6165078165402,841.6165078165402,840.6228637695312,840.6228637695312,1700
2023-07-05 00:00:00+09:00,843.603795910558,843.603795910558,840.6228637695312,840.6228637695312,600
2023-07-06 00:00:00+09:00,836.6483154296875,846.5847562305152,836.6483154296875,836.6483154296875,3700
2023-07-07 00:00:00+09:00,836.6482627207981,837.6419067382812,835.654618703315,837.6419067382812,1300
2023-07-10 00:00:00+09:00,837.6419067382812,837.6419067382812,837.6419067382812,837.6419067382812,300
2023-07-11 00:00:00+09:00,839.6292724609375,839.6292724609375,839.6292724609375,839.6292724609375,600
2023-07-12 00:00:00+09:00,839.6292197225223,840.6228637695312,839.6292197225223,840.6228637695312,300
2023-07-13 00:00:00+09:00,840.6228637695312,840.6228637695312,840.6228637695312,840.6228637695312,200
2023-07-14 00:00:00+09:00,840.6228917500185,846.5847562305152,836.6483154296875,836.6483154296875,1300
2023-07-18 00:00:00+09:00,848.5720411824112,848.5720411824112,843.6038208007812,843.6038208007812,2100
2023-07-19 00:00:00+09:00,843.6038340321787,852.546630859375,842.610189940268,852.546630859375,2200
2023-07-20 00:00:00+09:00,849.5656852587373,849.5656852587373,843.6038208007812,843.6038208007812,600
2023-07-21 00:00:00+09:00,841.6165326481292,843.6038208007812,841.6165326481292,843.6038208007812,400
2023-07-24 00:00:00+09:00,835.6546517724552,841.6165161132812,834.6610077156508,841.6165161132812,3700
2023-07-25 00:00:00+09:00,844.5974204290908,845.591064453125,844.5974204290908,845.591064453125,900
2023-07-26 00:00:00+09:00,845.5910923404986,845.5910923404986,836.6482958292595,841.6165161132812,1200
2023-07-27 00:00:00+09:00,842.6102014102846,846.5847778320312,842.6102014102846,846.5847778320312,1700
2023-07-28 00:00:00+09:00,847.5783887899147,848.5720328564914,840.6228803238779,842.6101684570312,2500
2023-07-31 00:00:00+09:00,842.6101735908294,850.559326171875,842.6101735908294,850.559326171875,2500
2023-08-01 00:00:00+09:00,852.5466143171363,852.5466143171363,847.5783939539829,850.559326171875,2500
2023-08-02 00:00:00+09:00,852.5465864314589,857.5148066321084,852.5465864314589,854.5338745117188,1500
2023-08-03 00:00:00+09:00,855.5274908277723,858.5084228515625,853.5402028119122,858.5084228515625,4000
2023-08-04 00:00:00+09:00,842.6102047892012,843.6038488986225,837.6419842420951,839.6292724609375,3900
2023-08-07 00:00:00+09:00,842.6101684570312,851.5529650562214,842.6101684570312,842.6101684570312,1100
2023-08-08 00:00:00+09:00,839.6292197225223,840.6228637695312,839.6292197225223,840.6228637695312,1100
2023-08-09 00:00:00+09:00,840.6228690582918,848.572021484375,839.6292250050315,848.572021484375,900
2023-08-10 00:00:00+09:00,841.6165131115523,848.572021484375,841.6165131115523,848.572021484375,600
2023-08-14 00:00:00+09:00,844.597412109375,847.578344152114,844.597412109375,844.597412109375,2000
2023-08-15 00:00:00+09:00,846.5847416392544,850.5593178910818,845.5910975762976,849.565673828125,1500
2023-08-16 00:00:00+09:00,846.5847778320312,849.5657101483412,846.5847778320312,846.5847778320312,500
2023-08-17 00:00:00+09:00,846.5847416392544,849.565673828125,846.5847416392544,849.565673828125,500
2023-08-18 00:00:00+09:00,846.5847778320312,848.5720660429046,844.5974896211579,846.5847778320312,1300
2023-08-21 00:00:00+09:00,849.5657101483412,849.5657101483412,846.5847778320312,846.5847778320312,400
2023-08-22 00:00:00+09:00,846.5847333778543,848.572021484375,846.5847333778543,848.572021484375,1200
2023-08-23 00:00:00+09:00,844.597412109375,845.5910561236213,842.6101240808823,844.597412109375,3300
2023-08-24 00:00:00+09:00,844.5974204290908,847.5783525011934,844.5974204290908,845.591064453125,1800
2023-08-25 00:00:00+09:00,849.5656572277073,849.5656572277073,845.5910810535427,847.578369140625,3100
2023-08-28 00:00:00+09:00,847.5784219374679,854.5339306755245,846.5847778320312,846.5847778320312,1900
2023-08-29 00:00:00+09:00,846.5847084771592,846.5847084771592,845.591064453125,845.591064453125,400
2023-08-30 00:00:00+09:00,849.565640549262,850.5592845732962,845.591064453125,845.591064453125,400
2023-08-31 00:00:00+09:00,852.5465893583308,853.5402334018721,847.578369140625,847.578369140625,1400
2023-09-01 00:00:00+09:00,851.5529453147897,854.5338774454133,847.578369140625,847.578369140625,1900
2023-09-04 00:00:00+09:00,847.5783774311146,850.5593095908959,847.5783774311146,848.572021484375,500
2023-09-05 00:00:00+09:00,851.552995000091,853.540283203125,850.5593508985739,853.540283203125,1900
2023-09-06 00:00:00+09:00,854.5338941429094,854.5338941429094,848.5720297651682,849.565673828125,4500
2023-09-07 00:00:00+09:00,850.5593230600014,857.5148315429688,850.5593230600014,857.5148315429688,2200
2023-09-08 00:00:00+09:00,853.5402500799524,855.5275382058662,848.5720297651682,849.565673828125,3200
2023-09-11 00:00:00+09:00,850.5593230600014,857.5148315429688,850.5593230600014,857.5148315429688,900
2023-09-12 00:00:00+09:00,852.5465947061466,856.5211709052428,849.5656625568243,855.5275268554688,4500
2023-09-13 00:00:00+09:00,855.5275351398229,856.5211791992188,854.5338910804271,856.5211791992188,1200
2023-09-14 00:00:00+09:00,856.5211625919785,859.5020947123683,854.5338745117188,854.5338745117188,3800
2023-09-15 00:00:00+09:00,861.4894360152613,861.4894360152613,853.540283203125,853.540283203125,5400
2023-09-19 00:00:00+09:00,855.5275185518486,855.5275185518486,854.5338745117188,854.5338745117188,600
2023-09-20 00:00:00+09:00,855.527543404978,857.5148315429688,855.527543404978,857.5148315429688,200
2023-09-21 00:00:00+09:00,856.521182268823,856.521182268823,849.565673828125,849.565673828125,3300
2023-09-22 00:00:00+09:00,849.5657067970569,853.540283203125,849.5657067970569,853.540283203125,800
2023-09-25 00:00:00+09:00,856.5212155076761,858.5085037107101,853.540283203125,853.540283203125,500
2023-09-26 00:00:00+09:00,849.5656543110692,855.5275185518486,849.5656543110692,854.5338745117188,1700
2023-09-27 00:00:00+09:00,857.51482633178,857.51482633178,845.5910975762976,849.565673828125,4300
2023-09-28 00:00:00+09:00,856.5211375357808,856.5211375357808,851.5529174804688,851.5529174804688,1500
2023-09-29 00:00:00+09:00,851.5529589022395,856.5211791992188,851.5529589022395,856.5211791992188,400
2023-10-02 00:00:00+09:00,853.5402387559207,855.5275268554688,852.5465947061466,855.5275268554688,900
2023-10-03 00:00:00+09:00,854.5339190431964,856.5212072270177,852.546630859375,852.546630859375,1500
2023-10-04 00:00:00+09:00,849.5656572277073,850.5593012712485,847.578369140625,847.578369140625,2300
2023-10-05 00:00:00+09:00,860.495766898182,860.495766898182,849.5656820992443,850.559326171875,1500
2023-10-06 00:00:00+09:00,851.5529395150753,861.4893798828125,851.5529395150753,861.4893798828125,300
2023-10-10 00:00:00+09:00,861.489399496198,861.489399496198,856.5211791992188,856.5211791992188,1400
2023-10-11 00:00:00+09:00,856.5211791992188,856.5211791992188,856.5211791992188,856.5211791992188,500
2023-10-12 00:00:00+09:00,858.5084756119641,858.5084756119641,855.527543404978,857.5148315429688,1000
2023-10-13 00:00:00+09:00,859.502144476558,860.4957885742188,855.5275680859149,860.4957885742188,900
2023-10-16 00:00:00+09:00,860.4957471043391,860.4957471043391,855.5275268554688,855.5275268554688,1400
2023-10-17 00:00:00+09:00,857.5148315429688,857.5148315429688,857.5148315429688,857.5148315429688,1200
2023-10-18 00:00:00+09:00,856.5211874739734,857.5148315429688,856.5211874739734,857.5148315429688,500
2023-10-19 00:00:00+09:00,857.5148232586146,857.5148232586146,855.5275351398229,856.5211791992188,900
2023-10-20 00:00:00+09:00,858.508459004791,858.508459004791,855.5275268554688,855.5275268554688,800
2023-10-23 00:00:00+09:00,855.527543404978,859.5021196809594,855.527543404978,857.5148315429688,900
2023-10-24 00:00:00+09:00,855.5275268554688,855.5275268554688,855.5275268554688,855.5275268554688,1800
2023-10-25 00:00:00+09:00,856.5211874739734,857.5148315429688,856.5211874739734,857.5148315429688,200
2023-10-26 00:00:00+09:00,857.514814955017,857.514814955017,854.5338828056947,855.5275268554688,900
2023-10-27 00:00:00+09:00,859.502103054565,860.4957471043391,855.5275268554688,855.5275268554688,1100
2023-10-30 00:00:00+09:00,861.4894244067242,861.4894244067242,857.5148480542133,859.5021362304688,1500
2023-10-31 00:00:00+09:00,862.4830239195862,862.4830239195862,858.5084477724913,861.4893798828125,800
2023-11-01 00:00:00+09:00,862.4830767695403,863.476720867201,859.502144476558,860.4957885742188,1900
2023-11-02 00:00:00+09:00,862.4830487832255,864.4703369140625,859.5021165869701,864.4703369140625,3300
2023-11-06 00:00:00+09:00,864.4703119931336,864.4703119931336,861.4893798828125,861.4893798828125,4800
2023-11-07 00:00:00+09:00,863.4766845703125,864.4703286262047,862.4830405144203,863.4766845703125,1100
2023-11-08 00:00:00+09:00,864.4703649648618,864.4703649648618,860.4957885742188,860.4957885742188,2400
2023-11-09 00:00:00+09:00,860.4957885742188,860.4957885742188,860.4957885742188,860.4957885742188,100
2023-11-10 00:00:00+09:00,860.4957803185964,863.4767125829796,859.5021362304688,859.5021362304688,1100
2023-11-13 00:00:00+09:00,859.5021362304688,859.5021362304688,855.527559877958,859.5021362304688,4100
2023-11-14 00:00:00+09:00,860.4957441338745,862.4830322265625,860.4957441338745,862.4830322265625,1100
2023-11-15 00:00:00+09:00,862.4830322265625,863.4766762729064,862.4830322265625,862.4830322265625,1800
2023-11-16 00:00:00+09:00,862.4830239195862,864.4703119931336,858.5084477724913,861.4893798828125,1600
2023-11-17 00:00:00+09:00,864.4703203192504,864.4703203192504,861.4893881802185,862.4830322265625,1400
2023-11-20 00:00:00+09:00,862.4830405144203,864.4703286262047,862.4830405144203,863.4766845703125,1500
2023-11-21 00:00:00+09:00,864.4703649648618,864.4703649648618,860.4957885742188,860.4957885742188,1400
2023-11-22 00:00:00+09:00,860.4957885742188,860.4957885742188,860.4957885742188,860.4957885742188,200
2023-11-24 00:00:00+09:00,862.4830684948519,862.4830684948519,858.5084921423411,859.5021362304688,2200
2023-11-27 00:00:00+09:00,859.5021000875306,862.4830322265625,859.5021000875306,862.4830322265625,2800
2023-11-28 00:00:00+09:00,860.4957441338745,862.4830322265625,860.4957441338745,862.4830322265625,400
2023-11-29 00:00:00+09:00,859.5021083467437,863.4766845703125,859.5021083467437,863.4766845703125,800
2023-11-30 00:00:00+09:00,860.4957803185964,860.4957803185964,859.5021362304688,859.5021362304688,2000
2023-12-01 00:00:00+09:00,859.5021362304688,859.5021362304688,859.5021362304688,859.5021362304688,400
2023-12-04 00:00:00+09:00,859.502091809265,861.4893798828125,859.502091809265,861.4893798828125,700
2023-12-05 00:00:00+09:00,862.4830239195862,865.4639560299073,861.4893798828125,861.4893798828125,3600
2023-12-06 00:00:00+09:00,860.4957358460388,863.47666795636,860.4957358460388,861.4893798828125,500
2023-12-07 00:00:00+09:00,861.4894326718795,861.4894326718795,860.4957885742188,860.4957885742188,1600
2023-12-08 00:00:00+09:00,862.4830767695403,862.4830767695403,860.4957885742188,860.4957885742188,1900
2023-12-11 00:00:00+09:00,863.476720867201,864.4703649648618,859.502144476558,860.4957885742188,2800
2023-12-12 00:00:00+09:00,861.4893798828125,861.4893798828125,861.4893798828125,861.4893798828125,200
2023-12-13 00:00:00+09:00,861.4893881802185,862.4830322265625,860.4957441338745,862.4830322265625,600
2023-12-14 00:00:00+09:00,863.4766845703125,863.4766845703125,861.4893964585281,863.4766845703125,2200
2023-12-15 00:00:00+09:00,863.4766762729064,863.4766762729064,861.4893881802185,862.4830322265625,300
2023-12-18 00:00:00+09:00,863.4766845703125,863.4766845703125,861.4893964585281,863.4766845703125,3400
2023-12-19 00:00:00+09:00,863.4766845703125,863.4766845703125,863.4766845703125,863.4766845703125,900
2023-12-20 00:00:00+09:00,863.4766845703125,863.4766845703125,860.495752402636,863.4766845703125,4400
2023-12-21 00:00:00+09:00,861.4893881802185,862.4830322265625,861.4893881802185,862.4830322265625,500
2023-12-22 00:00:00+09:00,862.4830487832255,864.4703369140625,861.4894047178071,864.4703369140625,2600
2023-12-25 00:00:00+09:00,860.4957358460388,862.4830239195862,860.4957358460388,861.4893798828125,1900
2023-12-26 00:00:00+09:00,863.4766762729064,863.4766762729064,861.4893881802185,862.4830322265625,3200
2023-12-27 00:00:00+09:00,863.47666795636,863.47666795636,861.4893798828125,861.4893798828125,2600
2023-12-28 00:00:00+09:00,861.4894211795352,870.4322179391844,861.4894211795352,866.4576416015625,2200
2023-12-29 00:00:00+09:00,868.4448935546875,869.4385375976562,863.4766733398437,869.4385375976562,2400
2024-01-04 00:00:00+09:00,864.4703616637134,869.4385821330452,864.4703616637134,867.4512939453125,3900
2024-01-05 00:00:00+09:00,868.4449380391789,870.4322262269116,867.4512939453125,867.4512939453125,3300
2024-01-09 00:00:00+09:00,870.4321899414062,873.4131220987398,870.4321899414062,870.4321899414062,1700
2024-01-10 00:00:00+09:00,873.4131273640767,878.38134765625,873.4131273640767,878.38134765625,4700
2024-01-11 00:00:00+09:00,882.3559436993387,882.3559436993387,868.4449265689437,873.4131469726562,6400
2024-01-12 00:00:00+09:00,873.4131469726562,873.4131469726562,867.4512824882013,873.4131469726562,1800
2024-01-15 00:00:00+09:00,874.4068026023768,874.4068026023768,867.4512939453125,867.4512939453125,3000
2024-01-16 00:00:00+09:00,874.4067132269099,875.4003572192132,867.4512052807868,871.42578125,2900
2024-01-17 00:00:00+09:00,872.419458534336,876.3940346552214,871.4258145041147,875.400390625,1300
2024-01-18 00:00:00+09:00,880.3686638572,880.3686638572,874.4067993164062,874.4067993164062,3500
2024-01-19 00:00:00+09:00,880.3686107761067,880.3686107761067,874.4067465947787,875.400390625,700
2024-01-22 00:00:00+09:00,876.3940483178985,884.3432006835938,874.4067602264747,884.3432006835938,3500
2024-01-23 00:00:00+09:00,896.2669543771434,896.2669543771434,876.3940729053663,887.3241577148438,7500
2024-01-24 00:00:00+09:00,887.3241105513139,897.2605507590554,887.3241105513139,896.2669067382812,6400
2024-01-25 00:00:00+09:00,890.3050537109375,894.2796298435755,890.3050537109375,890.3050537109375,3500
2024-01-26 00:00:00+09:00,890.3050537109375,892.2923417772565,890.3050537109375,890.3050537109375,1000
2024-01-29 00:00:00+09:00,893.286019015842,894.2796630859375,893.286019015842,894.2796630859375,2200
2024-01-30 00:00:00+09:00,894.2796465017748,894.2796465017748,892.2923583984375,892.2923583984375,900
2024-01-31 00:00:00+09:00,889.3114509540181,895.2733154296875,888.3178068747399,895.2733154296875,3400
2024-02-01 00:00:00+09:00,897.2606217128779,912.165283203125,892.2924012161288,912.165283203125,12900
2024-02-02 00:00:00+09:00,910.1779900519402,911.1716341458834,896.266972736736,904.2161254882812,9100
2024-02-05 00:00:00+09:00,906.203369140625,913.1588774563974,906.203369140625,906.203369140625,4600
2024-02-06 00:00:00+09:00,911.1716244346217,925.0826416015625,910.1779803512688,925.0826416015625,7900
2024-02-07 00:00:00+09:00,934.0253931814464,950.9173417815364,932.0381051108476,948.9300537109375,11400
2024-02-08 00:00:00+09:00,948.9300899345334,949.9237340077633,943.961869568384,945.9491577148438,6000
2024-02-09 00:00:00+09:00,945.9491077769886,945.9491077769886,886.3304665305398,896.2669067382812,12300
2024-02-13 00:00:00+09:00,898.2542331954321,908.190673828125,898.2542331954321,908.190673828125,3200
2024-02-14 00:00:00+09:00,912.1652500812021,912.1652500812021,904.2160975750478,908.190673828125,1200
2024-02-15 00:00:00+09:00,921.1080750853151,921.1080750853151,904.2161254882812,904.2161254882812,5000
2024-02-16 00:00:00+09:00,899.2478854486851,914.15254653347,899.2478854486851,909.184326171875,1700
2024-02-19 00:00:00+09:00,909.1842983440943,914.1525185536249,909.1842983440943,913.1588745117188,4000
2024-02-20 00:00:00+09:00,911.1715864279065,914.1525185536249,911.1715864279065,913.1588745117188,900
2024-02-21 00:00:00+09:00,920.1143798828125,920.1143798828125,920.1143798828125,920.1143798828125,1500
2024-02-22 00:00:00+09:00,919.1207136129188,919.1207136129188,910.1779174804688,910.1779174804688,4700
2024-02-26 00:00:00+09:00,910.1779147692647,917.1334228515625,909.1842707575078,917.1334228515625,3700
2024-02-27 00:00:00+09:00,916.1398513111709,916.1398513111709,910.1779867690158,911.171630859375,2000
2024-02-28 00:00:00+09:00,918.1271113790208,919.1207554389548,911.1716029594827,915.1461791992188,2800
2024-02-29 00:00:00+09:00,913.1589190400933,918.1271394918892,911.171630859375,911.171630859375,4900
2024-03-01 00:00:00+09:00,911.1715614951854,911.1715614951854,909.1842734657521,910.1779174804688,2200
2024-03-04 00:00:00+09:00,912.1652749497342,915.1462072208118,911.171630859375,911.171630859375,3600
2024-03-05 00:00:00+09:00,911.1715587810215,917.1334228515625,911.1715587810215,917.1334228515625,1600
2024-03-06 00:00:00+09:00,917.1334954015301,917.1334954015301,911.171630859375,911.171630859375,3500
2024-03-07 00:00:00+09:00,911.1716029594827,916.1398232591528,911.1716029594827,915.1461791992188,1800
2024-03-08 00:00:00+09:00,917.1334145105325,918.1270585132525,911.1715504942127,916.1397705078125,3100
2024-03-11 00:00:00+09:00,917.1334673190868,919.1207554389548,915.1461791992188,915.1461791992188,3700
2024-03-12 00:00:00+09:00,912.1652470194167,918.1271113790208,912.1652470194167,915.1461791992188,3000
2024-03-13 00:00:00+09:00,916.1397788398057,917.1334228515625,915.1461348280488,917.1334228515625,2100
2024-03-14 00:00:00+09:00,915.1461761737692,922.1016845703125,915.1461761737692,922.1016845703125,5300
2024-03-15 00:00:00+09:00,923.0952869221036,923.0952869221036,917.1334228515625,917.1334228515625,2200
2024-03-18 00:00:00+09:00,917.1334228515625,922.1016429103468,917.1334228515625,917.1334228515625,1300
2024-03-19 00:00:00+09:00,918.1270918053118,921.1080239215628,918.1270918053118,920.1143798828125,1900
2024-03-21 00:00:00+09:00,919.1207441311439,922.1016762742719,919.1207441311439,921.1080322265625,6600
2024-03-22 00:00:00+09:00,921.1080405136635,922.1016845703125,919.1207524003654,922.1016845703125,3000
2024-03-25 00:00:00+09:00,927.0698935531192,931.0444697312676,924.0889614195079,928.0635375976562,9200
2024-03-26 00:00:00+09:00,928.063545887993,934.0254102084725,924.0889696743399,929.0571899414062,8800
2024-03-27 00:00:00+09:00,934.0254319609788,952.9046694155093,930.0508556547619,938.99365234375,16900
2024-03-28 00:00:00+09:00,897.1276693786217,907.0957545939397,893.1404352924944,903.1085205078125,14300
2024-03-29 00:00:00+09:00,902.1117023882475,903.1085108991738,897.1276598336163,899.1212768554688,3500
2024-04-01 00:00:00+09:00,895.1340508551168,897.1276678948832,894.1372423352335,896.130859375,3900
2024-04-02 00:00:00+09:00,899.1212672040299,900.1180757042561,895.134033203125,895.134033203125,900
2024-04-03 00:00:00+09:00,894.1372343008376,902.1117023882475,894.1372343008376,899.1212768554688,3000
2024-04-04 00:00:00+09:00,901.1149373959489,903.1085545140816,898.12451171875,898.12451171875,2700
2024-04-05 00:00:00+09:00,897.1276598336163,903.1085108991738,895.1340428117638,899.1212768554688,1600
2024-04-08 00:00:00+09:00,898.12451171875,898.12451171875,897.1277031596836,898.12451171875,1500
2024-04-09 00:00:00+09:00,898.1244683445425,899.1212768554688,898.1244683445425,899.1212768554688,400
2024-04-10 00:00:00+09:00,899.1213120992205,901.1149291992188,895.1340778992239,901.1149291992188,3700
2024-04-11 00:00:00+09:00,901.1148938773213,901.1148938773213,899.1212768554688,899.1212768554688,500
2024-04-12 00:00:00+09:00,900.1181193578203,900.1181193578203,894.1372680664062,894.1372680664062,2900
2024-04-15 00:00:00+09:00,893.1404162026727,897.1276502035774,893.1404162026727,895.134033203125,2400
2024-04-16 00:00:00+09:00,895.134033203125,895.134033203125,895.134033203125,895.134033203125,500
2024-04-17 00:00:00+09:00,895.134033203125,897.1276502035774,895.134033203125,895.134033203125,800
2024-04-18 00:00:00+09:00,895.1340589523315,895.1340589523315,893.1404418945312,893.1404418945312,1400
2024-04-19 00:00:00+09:00,892.1436401091634,892.1436401091634,882.1755547448151,883.17236328125,3700
2024-04-22 00:00:00+09:00,881.1787285928673,887.1595796919138,881.1787285928673,882.175537109375,2000
2024-04-23 00:00:00+09:00,882.1755466525547,886.1627807617188,882.1755466525547,886.1627807617188,1100
2024-04-24 00:00:00+09:00,886.1627630972648,886.1627630972648,885.1659545898438,885.1659545898438,800
2024-04-25 00:00:00+09:00,880.1819200763595,882.175537109375,878.1883030433439,882.175537109375,2300
2024-04-26 00:00:00+09:00,882.175537109375,882.175537109375,878.1883030433439,882.175537109375,400
2024-04-30 00:00:00+09:00,880.1819376719455,886.1627888905545,880.1819376719455,883.17236328125,1400
2024-05-01 00:00:00+09:00,886.1627888905545,886.1627888905545,883.17236328125,883.17236328125,300
2024-05-02 00:00:00+09:00,879.1851035453178,885.1659545898438,879.1851035453178,885.1659545898438,1200
2024-05-07 00:00:00+09:00,887.1595796919138,887.1595796919138,882.175537109375,882.175537109375,2600
2024-05-08 00:00:00+09:00,887.1596001519098,897.127685546875,886.1627916124132,897.127685546875,1300
2024-05-09 00:00:00+09:00,897.1276760101318,897.1276760101318,893.1404418945312,893.1404418945312,800
2024-05-10 00:00:00+09:00,897.1276924047577,897.1276924047577,887.1596069335938,887.1596069335938,1800
2024-05-13 00:00:00+09:00,909.0893880208333,909.0893880208333,897.127685546875,897.127685546875,1800
2024-05-14 00:00:00+09:00,889.1531901950943,894.137232741031,887.1595731767196,892.1436157226562,3000
2024-05-15 00:00:00+09:00,892.1436157226562,895.1340412502183,891.146807213469,892.1436157226562,800
2024-05-16 00:00:00+09:00,892.1436157226562,892.1436157226562,891.146807213469,892.1436157226562,600
2024-05-17 00:00:00+09:00,889.1531982421875,889.1531982421875,889.1531982421875,889.1531982421875,300
2024-05-20 00:00:00+09:00,888.1564073381071,890.1500244140625,888.1564073381071,890.1500244140625,1200
2024-05-21 00:00:00+09:00,894.137232741031,894.137232741031,892.1436157226562,892.1436157226562,600
2024-05-22 00:00:00+09:00,893.1404242318436,893.1404242318436,883.1723391399703,892.1436157226562,2900
2024-05-23 00:00:00+09:00,891.1468505859375,891.1468505859375,891.1468505859375,891.1468505859375,700
2024-05-24 00:00:00+09:00,891.1468505859375,895.1340848167471,889.1532334705328,891.1468505859375,1000
2024-05-27 00:00:00+09:00,893.1404595178373,894.1372680664062,885.1659911292851,894.1372680664062,1500
2024-05-28 00:00:00+09:00,891.1468411220593,891.1468411220593,887.1596069335938,887.1596069335938,1000
2024-05-29 00:00:00+09:00,887.1596151220758,887.1596151220758,884.169189453125,884.169189453125,1200
2024-05-30 00:00:00+09:00,885.1659722344277,886.1627807617188,885.1659722344277,886.1627807617188,300
2024-05-31 00:00:00+09:00,893.1404418945312,893.1404418945312,893.1404418945312,893.1404418945312,1300
2024-06-03 00:00:00+09:00,893.1404500279955,893.1404500279955,890.1500244140625,890.1500244140625,2300
2024-06-04 00:00:00+09:00,885.1659545898438,886.1627630972648,885.1659545898438,885.1659545898438,2700
2024-06-05 00:00:00+09:00,885.1659992397232,891.1468505859375,885.1659992397232,891.1468505859375,400
2024-06-06 00:00:00+09:00,891.1468424206993,894.1372680664062,887.1596082264232,894.1372680664062,900
2024-06-07 00:00:00+09:00,894.1372585659732,894.1372585659732,889.1532158760848,890.1500244140625,2300
2024-06-10 00:00:00+09:00,896.1308933744494,896.1308933744494,891.1468505859375,891.1468505859375,2000
2024-06-11 00:00:00+09:00,891.1468167755839,896.130859375,891.1468167755839,896.130859375,1300
2024-06-12 00:00:00+09:00,896.1308933744494,896.1308933744494,891.1468505859375,891.1468505859375,1800
2024-06-13 00:00:00+09:00,893.1404677013423,893.1404677013423,891.1468505859375,891.1468505859375,300
2024-06-14 00:00:00+09:00,891.146807213469,892.1436157226562,891.146807213469,892.1436157226562,800
2024-06-17 00:00:00+09:00,892.1436237968137,893.1404323150224,888.1563897239788,889.1531982421875,1600
2024-06-18 00:00:00+09:00,891.1468505859375,891.1468505859375,891.1468505859375,891.1468505859375,100
2024-06-19 00:00:00+09:00,891.1468505859375,891.1468505859375,889.1532334705328,891.1468505859375,1300
2024-06-20 00:00:00+09:00,892.1436591436399,892.1436591436399,891.1468505859375,891.1468505859375,300
2024-06-21 00:00:00+09:00,892.1436591436399,893.1404677013423,888.1564249128304,891.1468505859375,2400
2024-06-24 00:00:00+09:00,891.1468233981739,892.1436319254649,884.1691637071367,886.1627807617188,5800
2024-06-25 00:00:00+09:00,887.1595988001294,890.1500244140625,887.1595988001294,890.1500244140625,500
2024-06-26 00:00:00+09:00,890.1500067603962,892.1436237968137,886.1627726875613,889.1531982421875,3500
2024-06-27 00:00:00+09:00,892.1436157226562,892.1436157226562,892.1436157226562,892.1436157226562,800
2024-06-28 00:00:00+09:00,892.1436496691757,894.1372667634085,887.1596069335938,887.1596069335938,1800
2024-07-01 00:00:00+09:00,890.1500244140625,890.1500244140625,890.1500244140625,890.1500244140625,1300
2024-07-02 00:00:00+09:00,892.1436333656311,893.1404418945312,890.1500163078308,893.1404418945312,1200
2024-07-03 00:00:00+09:00,894.137223060685,894.137223060685,887.159563571917,888.1563720703125,1800
2024-07-04 00:00:00+09:00,888.1563737015417,895.134033203125,888.1563737015417,895.134033203125,1100
2024-07-05 00:00:00+09:00,895.1340315590803,896.1308400574758,886.1627550735217,888.1563720703125,2500
2024-07-08 00:00:00+09:00,888.1563897239788,889.1531982421875,888.1563897239788,889.1531982421875,400
2024-07-09 00:00:00+09:00,889.1531805687079,890.1499890671033,887.159563571917,888.1563720703125,1900
2024-07-10 00:00:00+09:00,889.1532334705328,891.1468505859375,889.1532334705328,891.1468505859375,500
2024-07-11 00:00:00+09:00,891.1468505859375,891.1468505859375,891.1468505859375,891.1468505859375,1100
2024-07-12 00:00:00+09:00,892.1436157226562,892.1436157226562,890.1499987042816,892.1436157226562,1100
2024-07-16 00:00:00+09:00,891.1468411220593,891.1468411220593,887.1596069335938,887.1596069335938,3000
2024-07-17 00:00:00+09:00,888.1564073381071,890.1500244140625,888.1564073381071,890.1500244140625,700
2024-07-18 00:00:00+09:00,890.1500244140625,890.1500244140625,889.1532158760848,890.1500244140625,400
2024-07-19 00:00:00+09:00,890.1500325749429,890.1500325749429,887.1596069335938,887.1596069335938,1800
2024-07-22 00:00:00+09:00,887.1596069335938,887.1596069335938,887.1596069335938,887.1596069335938,1000
2024-07-23 00:00:00+09:00,887.159563571917,888.1563720703125,887.159563571917,888.1563720703125,1800
2024-07-24 00:00:00+09:00,890.1500325749429,890.1500325749429,887.1596069335938,887.1596069335938,700
2024-07-25 00:00:00+09:00,887.1595716046858,887.1595716046858,885.1659545898438,885.1659545898438,3300
2024-07-26 00:00:00+09:00,885.1659545898438,889.1531886195278,885.1659545898438,885.1659545898438,3100
2024-07-29 00:00:00+09:00,886.1627807617188,886.1627807617188,885.1659722344277,886.1627807617188,600
2024-07-30 00:00:00+09:00,894.1372762590447,894.1372762590447,890.1500420282351,891.1468505859375,900
2024-07-31 00:00:00+09:00,891.146824836731,893.1404418945312,885.1659736633301,893.1404418945312,1300
2024-08-01 00:00:00+09:00,893.1404145622895,893.1404145622895,887.159563571917,888.1563720703125,1100
2024-08-02 00:00:00+09:00,887.1596151220758,894.1372750162943,883.172380896808,884.169189453125,5100
2024-08-05 00:00:00+09:00,883.1723796497691,883.1723796497691,877.1915283203125,877.1915283203125,11700
2024-08-06 00:00:00+09:00,877.191510683305,886.1627874971115,875.1978936135702,876.1947021484375,5400
2024-08-07 00:00:00+09:00,877.1914849514046,889.1531870189237,877.1914849514046,878.1882934570312,3200
2024-08-08 00:00:00+09:00,885.1659980094419,885.1659980094419,884.169189453125,884.169189453125,900
2024-08-09 00:00:00+09:00,882.1755710948597,884.1691882046786,877.1915283203125,877.1915283203125,1700
2024-08-13 00:00:00+09:00,877.1914945268362,882.175537109375,877.1914945268362,882.175537109375,200
2024-08-14 00:00:00+09:00,884.1691731861964,890.1500244140625,884.1691731861964,890.1500244140625,1100
2024-08-15 00:00:00+09:00,890.1500325749429,891.1468411220593,887.1596069335938,887.1596069335938,1100
2024-08-16 00:00:00+09:00,890.1500148708828,891.1468233981739,885.1659722344277,886.1627807617188,800
2024-08-19 00:00:00+09:00,888.1563720703125,888.1563720703125,888.1563720703125,888.1563720703125,400
2024-08-20 00:00:00+09:00,891.1468329520402,891.1468329520402,888.1564073381071,890.1500244140625,400
2024-08-21 00:00:00+09:00,891.146807213469,892.1436157226562,891.146807213469,892.1436157226562,1100
2024-08-22 00:00:00+09:00,892.1436591436399,892.1436591436399,891.1468505859375,891.1468505859375,200
2024-08-23 00:00:00+09:00,892.1436157226562,892.1436157226562,892.1436157226562,892.1436157226562,300
2024-08-26 00:00:00+09:00,892.1436077024465,895.134033203125,892.1436077024465,895.134033203125,2800
2024-08-27 00:00:00+09:00,895.134033203125,895.134033203125,893.1404162026727,895.134033203125,1600
2024-08-28 00:00:00+09:00,895.1340412502183,895.1340412502183,892.1436157226562,892.1436157226562,700
2024-08-29 00:00:00+09:00,892.1436077024465,896.1308417033513,892.1436077024465,895.134033203125,600
2024-08-30 00:00:00+09:00,895.134033203125,896.1308417033513,893.1404162026727,895.134033203125,1100
2024-09-02 00:00:00+09:00,895.1340671039509,895.1340671039509,890.1500244140625,890.1500244140625,2200
2024-09-03 00:00:00+09:00,890.149990701994,895.134033203125,890.149990701994,895.134033203125,800
2024-09-04 00:00:00+09:00,895.134033203125,895.134033203125,893.1404162026727,895.134033203125,700
2024-09-05 00:00:00+09:00,895.134033203125,897.1276502035774,895.134033203125,895.134033203125,700
2024-09-06 00:00:00+09:00,895.1340412502183,895.1340412502183,889.1531901950943,892.1436157226562,900
2024-09-09 00:00:00+09:00,888.1564236783927,896.1308921289283,883.172380896808,884.169189453125,3900
2024-09-10 00:00:00+09:00,885.1659830729167,897.127685546875,883.1723659939237,897.127685546875,4300
2024-09-11 00:00:00+09:00,889.1531886195278,895.1340396640537,885.1659545898438,885.1659545898438,900
2024-09-12 00:00:00+09:00,895.134057507338,895.134057507338,886.1627807617188,886.1627807617188,600
2024-09-13 00:00:00+09:00,886.1627807617188,886.1627807617188,886.1627807617188,886.1627807617188,200
2024-09-17 00:00:00+09:00,886.1627983864773,887.1596069335938,886.1627983864773,887.1596069335938,400
2024-09-18 00:00:00+09:00,885.1659545898438,885.1659545898438,885.1659545898438,885.1659545898438,100
2024-09-19 00:00:00+09:00,887.1595988001294,891.1468329520402,887.1595988001294,890.1500244140625,700
2024-09-20 00:00:00+09:00,882.175530630783,892.1436157226562,882.175530630783,892.1436157226562,5000
2024-09-24 00:00:00+09:00,890.1499890671033,890.1499890671033,888.1563720703125,888.1563720703125,1300
2024-09-25 00:00:00+09:00,892.1436591436399,892.1436591436399,888.1564249128304,891.1468505859375,900
2024-09-26 00:00:00+09:00,891.1468329520402,891.1468329520402,890.1500244140625,890.1500244140625,200
2024-09-27 00:00:00+09:00,890.1500420282351,891.1468505859375,888.1564249128304,891.1468505859375,1700
2024-09-30 00:00:00+09:00,891.1468329520402,891.1468329520402,890.1500244140625,890.1500244140625,400
2024-10-01 00:00:00+09:00,893.1404595178373,894.1372680664062,891.1468424206993,894.1372680664062,1000
2024-10-02 00:00:00+09:00,894.137232741031,896.1308497594056,892.1436157226562,892.1436157226562,900
2024-10-03 00:00:00+09:00,893.1404162026727,896.1308417033513,888.1563737015417,895.134033203125,3800
2024-10-04 00:00:00+09:00,892.1436591436399,894.1372762590447,891.1468505859375,891.1468505859375,800
2024-10-07 00:00:00+09:00,895.1340508551168,896.130859375,890.1500082557008,896.130859375,1900
2024-10-08 00:00:00+09:00,891.1468505859375,896.1308933744494,891.1468505859375,891.1468505859375,1000
2024-10-09 00:00:00+09:00,892.1436333656311,894.1372504234314,892.1436333656311,893.1404418945312,600
2024-10-10 00:00:00+09:00,890.1499987042816,892.1436157226562,890.1499987042816,892.1436157226562,1300
2024-10-11 00:00:00+09:00,889.1532158760848,892.1436414900178,889.1532158760848,890.1500244140625,900
2024-10-15 00:00:00+09:00,890.1500420282351,891.1468505859375,890.1500420282351,891.1468505859375,700
2024-10-16 00:00:00+09:00,893.1404677013423,893.1404677013423,891.1468505859375,891.1468505859375,400
2024-10-17 00:00:00+09:00,891.146824836731,893.1404418945312,891.146824836731,893.1404418945312,500
2024-10-18 00:00:00+09:00,894.1372504234314,895.1340589523315,893.1404418945312,893.1404418945312,1500
2024-10-21 00:00:00+09:00,896.1308674812317,896.1308674812317,892.1436333656311,893.1404418945312,700
2024-10-22 00:00:00+09:00,893.1404242318436,893.1404242318436,892.1436157226562,892.1436157226562,200
2024-10-23 00:00:00+09:00,892.1436414900178,894.1372585659732,890.1500244140625,890.1500244140625,900
2024-10-24 00:00:00+09:00,890.1500067603962,896.1308578696486,889.1531982421875,889.1531982421875,1500
2024-10-25 00:00:00+09:00,889.1532334705328,892.1436591436399,889.1532334705328,891.1468505859375,300
2024-10-28 00:00:00+09:00,887.1595652013154,895.134033203125,887.1595652013154,895.134033203125,2600
2024-10-29 00:00:00+09:00,895.134033203125,895.134033203125,891.1467992022202,895.134033203125,800
2024-10-30 00:00:00+09:00,893.1404242318436,893.1404242318436,892.1436157226562,892.1436157226562,600
2024-10-31 00:00:00+09:00,892.1436237968137,894.1372408332312,889.1531982421875,889.1531982421875,1500
2024-11-01 00:00:00+09:00,889.1532253235612,894.1372680664062,889.1532253235612,894.1372680664062,2100
2024-11-05 00:00:00+09:00,895.134033203125,895.134033203125,893.1404162026727,895.134033203125,3400
2024-11-06 00:00:00+09:00,893.1404162026727,896.1308417033513,893.1404162026727,895.134033203125,1100
2024-11-07 00:00:00+09:00,896.1308770073786,897.127685546875,895.134068467882,897.127685546875,2900
2024-11-08 00:00:00+09:00,897.127685546875,897.127685546875,897.127685546875,897.127685546875,200
2024-11-11 00:00:00+09:00,897.127685546875,897.127685546875,893.1404513888889,897.127685546875,1800
2024-11-12 00:00:00+09:00,895.134086041551,898.12451171875,895.134086041551,898.12451171875,1700
2024-11-13 00:00:00+09:00,898.1244940863716,898.1244940863716,897.127685546875,897.127685546875,1100
2024-11-14 00:00:00+09:00,898.12451171875,898.12451171875,897.1277031596836,898.12451171875,1700
2024-11-15 00:00:00+09:00,898.1244683445425,899.1212768554688,897.1276598336163,899.1212768554688,1600
2024-11-18 00:00:00+09:00,901.1149034647489,903.1085205078125,900.1180949432171,903.1085205078125,800
2024-11-19 00:00:00+09:00,906.0989719492145,906.0989719492145,901.1149291992188,901.1149291992188,1300
2024-11-20 00:00:00+09:00,901.1148954250893,906.0989379882812,901.1148954250893,906.0989379882812,600
2024-11-21 00:00:00+09:00,903.1085300319797,907.0957641601562,902.1117214999357,907.0957641601562,1300
2024-11-22 00:00:00+09:00,907.0957723026634,911.0830064666311,904.1053466796875,904.1053466796875,2100
2024-11-25 00:00:00+09:00,910.0861655682553,916.0670166015625,901.1148890182943,916.0670166015625,3900
2024-11-26 00:00:00+09:00,912.079815007623,912.079815007623,903.1085381386956,904.1053466796875,1300
2024-11-27 00:00:00+09:00,901.1149386099257,905.1021728515625,901.1149386099257,905.1021728515625,1800
2024-11-28 00:00:00+09:00,902.1117119862807,903.1085205078125,902.1117119862807,903.1085205078125,600
2024-11-29 00:00:00+09:00,904.1053642911534,906.0989814119717,901.1149386099257,905.1021728515625,1300
2024-12-02 00:00:00+09:00,905.102147096068,910.0861897562887,905.102147096068,907.0957641601562,1700
2024-12-03 00:00:00+09:00,904.1053561264022,908.0925903320312,902.1117390235876,908.0925903320312,2600
2024-12-04 00:00:00+09:00,907.095781780624,908.0925903320312,901.1149304721803,908.0925903320312,1500
2024-12-05 00:00:00+09:00,908.0925808436552,910.0861979256391,904.1053466796875,904.1053466796875,600
2024-12-06 00:00:00+09:00,906.0989379882812,906.0989379882812,906.0989379882812,906.0989379882812,300
2024-12-09 00:00:00+09:00,906.0989801912805,906.0989801912805,898.12451171875,898.12451171875,4300
2024-12-10 00:00:00+09:00,901.1148938773213,903.1085108991738,899.1212768554688,899.1212768554688,600
2024-12-11 00:00:00+09:00,902.1117200883124,902.1117200883124,900.1181030273438,900.1181030273438,700
2024-12-12 00:00:00+09:00,897.1276774358907,903.1085286187966,897.1276774358907,900.1181030273438,2100
2024-12-13 00:00:00+09:00,906.0989460724079,906.0989460724079,902.1117119862807,903.1085205078125,1000
2024-12-16 00:00:00+09:00,899.1213039747278,904.1053466796875,899.1213039747278,904.1053466796875,1900
2024-12-17 00:00:00+09:00,901.1149210567118,904.1053466796875,900.1181125157198,904.1053466796875,800
2024-12-18 00:00:00+09:00,900.1181030273438,900.1181030273438,900.1181030273438,900.1181030273438,800
2024-12-19 00:00:00+09:00,901.1148858339088,902.1116943359375,900.1180773318802,902.1116943359375,800
2024-12-20 00:00:00+09:00,903.1085124503661,906.0989379882812,903.1085124503661,906.0989379882812,1400
2024-12-23 00:00:00+09:00,906.0989460724079,906.0989460724079,902.1117119862807,903.1085205078125,2300
2024-12-24 00:00:00+09:00,900.118085366395,902.1117023882475,899.1212768554688,899.1212768554688,2500
2024-12-25 00:00:00+09:00,899.1213202778163,901.1149373959489,898.12451171875,898.12451171875,1500
2024-12-26 00:00:00+09:00,906.0989379882812,906.0989379882812,898.1244698871743,906.0989379882812,3900
2024-12-27 00:00:00+09:00,907.0957465009196,907.0957465009196,901.1148954250893,906.0989379882812,2500
2024-12-30 00:00:00+09:00,918.0606853547644,918.0606853547644,908.0925997374488,912.079833984375,2600
2025-01-06 00:00:00+09:00,912.0798258064619,920.0542942288134,911.0830172536679,915.0702514648438,6500
2025-01-07 00:00:00+09:00,915.0702017300608,927.0319037134603,915.0702017300608,926.0350952148438,2700
2025-01-08 00:00:00+09:00,923.0446939219598,923.0446939219598,917.0638427734375,917.0638427734375,2700
2025-01-09 00:00:00+09:00,917.0638685704316,917.0638685704316,915.0702514648438,915.0702514648438,300
2025-01-10 00:00:00+09:00,920.0543024782274,920.0543024782274,912.079833984375,912.079833984375,700
2025-01-14 00:00:00+09:00,914.0734511078382,916.0670682313013,912.079833984375,912.079833984375,600
2025-01-15 00:00:00+09:00,912.0798258064619,915.0702514648438,912.0798258064619,915.0702514648438,700
2025-01-16 00:00:00+09:00,915.0702514648438,916.0670600176377,915.0702514648438,915.0702514648438,1100
2025-01-17 00:00:00+09:00,915.0702514648438,915.0702514648438,914.0734429120498,915.0702514648438,600
2025-01-20 00:00:00+09:00,917.0638170883609,919.0574340820312,915.0702000946906,919.0574340820312,1600
2025-01-21 00:00:00+09:00,919.0574502070398,919.0574502070398,913.0765991210938,913.0765991210938,1500
2025-01-22 00:00:00+09:00,914.0734252929688,914.0734252929688,913.0766167593886,914.0734252929688,1200
2025-01-23 00:00:00+09:00,914.0734252929688,914.0734252929688,914.0734252929688,914.0734252929688,200
2025-01-24 00:00:00+09:00,919.0574517379215,921.051068769891,918.0606432219369,920.0542602539062,1200
2025-01-27 00:00:00+09:00,925.03831916235,925.03831916235,914.0734252929688,914.0734252929688,1300
2025-01-28 00:00:00+09:00,914.0734252929688,915.0702338265488,914.0734252929688,914.0734252929688,300
2025-01-29 00:00:00+09:00,916.0670261899674,920.0542602539062,916.0670261899674,920.0542602539062,800
2025-01-30 00:00:00+09:00,923.0447116648853,924.0415202087999,918.0606689453125,918.0606689453125,1800
2025-01-31 00:00:00+09:00,922.0479125976562,922.0479125976562,919.0574869351773,922.0479125976562,1400
2025-02-03 00:00:00+09:00,922.0478692271025,923.044677734375,919.0574437052849,923.044677734375,1400
2025-02-04 00:00:00+09:00,924.0414943178451,924.0414943178451,920.0542602539062,920.0542602539062,1700
2025-02-05 00:00:00+09:00,921.0511040434966,922.0479125976562,919.0574869351773,922.0479125976562,1400
2025-02-06 00:00:00+09:00,925.0383219488454,928.0287475585938,921.0510878025141,928.0287475585938,4000
2025-02-07 00:00:00+09:00,927.0319390220109,928.0287475585938,917.0638536561828,928.0287475585938,4100
2025-02-10 00:00:00+09:00,928.0287570239389,932.0159912109375,925.0383313836899,932.0159912109375,1100
2025-02-12 00:00:00+09:00,932.0159981392525,932.0159981392525,922.0479125976562,922.0479125976562,2000
2025-02-13 00:00:00+09:00,927.0319484771892,932.0159912109375,921.0510971966912,932.0159912109375,1300
2025-02-14 00:00:00+09:00,932.0159654810691,934.0095825195312,927.0319228849137,934.0095825195312,1900
2025-02-17 00:00:00+09:00,926.0351209589064,929.025546537891,923.0446953799218,924.04150390625,2000
2025-02-18 00:00:00+09:00,932.0160006359616,936.0032348632812,925.0383407381522,936.0032348632812,2700
2025-02-19 00:00:00+09:00,928.0287299043389,931.0191554571993,927.0319213867188,927.0319213867188,800
2025-02-20 00:00:00+09:00,927.0319213867188,928.0287299043389,927.0319213867188,927.0319213867188,400
2025-02-21 00:00:00+09:00,926.0351128690986,927.0319213867188,926.0351128690986,927.0319213867188,400
2025-02-25 00:00:00+09:00,927.0319213867188,927.0319213867188,926.0351128690986,927.0319213867188,800
2025-02-26 00:00:00+09:00,925.0383382601351,928.028763922614,922.0479125976562,922.0479125976562,1200
2025-02-27 00:00:00+09:00,921.0510702809979,927.0319213867188,921.0510702809979,927.0319213867188,2800
2025-02-28 00:00:00+09:00,921.0511040434966,922.0479125976562,919.0574869351773,922.0479125976562,1800
2025-03-03 00:00:00+09:00,922.0479125976562,929.0255724767736,917.0638698268581,922.0479125976562,5800
2025-03-04 00:00:00+09:00,929.025554706524,929.025554706524,919.0574693555956,921.0510864257812,1200
2025-03-05 00:00:00+09:00,921.0511040434966,922.0479125976562,919.0574869351773,922.0479125976562,2200
2025-03-06 00:00:00+09:00,923.0447034959669,924.0415120310597,921.0510864257812,921.0510864257812,900
2025-03-07 00:00:00+09:00,924.0414958338583,928.0287299043389,921.0510702809979,927.0319213867188,3200
2025-03-10 00:00:00+09:00,927.0319390220109,928.0287475585938,926.0351304854281,928.0287475585938,700
2025-03-11 00:00:00+09:00,925.038330078125,929.0255642594963,924.0415215327822,925.038330078125,3400
2025-03-12 00:00:00+09:00,929.025538421959,929.025538421959,922.0478787986181,927.0319213867188,1300
2025-03-13 00:00:00+09:00,927.0319471688107,929.0255642594963,925.038330078125,925.038330078125,1500
2025-03-14 00:00:00+09:00,928.0287557141535,928.0287557141535,925.038330078125,925.038330078125,1500
2025-03-17 00:00:00+09:00,925.0382947489201,925.0382947489201,923.044677734375,923.044677734375,3400
2025-03-18 00:00:00+09:00,924.0415215327822,926.0351386234679,922.0479044420966,925.038330078125,3400
2025-03-19 00:00:00+09:00,925.0383043514785,927.0319213867188,924.0414958338583,927.0319213867188,4200
2025-03-21 00:00:00+09:00,927.0319213867188,929.025538421959,926.0351128690986,927.0319213867188,4500
2025-03-24 00:00:00+09:00,927.0319578518121,936.0032348632812,927.0319578518121,936.0032348632812,7200
2025-03-25 00:00:00+09:00,937.0000257675073,937.9968343055579,928.0287489250525,935.0064086914062,6100
2025-03-26 00:00:00+09:00,935.0064005836545,937.996826171875,929.0255494072131,937.996826171875,5500
2025-03-27 00:00:00+09:00,943.9776595744681,943.9776595744681,930.022340425532,937.0,13600
2025-03-28 00:00:00+09:00,903.0,906.0,896.0,896.0,18100
2025-03-31 00:00:00+09:00,895.0,899.0,895.0,899.0,4800
2025-04-01 00:00:00+09:00,914.0,914.0,901.0,901.0,1600
2025-04-02 00:00:00+09:00,901.0,901.0,893.0,893.0,3100
2025-04-03 00:00:00+09:00,892.0,893.0,892.0,893.0,2000
2025-04-04 00:00:00+09:00,892.0,905.0,890.0,904.0,4300
2025-04-07 00:00:00+09:00,889.0,890.0,878.0,878.0,8600
2025-04-08 00:00:00+09:00,880.0,895.0,880.0,890.0,2700
2025-04-09 00:00:00+09:00,881.0,885.0,879.0,880.0,2000
2025-04-10 00:00:00+09:00,895.0,904.0,879.0,882.0,13800
2025-04-11 00:00:00+09:00,882.0,899.0,882.0,893.0,3100
2025-04-14 00:00:00+09:00,893.0,893.0,885.0,893.0,900
2025-04-15 00:00:00+09:00,890.0,898.0,890.0,891.0,1400
2025-04-16 00:00:00+09:00,892.0,950.0,892.0,903.0,47300
2025-04-17 00:00:00+09:00,903.0,918.0,903.0,912.0,3600
2025-04-18 00:00:00+09:00,912.0,927.0,904.0,912.0,3400
2025-04-21 00:00:00+09:00,910.0,911.0,910.0,911.0,1900
2025-04-22 00:00:00+09:00,902.0,906.0,902.0,905.0,1600
2025-04-23 00:00:00+09:00,905.0,912.0,905.0,912.0,300
2025-04-24 00:00:00+09:00,912.0,1062.0,894.0,902.0,210900
2025-04-25 00:00:00+09:00,901.0,906.0,899.0,903.0,3400
2025-04-28 00:00:00+09:00,903.0,906.0,900.0,900.0,4500
2025-04-30 00:00:00+09:00,900.0,908.0,900.0,902.0,2600
2025-05-01 00:00:00+09:00,902.0,902.0,901.0,901.0,1100
2025-05-02 00:00:00+09:00,902.0,903.0,901.0,901.0,500
2025-05-07 00:00:00+09:00,901.0,903.0,899.0,900.0,3900
2025-05-08 00:00:00+09:00,900.0,902.0,899.0,899.0,1900
2025-05-09 00:00:00+09:00,900.0,915.0,900.0,906.0,4400
2025-05-12 00:00:00+09:00,913.0,913.0,903.0,903.0,3900
2025-05-13 00:00:00+09:00,903.0,903.0,903.0,903.0,200
2025-05-14 00:00:00+09:00,903.0,903.0,902.0,902.0,300
2025-05-15 00:00:00+09:00,901.0,908.0,899.0,908.0,2100
2025-05-16 00:00:00+09:00,909.0,909.0,908.0,908.0,400
2025-05-19 00:00:00+09:00,906.0,906.0,905.0,906.0,900
2025-05-20 00:00:00+09:00,906.0,906.0,900.0,902.0,1400
2025-05-21 00:00:00+09:00,901.0,902.0,900.0,902.0,1500
2025-05-22 00:00:00+09:00,902.0,902.0,900.0,900.0,1100
2025-05-23 00:00:00+09:00,899.0,900.0,899.0,900.0,1700
2025-05-26 00:00:00+09:00,898.0,901.0,897.0,901.0,3000
2025-05-27 00:00:00+09:00,901.0,902.0,900.0,900.0,400
2025-05-28 00:00:00+09:00,898.0,899.0,897.0,898.0,1100
2025-05-29 00:00:00+09:00,899.0,899.0,899.0,899.0,300
2025-05-30 00:00:00+09:00,899.0,899.0,898.0,898.0,500
2025-06-02 00:00:00+09:00,898.0,899.0,896.0,898.0,2000
2025-06-03 00:00:00+09:00,898.0,898.0,898.0,898.0,400
2025-06-04 00:00:00+09:00,898.0,900.0,897.0,900.0,1700
2025-06-05 00:00:00+09:00,900.0,902.0,900.0,902.0,700
2025-06-06 00:00:00+09:00,901.0,901.0,897.0,900.0,300
2025-06-09 00:00:00+09:00,900.0,900.0,900.0,900.0,500
2025-06-10 00:00:00+09:00,900.0,900.0,900.0,900.0,300
2025-06-11 00:00:00+09:00,901.0,901.0,897.0,900.0,3200
2025-06-12 00:00:00+09:00,900.0,900.0,898.0,900.0,700
2025-06-13 00:00:00+09:00,898.0,899.0,897.0,899.0,700
2025-06-16 00:00:00+09:00,897.0,898.0,896.0,898.0,1800
2025-06-17 00:00:00+09:00,900.0,900.0,899.0,899.0,1400
2025-06-18 00:00:00+09:00,899.0,900.0,897.0,900.0,1000
2025-06-19 00:00:00+09:00,897.0,899.0,897.0,899.0,800
2025-06-20 00:00:00+09:00,897.0,900.0,897.0,898.0,2400
2025-06-23 00:00:00+09:00,899.0,899.0,898.0,898.0,1000
2025-06-24 00:00:00+09:00,899.0,899.0,897.0,897.0,300
2025-06-25 00:00:00+09:00,898.0,899.0,896.0,899.0,2700
2025-06-26 00:00:00+09:00,899.0,899.0,896.0,899.0,2800
2025-06-27 00:00:00+09:00,895.0,899.0,893.0,899.0,1000
2025-06-30 00:00:00+09:00,900.0,902.0,895.0,895.0,4200
2025-07-01 00:00:00+09:00,898.0,900.0,897.0,897.0,1000
2025-07-02 00:00:00+09:00,896.0,900.0,895.0,897.0,2300
2025-07-03 00:00:00+09:00,901.0,902.0,900.0,902.0,1200
2025-07-04 00:00:00+09:00,900.0,901.0,900.0,900.0,1100
2025-07-07 00:00:00+09:00,900.0,900.0,896.0,896.0,2600
2025-07-08 00:00:00+09:00,896.0,898.0,896.0,898.0,1100
2025-07-09 00:00:00+09:00,898.0,898.0,896.0,896.0,1800
2025-07-10 00:00:00+09:00,898.0,898.0,896.0,898.0,700
2025-07-11 00:00:00+09:00,899.0,902.0,899.0,899.0,3400
2025-07-14 00:00:00+09:00,895.0,897.0,895.0,895.0,3200
2025-07-15 00:00:00+09:00,895.0,902.0,895.0,901.0,2700
2025-07-16 00:00:00+09:00,899.0,900.0,899.0,900.0,1800
2025-07-17 00:00:00+09:00,901.0,901.0,899.0,900.0,700
2025-07-18 00:00:00+09:00,897.0,904.0,897.0,904.0,1700
2025-07-22 00:00:00+09:00,900.0,901.0,897.0,898.0,1700
2025-07-23 00:00:00+09:00,898.0,900.0,898.0,898.0,600
2025-07-24 00:00:00+09:00,901.0,902.0,898.0,901.0,800
2025-07-25 00:00:00+09:00,901.0,901.0,899.0,900.0,900
2025-07-28 00:00:00+09:00,900.0,900.0,899.0,899.0,1800
2025-07-29 00:00:00+09:00,899.0,903.0,899.0,903.0,900
2025-07-30 00:00:00+09:00,903.0,903.0,898.0,900.0,2200
2025-07-31 00:00:00+09:00,900.0,904.0,899.0,900.0,1200
2025-08-01 00:00:00+09:00,908.0,912.0,900.0,904.0,8100
2025-08-04 00:00:00+09:00,949.0,953.0,909.0,910.0,37900
2025-08-05 00:00:00+09:00,913.0,917.0,910.0,915.0,7900
2025-08-06 00:00:00+09:00,915.0,931.0,911.0,912.0,7300
2025-08-07 00:00:00+09:00,918.0,920.0,913.0,918.0,2400
2025-08-08 00:00:00+09:00,918.0,928.0,916.0,916.0,1300
2025-08-12 00:00:00+09:00,916.0,918.0,908.0,911.0,7800
2025-08-13 00:00:00+09:00,911.0,915.0,911.0,913.0,2900
2025-08-14 00:00:00+09:00,911.0,911.0,908.0,911.0,2200
2025-08-15 00:00:00+09:00,911.0,913.0,911.0,913.0,1100
2025-08-18 00:00:00+09:00,914.0,918.0,910.0,912.0,3200
2025-08-19 00:00:00+09:00,913.0,915.0,912.0,912.0,1900
2025-08-20 00:00:00+09:00,913.0,918.0,912.0,917.0,1400
2025-08-21 00:00:00+09:00,917.0,917.0,913.0,914.0,900
2025-08-22 00:00:00+09:00,918.0,921.0,912.0,915.0,4200
2025-08-25 00:00:00+09:00,915.0,924.0,915.0,924.0,2700
2025-08-26 00:00:00+09:00,931.0,931.0,913.0,926.0,4100
2025-08-27 00:00:00+09:00,931.0,931.0,916.0,927.0,2400
2025-08-28 00:00:00+09:00,927.0,927.0,919.0,919.0,1700
2025-08-29 00:00:00+09:00,919.0,920.0,919.0,919.0,800
2025-09-01 00:00:00+09:00,919.0,928.0,919.0,928.0,1900
2025-09-02 00:00:00+09:00,932.0,936.0,930.0,935.0,5600
2025-09-03 00:00:00+09:00,935.0,935.0,930.0,930.0,1900
2025-09-04 00:00:00+09:00,926.0,926.0,923.0,923.0,2000
2025-09-05 00:00:00+09:00,923.0,930.0,923.0,928.0,1700
2025-09-08 00:00:00+09:00,929.0,932.0,929.0,932.0,800
2025-09-09 00:00:00+09:00,932.0,934.0,927.0,927.0,2300
2025-09-10 00:00:00+09:00,929.0,934.0,929.0,930.0,1500
2025-09-11 00:00:00+09:00,930.0,931.0,922.0,928.0,2500
2025-09-12 00:00:00+09:00,930.0,930.0,927.0,927.0,1600
2025-09-16 00:00:00+09:00,938.0,942.0,930.0,942.0,5800
2025-09-17 00:00:00+09:00,930.0,945.0,929.0,940.0,4200
2025-09-18 00:00:00+09:00,936.0,945.0,936.0,942.0,1100
2025-09-19 00:00:00+09:00,945.0,959.0,944.0,959.0,5300
2025-09-22 00:00:00+09:00,951.0,959.0,927.0,928.0,5000
2025-09-24 00:00:00+09:00,929.0,940.0,929.0,933.0,6500
2025-09-25 00:00:00+09:00,943.0,943.0,940.0,940.0,2300
2025-09-26 00:00:00+09:00,940.0,945.0,938.0,945.0,800
2025-09-29 00:00:00+09:00,943.0,943.0,935.0,940.0,700
2025-09-30 00:00:00+09:00,940.0,940.0,930.0,930.0,1100
2025-10-01 00:00:00+09:00,930.0,930.0,910.0,915.0,3500
2025-10-02 00:00:00+09:00,913.0,931.0,912.0,926.0,1500
2025-10-03 00:00:00+09:00,921.0,930.0,915.0,928.0,2000
2025-10-06 00:00:00+09:00,923.0,933.0,923.0,930.0,3000
2025-10-07 00:00:00+09:00,930.0,933.0,930.0,933.0,500
2025-10-08 00:00:00+09:00,933.0,940.0,927.0,930.0,800
2025-10-09 00:00:00+09:00,930.0,932.0,930.0,930.0,1100
2025-10-10 00:00:00+09:00,928.0,928.0,927.0,927.0,1900
2025-10-14 00:00:00+09:00,918.0,922.0,917.0,920.0,3100
2025-10-15 00:00:00+09:00,918.0,918.0,917.0,918.0,2900
2025-10-16 00:00:00+09:00,916.0,917.0,913.0,915.0,6400
2025-10-17 00:00:00+09:00,913.0,913.0,910.0,912.0,4100
2025-10-20 00:00:00+09:00,913.0,917.0,913.0,915.0,2200
2025-10-21 00:00:00+09:00,912.0,921.0,912.0,921.0,3900
2025-10-22 00:00:00+09:00,919.0,920.0,917.0,917.0,2500
2025-10-23 00:00:00+09:00,920.0,924.0,920.0,920.0,1600
2025-10-24 00:00:00+09:00,925.0,925.0,915.0,920.0,1900
2025-10-27 00:00:00+09:00,918.0,921.0,918.0,921.0,4900
2025-10-28 00:00:00+09:00,923.0,925.0,920.0,925.0,2500
2025-10-29 00:00:00+09:00,922.0,930.0,922.0,930.0,4500
2025-10-30 00:00:00+09:00,927.0,929.0,925.0,925.0,1100
2025-10-31 00:00:00+09:00,929.0,931.0,927.0,928.0,4100
2025-11-04 00:00:00+09:00,928.0,942.0,928.0,941.0,6100
2025-11-05 00:00:00+09:00,946.0,946.0,931.0,937.0,2500
2025-11-06 00:00:00+09:00,935.0,940.0,930.0,931.0,2700
2025-11-07 00:00:00+09:00,939.0,939.0,936.0,936.0,500
2025-11-10 00:00:00+09:00,936.0,936.0,936.0,936.0,100
2025-11-11 00:00:00+09:00,936.0,936.0,931.0,931.0,500
2025-11-12 00:00:00+09:00,931.0,936.0,929.0,929.0,2300
2025-11-13 00:00:00+09:00,927.0,935.0,927.0,931.0,1700
2025-11-14 00:00:00+09:00,932.0,933.0,927.0,933.0,1600
2025-11-17 00:00:00+09:00,932.0,932.0,925.0,925.0,2500
2025-11-18 00:00:00+09:00,925.0,928.0,922.0,928.0,1300
2025-11-19 00:00:00+09:00,928.0,928.0,928.0,928.0,300
2025-11-20 00:00:00+09:00,927.0,928.0,918.0,928.0,5600
2025-11-21 00:00:00+09:00,924.0,925.0,923.0,925.0,400
2025-11-25 00:00:00+09:00,927.0,928.0,927.0,928.0,800
2025-11-26 00:00:00+09:00,929.0,930.0,927.0,930.0,2000
2025-11-27 00:00:00+09:00,933.0,933.0,933.0,933.0,2300
2025-11-28 00:00:00+09:00,931.0,940.0,930.0,940.0,3500
2025-12-01 00:00:00+09:00,942.0,948.0,939.0,946.0,2800
2025-12-02 00:00:00+09:00,950.0,950.0,946.0,950.0,3800
2025-12-03 00:00:00+09:00,945.0,945.0,940.0,941.0,2200
2025-12-04 00:00:00+09:00,941.0,943.0,941.0,943.0,1500
2025-12-05 00:00:00+09:00,943.0,945.0,943.0,943.0,600
2025-12-08 00:00:00+09:00,950.0,950.0,943.0,943.0,2200
2025-12-09 00:00:00+09:00,949.0,949.0,940.0,940.0,1500
2025-12-10 00:00:00+09:00,947.0,947.0,942.0,942.0,800
2025-12-11 00:00:00+09:00,948.0,950.0,944.0,944.0,1800
2025-12-12 00:00:00+09:00,942.0,943.0,939.0,943.0,1500
2025-12-15 00:00:00+09:00,938.0,942.0,931.0,931.0,5800
2025-12-16 00:00:00+09:00,931.0,935.0,931.0,935.0,1000
2025-12-17 00:00:00+09:00,938.0,938.0,909.0,929.0,24500
2025-12-18 00:00:00+09:00,930.0,930.0,917.0,923.0,5500
2025-12-19 00:00:00+09:00,923.0,927.0,923.0,923.0,600
2025-12-22 00:00:00+09:00,932.0,932.0,923.0,923.0,4000
2025-12-23 00:00:00+09:00,931.0,931.0,925.0,927.0,3200
2025-12-24 00:00:00+09:00,930.0,930.0,926.0,927.0,1700
2025-12-25 00:00:00+09:00,933.0,933.0,926.0,927.0,1600
2025-12-26 00:00:00+09:00,924.0,931.0,924.0,927.0,5100
2025-12-29 00:00:00+09:00,933.0,935.0,927.0,935.0,6400
2025-12-30 00:00:00+09:00,930.0,948.0,928.0,932.0,5800
2026-01-05 00:00:00+09:00,935.0,947.0,935.0,940.0,4000
2026-01-06 00:00:00+09:00,944.0,947.0,940.0,942.0,2800
2026-01-07 00:00:00+09:00,945.0,945.0,935.0,939.0,2400
2026-01-08 00:00:00+09:00,947.0,947.0,942.0,945.0,3200
2026-01-09 00:00:00+09:00,944.0,948.0,943.0,948.0,2300
2026-01-13 00:00:00+09:00,948.0,949.0,945.0,945.0,6700
2026-01-14 00:00:00+09:00,945.0,945.0,944.0,945.0,1500
2026-01-15 00:00:00+09:00,950.0,950.0,946.0,946.0,1400
2026-01-16 00:00:00+09:00,952.0,952.0,945.0,945.0,1600
